unix_second,mean_cpu_power_mW,n_samples
1788272580,218.0,5
1788272581,250.2,4
1788272582,214.6,5
1788272583,690.4,5
1788272584,209.6,5
1788272585,156.6,5
1788272586,532.2,4
1788272587,212.8,5
1788272588,765.8,5
1788272589,289.4,5
1788272590,234.2,5
1788272591,245.2,5
1788272592,212.2,4
1788272593,346.4,5
1788272594,173.6,5
1788272595,366.4,5
1788272596,1751.6,5
1788272597,2739.2,5
1788272598,127.5,4
1788272599,197.4,5
1788272600,781.8,5
1788272601,218.8,5
1788272602,206.0,5
1788272603,291.6,5
1788272604,177.2,4
1788272605,2231.0,5
1788272606,3816.2,5
1788272607,4763.8,5
1788272608,5973.4,5
1788272609,5748.8,5
1788272610,5958.8,5
1788272611,5722.0,5
1788272612,5875.0,5
1788272613,5778.0,5
1788272614,5969.8,5
1788272615,5920.5,4
1788272616,5771.4,5
1788272617,6340.8,5
1788272618,5798.8,5
1788272619,5841.4,5
1788272620,5839.4,5
1788272621,5766.6,5
1788272622,5891.6,5
1788272623,5764.8,5
1788272624,5911.0,5
1788272625,5761.6,5
1788272626,6005.8,5
1788272627,7960.5,4
1788272628,8485.2,5
1788272629,6265.0,5
1788272630,5685.0,5
1788272631,5969.8,5
1788272632,5734.8,5
1788272633,5920.6,5
1788272634,5793.0,5
1788272635,5912.2,5
1788272636,5852.6,5
1788272637,5694.8,5
1788272638,5720.0,5
1788272639,6067.5,4
1788272640,5882.0,5
1788272641,5805.0,5
1788272642,5721.4,5
1788272643,5762.6,5
1788272644,5752.8,5
1788272645,5742.4,5
1788272646,5805.4,5
1788272647,5793.2,5
1788272648,5797.4,5
1788272649,7852.2,5
1788272650,6459.2,4
1788272651,6476.2,5
1788272652,6659.6,5
1788272653,6672.6,5
1788272654,6285.8,5
1788272655,6168.0,5
1788272656,6286.2,5
1788272657,6253.2,5
1788272658,7382.0,5
1788272659,8508.0,5
1788272660,6892.0,5
1788272661,5919.6,5
1788272662,5871.2,4
1788272663,6210.6,5
1788272664,5947.2,5
1788272665,5919.6,5
1788272666,5986.0,5
1788272667,6077.6,5
1788272668,6582.0,5
1788272669,5817.0,5
1788272670,5789.4,5
1788272671,5797.0,5
1788272672,5767.6,5
1788272673,5771.4,5
1788272674,5792.6,5
1788272675,5859.8,4
1788272676,5802.4,5
1788272677,6733.6,5
1788272678,5776.8,5
1788272679,5812.0,5
1788272680,5764.4,5
1788272681,5743.8,5
1788272682,5750.8,5
1788272683,5792.2,5
1788272684,5750.6,5
1788272685,5734.0,5
1788272686,5735.6,5
1788272687,5835.2,4
1788272688,5755.0,5
1788272689,5731.4,5
1788272690,5753.0,5
1788272691,5744.2,5
1788272692,5759.8,5
1788272693,5750.6,5
1788272694,5740.8,5
1788272695,5932.4,5
1788272696,5735.2,5
1788272697,5784.4,5
1788272698,5783.8,5
1788272699,5767.2,5
1788272700,5826.5,4
1788272701,7487.6,5
1788272702,19416.2,5
1788272703,19596.8,5
1788272704,19630.8,5
1788272705,19780.4,5
1788272706,19042.6,5
1788272707,18473.8,5
1788272708,18113.6,5
1788272709,3110.6,5
1788272710,85.5,4
1788272711,206.8,5
1788272712,53.0,5
1788272713,86.4,5
1788272714,64.6,5
1788272715,64.0,4
1788272716,53.8,5
1788272717,55.0,5
1788272718,46.6,5
1788272719,60.8,5
1788272720,51.0,5
1788272721,51.5,4
1788272722,56.6,5
1788272723,45.4,5
1788272724,48.2,5
1788272725,51.2,5
1788272726,60.2,4
1788272727,53.8,5
1788272728,47.8,5
1788272729,166.8,5
1788272730,54.6,5
1788272731,328.5,4
1788272732,169.6,5
1788272733,70.4,5
1788272734,64.0,5
1788272735,115.8,5
1788272736,68.2,4
1788272737,1296.4,5
1788272738,4529.4,5
1788272739,5110.6,5
1788272740,5103.4,5
1788272741,5131.0,5
1788272742,5098.2,5
1788272743,5176.6,5
1788272744,5131.4,5
1788272745,5104.8,5
1788272746,5246.2,5
1788272747,5140.8,5
1788272748,5124.0,4
1788272749,5116.0,5
1788272750,7601.0,5
1788272751,17869.4,5
1788272752,17636.0,5
1788272753,4710.6,5
1788272754,60.8,5
1788272755,48.2,5
1788272756,52.0,4
1788272757,52.8,5
1788272758,60.6,5
1788272759,55.4,5
1788272760,154.4,5
1788272761,55.5,4
1788272762,51.0,5
1788272763,49.2,5
1788272764,51.0,5
1788272765,50.2,5
1788272766,62.8,5
1788272767,44.5,4
1788272768,68.2,5
1788272769,49.8,5
1788272770,54.8,5
1788272771,44.0,5
1788272772,53.0,4
1788272773,67.6,5
1788272774,46.0,5
1788272775,53.6,5
1788272776,89.2,5
1788272777,64.2,4
1788272778,60.0,5
1788272779,468.8,5
1788272780,57.4,5
1788272781,80.6,5
1788272782,52.0,4
1788272783,61.6,5
1788272784,53.0,5
1788272785,153.4,5
1788272786,51.8,5
1788272787,50.8,5
1788272788,53.0,4
1788272789,45.6,5
1788272790,63.2,5
1788272791,68.2,5
1788272792,49.2,5
1788272793,47.5,4
1788272794,55.0,5
1788272795,41.4,5
1788272796,54.6,5
1788272797,48.8,5
1788272798,58.0,5
1788272799,51.2,4
1788272800,48.2,5
1788272801,109.4,5
1788272802,50.0,5
1788272803,39.2,5
1788272804,413.5,4
1788272805,103.8,5
1788272806,80.0,5
1788272807,53.0,5
1788272808,49.8,5
1788272809,43.0,4
1788272810,163.6,5
1788272811,41.2,5
1788272812,2816.2,5
1788272813,5197.6,5
1788272814,5045.0,5
1788272815,5077.0,5
1788272816,5066.2,5
1788272817,5097.0,4
1788272818,5143.8,5
1788272819,5140.6,5
1788272820,5154.8,5
1788272821,5284.4,5
1788272822,5231.2,5
1788272823,5157.8,5
1788272824,5154.8,5
1788272825,5151.0,5
1788272826,5161.4,5
1788272827,5158.8,5
1788272828,5169.8,5
1788272829,5158.8,5
1788272830,5168.8,4
1788272831,5163.0,5
1788272832,5175.4,5
1788272833,5173.2,5
1788272834,5175.0,5
1788272835,5171.4,5
1788272836,5169.8,5
1788272837,5135.8,5
1788272838,5105.2,5
1788272839,5091.4,5
1788272840,5102.4,5
1788272841,5120.6,5
1788272842,5116.8,5
1788272843,5116.8,4
1788272844,5090.0,5
1788272845,5114.0,5
1788272846,5099.4,5
1788272847,5248.8,5
1788272848,5101.4,5
1788272849,5103.2,5
1788272850,5135.6,5
1788272851,5084.0,5
1788272852,5094.6,5
1788272853,5093.6,5
1788272854,5096.4,5
1788272855,5099.8,4
1788272856,5120.2,5
1788272857,5110.2,5
1788272858,5104.0,5
1788272859,6173.8,5
1788272860,18404.2,5
1788272861,18627.4,5
1788272862,18791.2,5
1788272863,18841.8,5
1788272864,18898.4,5
1788272865,18967.2,5
1788272866,19034.2,5
1788272867,19075.2,5
1788272868,19127.5,4
1788272869,19179.6,5
1788272870,19237.8,5
1788272871,19295.2,5
1788272872,19274.4,5
1788272873,18910.8,5
1788272874,18622.8,5
1788272875,18500.0,5
1788272876,18267.0,5
1788272877,18063.4,5
1788272878,18061.6,5
1788272879,17784.6,5
1788272880,17969.0,5
1788272881,17900.6,5
1788272882,17757.8,4
1788272883,17638.2,5
1788272884,17534.8,5
1788272885,17405.4,5
1788272886,17322.8,5
1788272887,17152.4,5
1788272888,17057.0,5
1788272889,17000.2,5
1788272890,16928.2,5
1788272891,16834.6,5
1788272892,16762.0,5
1788272893,16668.4,5
1788272894,16657.5,4
1788272895,16625.8,5
1788272896,16566.0,5
1788272897,16489.2,5
1788272898,16466.8,5
1788272899,16394.4,5
1788272900,16372.8,5
1788272901,2417.6,5
1788272902,79.2,5
1788272903,59.5,4
1788272904,48.8,5
1788272905,157.0,5
1788272906,55.8,5
1788272907,50.8,5
1788272908,64.2,4
1788272909,50.4,5
1788272910,89.0,5
1788272911,55.0,5
1788272912,66.2,5
1788272913,50.5,4
1788272914,58.4,5
1788272915,122.0,5
1788272916,63.8,5
1788272917,1068.6,5
1788272918,5085.4,5
1788272919,5423.2,4
1788272920,5645.4,5
1788272921,5128.2,5
1788272922,5138.4,5
1788272923,5232.2,5
1788272924,5214.8,5
1788272925,5205.4,5
1788272926,5303.4,5
1788272927,5264.2,5
1788272928,5224.0,5
1788272929,5220.6,5
1788272930,5224.6,5
1788272931,5211.2,5
1788272932,5224.0,4
1788272933,5204.0,5
1788272934,5198.2,5
1788272935,5224.6,5
1788272936,5217.4,5
1788272937,5212.2,5
1788272938,5204.6,5
1788272939,5205.0,5
1788272940,5246.8,5
1788272941,5196.4,5
1788272942,5319.4,5
1788272943,5134.4,5
1788272944,5133.2,4
1788272945,5129.0,5
1788272946,5151.6,5
1788272947,5167.0,5
1788272948,5613.0,5
1788272949,5142.0,5
1788272950,5143.0,5
1788272951,5138.4,5
1788272952,5128.0,5
1788272953,5122.6,5
1788272954,5139.2,5
1788272955,5138.0,5
1788272956,5954.4,5
1788272957,5148.8,4
1788272958,5179.6,5
1788272959,5129.0,5
1788272960,5129.4,5
1788272961,5141.2,5
1788272962,5129.2,5
1788272963,5140.0,5
1788272964,5133.2,5
1788272965,10658.2,5
1788272966,18684.4,5
1788272967,18874.0,5
1788272968,19082.8,5
1788272969,19107.2,4
1788272970,19284.8,5
1788272971,19174.4,5
1788272972,19255.8,5
1788272973,19075.2,5
1788272974,18497.6,5
1788272975,18229.2,5
1788272976,17844.8,5
1788272977,17719.2,5
1788272978,17378.0,5
1788272979,17308.5,4
1788272980,17195.2,5
1788272981,17000.8,5
1788272982,16824.2,5
1788272983,16793.6,5
1788272984,16670.0,5
1788272985,16630.2,5
1788272986,16766.8,5
1788272987,16678.4,5
1788272988,16592.4,5
1788272989,16398.2,4
1788272990,16446.2,5
1788272991,16381.2,5
1788272992,16247.8,5
1788272993,16248.6,5
1788272994,16184.8,5
1788272995,16125.4,5
1788272996,16002.0,5
1788272997,15999.0,5
1788272998,15995.2,5
1788272999,15924.2,4
1788273000,15889.8,5
1788273001,15903.0,5
1788273002,15708.4,5
1788273003,15690.4,5
1788273004,15683.6,5
1788273005,15667.2,5
1788273006,15630.6,5
1788273007,2583.4,5
1788273008,52.2,4
1788273009,107.8,5
1788273010,58.2,5
1788273011,46.0,5
1788273012,46.0,5
1788273013,56.0,4
1788273014,46.0,5
1788273015,57.0,5
1788273016,44.0,5
1788273017,37.0,4
1788273018,82.6,5
1788273019,67.2,5
1788273020,64.0,5
1788273021,57.4,5
1788273022,50.2,4
1788273023,55.6,5
1788273024,59.2,5
1788273025,190.2,5
1788273026,185.4,5
1788273027,48.0,4
1788273028,1035.6,5
1788273029,3470.0,5
1788273030,2545.6,5
1788273031,96.2,5
1788273032,46.8,4
1788273033,53.6,5
1788273034,70.2,5
1788273035,49.6,5
1788273036,82.2,5
1788273037,70.2,4
1788273038,67.6,5
1788273039,72.2,5
1788273040,131.4,5
1788273041,49.2,4
1788273042,1029.2,5
1788273043,72.6,5
1788273044,84.6,5
1788273045,47.2,5
1788273046,56.0,4
1788273047,46.6,5
1788273048,48.8,5
1788273049,44.0,5
1788273050,49.6,5
1788273051,43.2,4
1788273052,47.8,5
1788273053,51.4,5
1788273054,57.6,5
1788273055,57.4,5
1788273056,47.5,4
1788273057,48.0,5
1788273058,65.4,5
1788273059,47.0,5
1788273060,57.5,4
1788273061,68.0,5
1788273062,85.2,5
1788273063,48.0,5
1788273064,47.8,5
1788273065,39.5,4
1788273066,56.2,5
1788273067,58.0,5
1788273068,50.0,5
1788273069,48.0,4
1788273070,58.4,5
1788273071,62.0,5
1788273072,55.2,5
1788273073,89.6,5
1788273074,45.5,4
1788273075,47.8,5
1788273076,52.4,5
1788273077,59.4,5
1788273078,60.4,5
1788273079,78.8,4
1788273080,45.8,5
1788273081,58.8,5
1788273082,95.6,5
1788273083,51.2,4
1788273084,54.8,5
1788273085,75.6,5
1788273086,62.4,5
1788273087,55.8,5
1788273088,43.5,4
1788273089,44.6,5
1788273090,51.6,5
1788273091,53.8,5
1788273092,79.4,5
1788273093,47.8,4
1788273094,49.8,5
1788273095,57.6,5
1788273096,59.2,5
1788273097,38.0,4
1788273098,48.4,5
1788273099,41.0,5
1788273100,49.0,5
1788273101,62.5,4
1788273102,50.8,5
1788273103,42.4,5
1788273104,46.0,5
1788273105,52.2,5
1788273106,39.5,4
1788273107,49.2,5
1788273108,51.0,5
1788273109,49.0,5
1788273110,69.0,5
1788273111,55.2,4
1788273112,39.4,5
1788273113,42.0,5
1788273114,39.2,5
1788273115,40.8,4
1788273116,53.0,5
1788273117,43.0,5
1788273118,50.4,5
1788273119,42.8,5
1788273120,51.0,4
1788273121,49.6,5
1788273122,42.4,5
1788273123,40.0,5
1788273124,50.6,5
1788273125,51.8,4
1788273126,56.8,5
1788273127,43.2,5
1788273128,41.0,5
1788273129,80.5,4
1788273130,52.6,5
1788273131,58.8,5
1788273132,43.8,5
1788273133,55.0,5
1788273134,46.5,4
1788273135,46.6,5
1788273136,43.0,5
1788273137,46.6,5
1788273138,52.5,4
1788273139,38.4,5
1788273140,49.8,5
1788273141,49.0,5
1788273142,39.2,5
1788273143,46.2,4
1788273144,42.0,5
1788273145,45.6,5
1788273146,159.0,5
1788273147,42.2,5
1788273148,52.5,4
1788273149,45.8,5
1788273150,43.0,5
1788273151,51.6,5
1788273152,50.0,4
1788273153,46.8,5
1788273154,47.8,5
1788273155,39.4,5
1788273156,51.6,5
1788273157,51.2,4
1788273158,42.6,5
1788273159,48.6,5
1788273160,47.8,5
1788273161,50.2,4
1788273162,40.0,5
1788273163,44.0,5
1788273164,51.6,5
1788273165,41.0,5
1788273166,48.0,4
1788273167,43.0,5
1788273168,44.0,5
1788273169,40.2,5
1788273170,43.0,4
1788273171,48.6,5
1788273172,48.0,5
1788273173,41.0,5
1788273174,48.8,5
1788273175,40.2,4
1788273176,41.8,5
1788273177,45.2,5
1788273178,49.0,5
1788273179,44.2,4
1788273180,63.6,5
1788273181,48.8,5
1788273182,38.6,5
1788273183,45.2,5
1788273184,40.2,4
1788273185,41.2,5
1788273186,54.4,5
1788273187,39.0,5
1788273188,171.2,4
1788273189,1733.4,5
1788273190,181.2,5
1788273191,120.0,5
1788273192,51.8,5
1788273193,39.8,4
1788273194,39.2,5
1788273195,43.0,5
1788273196,48.6,5
1788273197,44.8,5
1788273198,41.8,4
1788273199,43.8,5
1788273200,43.2,5
1788273201,48.6,5
1788273202,40.5,4
1788273203,40.2,5
1788273204,43.0,5
1788273205,41.2,5
1788273206,52.0,5
1788273207,38.5,4
1788273208,45.8,5
1788273209,40.0,5
1788273210,39.2,5
1788273211,54.8,4
1788273212,43.4,5
1788273213,39.2,5
1788273214,36.2,5
1788273215,42.0,5
1788273216,64.8,4
1788273217,40.2,5
1788273218,42.2,5
1788273219,42.8,5
1788273220,44.2,5
1788273221,48.2,4
1788273222,37.4,5
1788273223,39.2,5
1788273224,49.2,5
1788273225,40.2,4
1788273226,43.2,5
1788273227,49.0,5
1788273228,41.0,5
1788273229,36.2,5
1788273230,51.5,4
1788273231,44.2,5
1788273232,48.8,5
1788273233,47.6,5
1788273234,38.5,4
1788273235,46.0,5
1788273236,38.6,5
1788273237,42.8,5
1788273238,46.8,5
1788273239,66.8,4
1788273240,52.8,5
1788273241,55.6,5
1788273242,47.0,5
1788273243,50.0,5
1788273244,48.8,4
1788273245,60.4,5
1788273246,59.2,5
1788273247,41.0,5
1788273248,45.8,5
1788273249,45.2,4
1788273250,50.2,5
1788273251,65.4,5
1788273252,588.8,5
1788273253,906.8,5
1788273254,702.0,4
1788273255,202.0,5
1788273256,101.0,5
1788273257,222.0,5
1788273258,129.6,5
1788273259,105.5,4
1788273260,87.6,5
1788273261,98.2,5
1788273262,88.4,5
1788273263,87.0,5
1788273264,90.0,4
1788273265,94.0,5
1788273266,199.4,5
1788273267,90.4,5
1788273268,87.2,5
1788273269,67.0,4
1788273270,77.6,5
1788273271,78.8,5
1788273272,181.4,5
1788273273,134.2,5
1788273274,199.0,4
1788273275,163.0,5
1788273276,156.4,5
1788273277,153.8,5
1788273278,64.2,5
1788273279,150.8,4
1788273280,173.8,5
1788273281,148.4,5
1788273282,111.2,5
1788273283,70.0,5
1788273284,101.5,4
1788273285,66.0,5
1788273286,72.8,5
1788273287,155.2,5
1788273288,95.0,5
1788273289,190.8,4
1788273290,137.8,5
1788273291,98.0,5
1788273292,147.2,5
1788273293,121.8,5
1788273294,80.0,4
1788273295,141.2,5
1788273296,142.0,5
1788273297,136.8,5
1788273298,169.4,5
1788273299,163.2,4
1788273300,147.6,5
1788273301,69.0,5
1788273302,70.0,5
1788273303,176.2,5
1788273304,116.5,4
1788273305,135.4,5
1788273306,184.8,5
1788273307,80.6,5
1788273308,85.0,5
1788273309,95.0,4
1788273310,129.2,5
1788273311,110.0,5
1788273312,95.8,5
1788273313,98.8,5
1788273314,94.8,4
1788273315,129.6,5
1788273316,96.4,5
1788273317,97.8,5
1788273318,89.6,5
1788273319,87.5,4
1788273320,77.8,5
1788273321,80.6,5
1788273322,75.0,5
1788273323,78.8,5
1788273324,68.2,4
1788273325,1064.0,5
1788273326,1091.0,5
1788273327,746.0,5
1788273328,243.4,5
1788273329,98.4,5
1788273330,174.2,4
1788273331,5175.2,5
1788273332,5040.2,5
1788273333,163.0,5
1788273334,148.2,5
1788273335,119.4,5
1788273336,134.0,4
1788273337,159.4,5
1788273338,154.2,5
1788273339,110.2,5
1788273340,127.8,5
1788273341,133.2,5
1788273342,716.2,4
1788273343,123.6,5
1788273344,130.8,5
1788273345,125.0,5
1788273346,166.0,5
1788273347,605.2,4
1788273348,148.4,5
1788273349,117.4,5
1788273350,700.4,5
1788273351,199.6,5
1788273352,152.8,4
1788273353,157.8,5
1788273354,174.8,5
1788273355,165.2,5
1788273356,256.8,5
1788273357,2326.2,5
1788273358,4784.0,4
1788273359,1403.6,5
1788273360,107.6,5
1788273361,191.6,5
1788273362,236.8,5
1788273363,167.8,5
1788273364,351.5,4
1788273365,129.2,5
1788273366,1182.4,5
1788273367,4433.6,5
1788273368,5111.4,5
1788273369,5900.2,5
1788273370,5661.4,5
1788273371,5848.6,5
1788273372,5639.6,5
1788273373,5882.2,5
1788273374,5721.0,4
1788273375,5778.4,5
1788273376,5899.4,5
1788273377,5673.6,5
1788273378,5896.6,5
1788273379,5676.0,5
1788273380,5891.6,5
1788273381,5634.0,5
1788273382,5939.6,5
1788273383,5646.2,5
1788273384,5879.6,5
1788273385,5700.2,5
1788273386,5769.0,4
1788273387,6112.4,5
1788273388,5634.6,5
1788273389,9025.2,5
1788273390,6721.2,5
1788273391,5899.2,5
1788273392,5758.6,5
1788273393,5854.2,5
1788273394,5786.2,5
1788273395,5888.4,5
1788273396,5948.8,5
1788273397,5953.6,5
1788273398,5875.8,5
1788273399,5867.0,4
1788273400,5880.2,5
1788273401,5796.0,5
1788273402,5984.0,5
1788273403,5888.8,5
1788273404,5728.0,5
1788273405,6441.8,5
1788273406,6140.2,5
1788273407,5696.4,5
1788273408,5695.4,5
1788273409,5706.6,5
1788273410,5678.2,4
1788273411,5674.2,5
1788273412,5695.4,5
1788273413,5676.6,5
1788273414,5710.4,5
1788273415,5684.0,5
1788273416,5675.2,5
1788273417,5690.6,5
1788273418,5797.6,5
1788273419,7133.6,5
1788273420,8731.4,5
1788273421,5902.5,4
1788273422,5834.6,5
1788273423,6172.0,5
1788273424,5838.6,5
1788273425,5913.6,5
1788273426,5894.0,5
1788273427,5827.2,5
1788273428,5891.8,5
1788273429,5960.8,5
1788273430,5838.0,5
1788273431,6112.4,5
1788273432,5937.2,5
1788273433,6312.6,5
1788273434,4698.2,4
1788273435,864.6,5
1788273436,791.2,5
1788273437,523.8,5
1788273438,2081.8,5
1788273439,687.6,5
1788273440,822.0,4
1788273441,1910.6,5
1788273442,1689.6,5
1788273443,1724.2,5
1788273444,1005.6,5
1788273445,1568.0,5
1788273446,384.2,4
1788273447,170.0,5
1788273448,196.6,5
1788273449,98.0,5
1788273450,100.8,5
1788273451,87.8,4
1788273452,243.0,5
1788273453,792.6,5
1788273454,4755.4,5
1788273455,778.6,5
1788273456,260.2,5
1788273457,352.8,5
1788273458,248.0,4
1788273459,1178.8,5
1788273460,205.2,5
1788273461,98.4,5
1788273462,103.6,5
1788273463,124.2,4
1788273464,373.0,5
1788273465,213.6,5
1788273466,211.0,5
1788273467,163.0,5
1788273468,169.4,5
1788273469,298.8,4
1788273470,139.4,5
1788273471,1542.0,5
1788273472,4529.8,5
1788273473,5260.8,5
1788273474,5794.2,5
1788273475,5754.8,5
1788273476,5779.0,5
1788273477,5698.5,4
1788273478,5837.4,5
1788273479,5731.2,5
1788273480,5990.2,5
1788273481,5807.4,5
1788273482,5794.8,5
1788273483,5807.2,5
1788273484,6929.6,5
1788273485,8172.2,5
1788273486,7665.0,5
1788273487,5919.6,5
1788273488,5761.4,5
1788273489,5897.4,5
1788273490,5958.5,4
1788273491,5690.4,5
1788273492,5968.0,5
1788273493,5662.0,5
1788273494,5990.4,5
1788273495,5755.2,5
1788273496,5883.2,5
1788273497,5758.4,5
1788273498,5853.0,5
1788273499,5790.2,5
1788273500,5812.4,5
1788273501,5839.6,5
1788273502,5759.0,4
1788273503,6140.6,5
1788273504,5723.6,5
1788273505,5685.2,5
1788273506,5690.4,5
1788273507,5898.0,5
1788273508,5691.8,5
1788273509,5699.4,5
1788273510,5691.4,5
1788273511,5680.2,5
1788273512,5715.2,5
1788273513,5699.5,4
1788273514,5718.4,5
1788273515,5703.8,5
1788273516,8881.2,5
1788273517,6652.6,5
1788273518,5712.0,5
1788273519,5722.0,5
1788273520,5731.0,5
1788273521,5778.4,5
1788273522,5725.4,5
1788273523,5858.8,5
1788273524,5835.2,4
1788273525,5868.4,5
1788273526,5831.8,5
1788273527,5866.4,5
1788273528,5850.6,5
1788273529,5844.2,5
1788273530,5873.8,5
1788273531,5842.8,5
1788273532,5831.4,5
1788273533,5849.0,5
1788273534,5893.6,5
1788273535,5840.6,5
1788273536,5859.2,5
1788273537,5899.0,4
1788273538,5847.4,5
1788273539,5848.6,5
1788273540,5849.6,5
1788273541,5839.6,5
1788273542,5845.4,5
1788273543,5835.8,5
1788273544,5871.0,5
1788273545,6314.0,5
1788273546,7219.6,5
1788273547,6455.8,5
1788273548,5865.0,5
1788273549,5952.0,4
1788273550,5841.4,5
1788273551,5865.6,5
1788273552,5929.6,5
1788273553,5893.2,5
1788273554,5903.6,5
1788273555,5858.6,5
1788273556,5860.0,5
1788273557,5868.0,5
1788273558,5871.6,5
1788273559,5857.0,5
1788273560,5875.4,5
1788273561,5849.2,4
1788273562,5867.8,5
1788273563,5843.4,5
1788273564,5879.8,5
1788273565,5872.4,5
1788273566,5874.4,5
1788273567,5864.8,5
1788273568,5864.2,5
1788273569,5872.8,5
1788273570,5878.0,5
1788273571,5879.4,5
1788273572,5887.0,5
1788273573,5845.8,5
1788273574,5797.2,4
1788273575,5907.6,5
1788273576,5884.0,5
1788273577,17207.2,5
1788273578,18849.6,5
1788273579,19464.6,5
1788273580,18714.0,5
1788273581,17903.4,5
1788273582,17347.0,5
1788273583,16997.8,5
1788273584,16485.0,5
1788273585,16134.2,4
1788273586,15697.2,5
1788273587,15466.2,5
1788273588,15209.0,5
1788273589,14826.0,5
1788273590,14780.8,5
1788273591,14529.6,5
1788273592,14537.4,5
1788273593,14293.2,5
1788273594,14150.2,5
1788273595,14056.8,5
1788273596,14131.5,4
1788273597,14108.2,5
1788273598,14136.2,5
1788273599,14148.0,5
1788273600,14156.8,5
1788273601,14058.8,5
1788273602,14037.6,5
1788273603,14031.8,5
1788273604,14009.0,5
1788273605,13900.4,5
1788273606,13887.4,5
1788273607,13906.6,5
1788273608,13785.8,4
1788273609,14431.4,5
1788273610,13989.2,5
1788273611,13578.4,5
1788273612,13643.0,5
1788273613,13562.8,5
1788273614,13633.4,5
1788273615,13508.2,5
1788273616,13542.4,5
1788273617,13525.4,5
1788273618,13451.0,5
1788273619,13502.2,5
1788273620,13436.5,4
1788273621,13494.6,5
1788273622,13189.2,5
1788273623,7196.0,5
1788273624,7464.0,5
1788273625,7370.6,5
1788273626,7424.4,5
1788273627,7609.0,5
1788273628,7370.6,5
1788273629,7372.4,5
1788273630,7346.0,5
1788273631,7356.8,5
1788273632,7358.5,4
1788273633,7313.8,5
1788273634,7379.8,5
1788273635,6976.6,5
1788273636,6946.6,5
1788273637,6952.4,5
1788273638,6970.0,5
1788273639,8083.8,5
1788273640,7782.4,5
1788273641,7128.0,5
1788273642,7066.4,5
1788273643,6995.8,4
1788273644,6978.0,5
1788273645,6957.8,5
1788273646,6940.6,5
1788273647,7038.4,5
1788273648,7046.8,5
1788273649,7673.4,5
1788273650,6939.6,5
1788273651,7032.8,5
1788273652,7004.6,5
1788273653,7093.4,5
1788273654,7013.8,5
1788273655,7486.0,4
1788273656,7320.4,5
1788273657,7337.4,5
1788273658,7437.2,5
1788273659,7312.2,5
1788273660,7355.0,5
1788273661,7275.0,5
1788273662,7272.0,5
1788273663,7283.8,5
1788273664,7317.4,5
1788273665,7304.2,5
1788273666,7278.8,5
1788273667,7261.0,5
1788273668,7299.0,4
1788273669,7266.6,5
1788273670,7279.6,5
1788273671,7282.8,5
1788273672,7288.2,5
1788273673,7263.4,5
1788273674,7276.6,5
1788273675,7275.8,5
1788273676,7253.2,5
1788273677,7655.6,5
1788273678,7268.8,5
1788273679,7266.8,5
1788273680,7277.2,4
1788273681,7245.8,5
1788273682,7270.4,5
1788273683,17051.8,5
1788273684,20011.0,5
1788273685,18593.2,5
1788273686,17672.8,5
1788273687,17108.6,5
1788273688,16693.4,5
1788273689,16225.4,5
1788273690,16009.4,5
1788273691,15832.2,5
1788273692,15580.0,4
1788273693,15497.0,5
1788273694,15331.6,5
1788273695,15195.0,5
1788273696,15043.8,5
1788273697,14962.2,5
1788273698,14906.6,5
1788273699,14700.4,5
1788273700,14714.4,5
1788273701,14603.0,5
1788273702,14597.0,5
1788273703,14562.8,5
1788273704,14416.0,4
1788273705,14400.6,5
1788273706,14733.0,5
1788273707,14669.8,5
1788273708,14666.4,5
1788273709,14603.2,5
1788273710,14626.8,5
1788273711,14523.8,5
1788273712,14459.2,5
1788273713,14450.0,5
1788273714,14380.6,5
1788273715,14410.8,5
1788273716,14357.8,4
1788273717,14338.2,5
1788273718,14277.0,5
1788273719,14348.6,5
1788273720,14211.4,5
1788273721,14069.4,5
1788273722,13956.0,5
1788273723,13858.2,5
1788273724,13734.2,5
1788273725,13624.6,5
1788273726,13510.2,5
1788273727,13387.2,4
1788273728,13291.4,5
1788273729,13154.8,5
1788273730,12470.2,5
1788273731,8562.4,5
1788273732,8766.8,5
1788273733,8770.6,5
1788273734,8774.6,5
1788273735,8718.8,5
1788273736,8738.4,5
1788273737,8746.8,5
1788273738,8871.4,5
1788273739,8761.5,4
1788273740,8727.0,5
1788273741,8702.4,5
1788273742,8731.2,5
1788273743,8708.6,5
1788273744,8663.6,5
1788273745,8678.8,5
1788273746,8716.6,5
1788273747,9004.2,5
1788273748,8715.6,5
1788273749,8736.6,5
1788273750,8708.8,5
1788273751,8698.8,4
1788273752,8684.6,5
1788273753,8702.0,5
1788273754,8702.8,5
1788273755,8672.6,5
1788273756,8712.4,5
1788273757,8717.6,5
1788273758,8690.2,5
1788273759,8710.6,5
1788273760,8677.4,5
1788273761,8740.8,5
1788273762,8687.4,5
1788273763,8690.0,4
1788273764,8686.8,5
1788273765,8736.0,5
1788273766,8704.4,5
1788273767,8859.4,5
1788273768,10627.6,5
1788273769,13176.4,5
1788273770,15057.0,5
1788273771,10948.8,5
1788273772,15037.8,5
1788273773,14755.8,4
1788273774,13978.0,5
1788273775,13923.8,5
1788273776,11012.0,5
1788273777,10758.6,5
1788273778,10982.8,5
1788273779,13933.4,5
1788273780,17238.2,5
1788273781,15803.0,5
1788273782,15309.0,5
1788273783,14940.0,4
1788273784,14664.6,5
1788273785,13029.8,5
1788273786,11825.8,5
1788273787,10961.0,5
1788273788,9906.0,5
1788273789,9409.8,5
1788273790,8770.8,5
1788273791,8227.8,4
1788273792,7993.4,5
1788273793,7914.8,5
1788273794,7610.6,5
1788273795,6716.0,5
1788273796,6493.2,5
1788273797,6414.0,5
1788273798,6093.5,4
1788273799,5893.6,5
1788273800,5710.8,5
1788273801,5568.4,5
1788273802,5443.2,5
1788273803,5203.2,5
1788273804,5092.8,5
1788273805,4859.2,4
1788273806,4753.0,5
1788273807,4603.6,5
1788273808,4489.0,5
1788273809,4426.0,5
1788273810,4330.4,5
1788273811,4196.8,5
1788273812,4128.0,4
1788273813,4070.2,5
1788273814,3980.0,5
1788273815,3955.2,5
1788273816,3879.0,5
1788273817,3854.4,5
1788273818,3798.8,4
1788273819,3792.2,5
1788273820,3758.8,5
1788273821,3752.4,5
1788273822,3748.8,5
1788273823,3710.0,5
1788273824,3710.8,5
1788273825,3738.5,4
1788273826,3681.6,5
1788273827,3708.4,5
1788273828,3727.8,5
1788273829,3759.6,5
1788273830,3825.4,5
1788273831,3906.5,4
1788273832,3933.8,5
1788273833,3947.6,5
1788273834,4017.4,5
1788273835,4004.6,5
1788273836,3986.0,5
1788273837,4046.8,5
1788273838,4039.5,4
1788273839,4064.2,5
1788273840,4061.4,5
1788273841,4090.6,5
1788273842,4113.8,5
1788273843,4122.8,5
1788273844,4114.0,4
1788273845,4127.4,5
1788273846,4162.0,5
1788273847,4198.2,5
1788273848,4191.2,5
1788273849,4217.6,5
1788273850,4225.2,5
1788273851,4240.8,4
1788273852,4250.4,5
1788273853,4273.2,5
1788273854,3847.4,5
1788273855,3737.2,5
1788273856,3881.6,5
1788273857,4223.8,5
1788273858,4276.5,4
1788273859,4614.8,5
1788273860,4418.8,5
1788273861,4601.0,5
1788273862,4467.0,5
1788273863,4524.6,5
1788273864,4536.8,5
1788273865,4593.2,5
1788273866,4513.6,5
1788273867,4367.6,5
1788273868,4353.5,4
1788273869,4379.2,5
1788273870,4398.2,5
1788273871,4323.0,5
1788273872,4365.2,5
1788273873,4437.0,5
1788273874,4291.6,5
1788273875,4432.4,5
1788273876,4349.8,5
1788273877,4364.2,4
1788273878,4330.8,5
1788273879,4173.8,5
1788273880,4365.8,5
1788273881,4476.0,5
1788273882,4454.0,5
1788273883,4614.0,5
1788273884,4378.8,5
1788273885,4442.8,5
1788273886,4331.0,5
1788273887,4474.2,4
1788273888,4386.4,5
1788273889,4385.0,5
1788273890,4252.4,5
1788273891,4220.8,5
1788273892,4413.6,5
1788273893,4410.6,5
1788273894,4375.6,5
1788273895,4339.4,5
1788273896,4344.8,4
1788273897,4339.8,5
1788273898,4401.2,5
1788273899,4243.4,5
1788273900,4081.4,5
1788273901,4163.8,5
1788273902,3581.8,5
1788273903,4382.6,5
1788273904,4127.2,5
1788273905,4389.5,4
1788273906,4117.2,5
1788273907,4255.4,5
1788273908,4276.0,5
1788273909,4284.2,5
1788273910,4551.6,5
1788273911,4165.2,5
1788273912,4177.4,5
1788273913,4154.4,5
1788273914,4132.0,4
1788273915,3967.2,5
1788273916,4146.2,5
1788273917,4284.8,5
1788273918,4364.2,5
1788273919,4191.6,5
1788273920,4433.6,5
1788273921,4324.0,5
1788273922,4323.0,5
1788273923,4555.6,5
1788273924,4551.2,4
1788273925,4576.0,5
1788273926,4565.0,5
1788273927,4665.6,5
1788273928,4664.0,5
1788273929,4626.0,5
1788273930,4729.0,5
1788273931,4757.4,5
1788273932,4721.8,5
1788273933,4758.2,5
1788273934,4788.8,4
1788273935,4819.8,5
1788273936,4869.4,5
1788273937,4749.8,5
1788273938,4855.8,5
1788273939,4952.2,5
1788273940,5025.2,5
1788273941,4982.0,5
1788273942,5038.6,5
1788273943,5041.6,5
1788273944,5089.2,4
1788273945,5072.2,5
1788273946,5144.8,5
1788273947,5139.2,5
1788273948,5176.2,5
1788273949,5176.0,5
1788273950,5253.6,5
1788273951,5281.0,5
1788273952,5281.0,5
1788273953,5308.8,4
1788273954,5328.2,5
1788273955,5325.0,5
1788273956,5367.6,5
1788273957,5420.0,5
1788273958,5459.6,5
1788273959,5429.8,5
1788273960,5457.2,5
1788273961,5505.4,5
1788273962,5561.6,5
1788273963,5485.5,4
1788273964,5627.0,5
1788273965,5621.6,5
1788273966,5600.4,5
1788273967,5582.4,5
1788273968,5602.4,5
1788273969,5610.2,5
1788273970,5688.4,5
1788273971,7071.4,5
1788273972,6503.2,5
1788273973,5311.2,4
1788273974,5172.6,5
1788273975,5186.2,5
1788273976,5192.6,5
1788273977,5206.4,5
1788273978,5225.6,5
1788273979,5242.4,5
1788273980,5247.0,5
1788273981,5254.2,4
1788273982,5254.2,5
1788273983,5250.2,5
1788273984,5238.4,5
1788273985,5239.2,5
1788273986,5208.8,5
1788273987,5186.8,5
1788273988,5178.8,5
1788273989,5157.0,4
1788273990,5126.2,5
1788273991,5109.0,5
1788273992,5084.4,5
1788273993,5046.0,5
1788273994,5012.2,5
1788273995,4983.2,5
1788273996,4940.0,5
1788273997,4912.0,4
1788273998,4915.8,5
1788273999,4985.8,5
1788274000,5002.2,5
1788274001,5039.6,5
1788274002,5051.2,5
1788274003,5062.2,5
1788274004,5119.2,5
1788274005,4954.2,5
1788274006,5029.5,4
1788274007,5003.0,5
1788274008,5005.4,5
1788274009,4984.0,5
1788274010,4971.6,5
1788274011,4952.6,5
1788274012,4947.8,5
1788274013,4921.4,5
1788274014,4920.8,4
1788274015,4905.6,5
1788274016,4904.4,5
1788274017,4897.8,5
1788274018,4900.8,5
1788274019,4894.8,5
1788274020,4893.4,5
1788274021,4879.0,5
1788274022,4875.2,4
1788274023,4888.6,5
1788274024,4868.2,5
1788274025,4863.8,5
1788274026,4858.4,5
1788274027,4849.8,5
1788274028,4849.8,5
1788274029,4848.6,5
1788274030,3407.6,5
1788274031,4866.5,4
1788274032,5034.8,5
1788274033,4998.0,5
1788274034,4939.8,5
1788274035,5001.8,5
1788274036,4757.0,5
1788274037,4838.8,5
1788274038,4802.0,5
1788274039,4791.0,5
1788274040,4784.8,5
1788274041,4776.8,4
1788274042,4769.0,5
1788274043,4777.8,5
1788274044,4778.6,5
1788274045,4794.2,5
1788274046,4804.6,5
1788274047,4826.0,5
1788274048,4837.4,5
1788274049,4861.4,5
1788274050,4874.8,4
1788274051,4896.4,5
1788274052,4918.6,5
1788274053,4948.2,5
1788274054,4970.8,5
1788274055,4980.8,5
1788274056,5006.6,5
1788274057,5032.4,5
1788274058,5018.6,5
1788274059,5031.0,4
1788274060,5017.0,5
1788274061,5095.0,5
1788274062,5217.6,5
1788274063,5236.6,5
1788274064,5254.0,5
1788274065,5796.4,5
1788274066,5007.2,5
1788274067,5266.6,5
1788274068,5261.4,5
1788274069,5374.0,4
1788274070,5469.2,5
1788274071,5485.6,5
1788274072,5522.2,5
1788274073,5542.6,5
1788274074,5584.6,5
1788274075,5812.0,5
1788274076,5823.8,5
1788274077,4984.0,5
1788274078,5759.2,4
1788274079,5818.0,5
1788274080,5861.6,5
1788274081,5894.0,5
1788274082,6121.4,5
1788274083,6191.2,5
1788274084,6239.4,5
1788274085,6303.4,5
1788274086,6350.4,5
1788274087,6397.8,5
1788274088,6472.2,5
1788274089,6509.8,4
1788274090,6582.2,5
1788274091,6648.4,5
1788274092,6709.2,5
1788274093,8575.6,5
1788274094,6462.4,5
1788274095,6520.2,5
1788274096,6597.2,5
1788274097,6685.4,5
1788274098,6741.8,4
1788274099,6812.6,5
1788274100,6873.6,5
1788274101,6940.6,5
1788274102,6998.2,5
1788274103,7052.8,5
1788274104,7109.0,5
1788274105,7137.0,5
1788274106,7181.4,5
1788274107,7207.5,4
1788274108,7242.2,5
1788274109,7279.0,5
1788274110,7278.0,5
1788274111,7300.0,5
1788274112,7312.0,5
1788274113,7309.2,5
1788274114,7285.4,5
1788274115,7239.8,5
1788274116,7323.8,4
1788274117,7403.0,5
1788274118,7577.0,5
1788274119,7383.4,5
1788274120,7410.0,5
1788274121,7435.6,5
1788274122,7447.4,5
1788274123,7477.2,5
1788274124,7467.6,5
1788274125,7477.8,4
1788274126,7481.8,5
1788274127,7482.2,5
1788274128,7479.2,5
1788274129,7451.6,5
1788274130,7466.4,5
1788274131,7434.4,5
1788274132,7432.8,5
1788274133,7403.6,5
1788274134,7404.8,4
1788274135,7378.8,5
1788274136,7369.6,5
1788274137,7359.8,5
1788274138,7343.4,5
1788274139,7336.8,5
1788274140,7327.2,5
1788274141,7296.8,5
1788274142,7307.2,5
1788274143,6749.5,4
1788274144,5906.4,5
1788274145,7644.2,5
1788274146,7618.0,5
1788274147,7585.8,5
1788274148,7536.4,5
1788274149,7470.4,5
1788274150,7353.4,5
1788274151,7242.0,5
1788274152,7420.8,5
1788274153,6934.2,4
1788274154,6981.2,5
1788274155,6919.4,5
1788274156,6867.4,5
1788274157,6838.6,5
1788274158,6825.6,5
1788274159,6804.4,5
1788274160,6792.0,5
1788274161,6786.0,5
1788274162,6770.0,4
1788274163,6747.0,5
1788274164,6735.6,5
1788274165,6737.0,5
1788274166,6739.8,5
1788274167,6743.4,5
1788274168,6754.0,5
1788274169,6767.4,5
1788274170,6795.8,5
1788274171,6857.8,5
1788274172,6879.0,4
1788274173,7014.2,5
1788274174,7208.6,5
1788274175,7276.2,5
1788274176,7346.4,5
1788274177,7367.2,5
1788274178,7408.4,5
1788274179,7455.8,5
1788274180,7458.8,5
1788274181,7499.6,5
1788274182,8364.0,4
1788274183,6656.4,5
1788274184,7297.2,5
1788274185,7460.4,5
1788274186,7530.6,5
1788274187,7572.2,5
1788274188,7575.2,5
1788274189,7632.6,5
1788274190,7671.4,5
1788274191,7699.8,5
1788274192,7698.0,4
1788274193,7752.2,5
1788274194,9499.4,5
1788274195,7303.8,5
1788274196,7293.4,5
1788274197,7252.4,5
1788274198,7260.0,5
1788274199,7267.2,5
1788274200,7311.2,5
1788274201,7312.2,4
1788274202,7347.0,5
1788274203,7376.4,5
1788274204,7381.2,5
1788274205,7393.0,5
1788274206,7422.2,5
1788274207,7398.2,5
1788274208,7400.0,5
1788274209,7406.8,4
1788274210,7395.4,5
1788274211,7347.2,5
1788274212,7374.8,5
1788274213,7337.0,5
1788274214,7306.2,5
1788274215,7298.6,5
1788274216,7304.5,4
1788274217,7238.6,5
1788274218,7233.0,5
1788274219,7247.8,5
1788274220,7229.2,5
1788274221,7237.6,5
1788274222,7131.4,5
1788274223,7128.2,5
1788274224,7166.0,4
1788274225,7196.8,5
1788274226,7234.8,5
1788274227,7241.0,5
1788274228,7246.2,5
1788274229,7225.6,5
1788274230,7259.0,5
1788274231,7268.8,5
1788274232,7238.8,5
1788274233,7264.2,4
1788274234,7234.4,5
1788274235,7222.0,5
1788274236,7236.4,5
1788274237,7205.4,5
1788274238,7231.6,5
1788274239,7201.0,5
1788274240,7169.6,5
1788274241,7184.8,4
1788274242,7166.0,5
1788274243,7132.8,5
1788274244,6343.0,5
1788274245,4777.2,5
1788274246,5715.2,5
1788274247,5855.2,5
1788274248,5722.0,5
1788274249,5924.4,5
1788274250,5739.0,5
1788274251,5876.2,5
1788274252,5887.0,4
1788274253,5677.4,5
1788274254,5950.4,5
1788274255,5669.4,5
1788274256,5925.0,5
1788274257,5654.8,5
1788274258,5939.6,5
1788274259,5644.4,5
1788274260,5932.4,5
1788274261,5696.4,5
1788274262,5855.0,4
1788274263,5816.2,5
1788274264,5783.2,5
1788274265,5805.2,5
1788274266,5776.8,5
1788274267,5831.4,5
1788274268,5783.8,5
1788274269,5841.6,5
1788274270,5816.2,5
1788274271,5815.6,5
1788274272,5688.5,4
1788274273,5779.8,5
1788274274,5708.8,5
1788274275,5701.6,5
1788274276,5728.4,5
1788274277,5709.0,5
1788274278,5744.0,5
1788274279,5769.0,5
1788274280,5719.4,5
1788274281,6399.0,4
1788274282,5801.8,5
1788274283,5810.6,5
1788274284,5811.0,5
1788274285,5746.8,5
1788274286,5752.6,5
1788274287,5718.2,5
1788274288,5728.6,5
1788274289,5759.2,5
1788274290,5786.0,4
1788274291,5742.6,5
1788274292,5722.8,5
1788274293,5736.2,5
1788274294,5822.2,5
1788274295,5808.8,5
1788274296,5805.6,5
1788274297,5807.8,5
1788274298,5821.0,5
1788274299,5798.2,5
1788274300,5831.5,4
1788274301,5809.0,5
1788274302,5854.0,5
1788274303,5830.6,5
1788274304,5815.8,5
1788274305,5842.4,5
1788274306,5794.4,5
1788274307,5805.6,5
1788274308,5805.2,5
1788274309,5785.8,5
1788274310,5840.8,5
1788274311,5777.8,4
1788274312,5806.0,5
1788274313,5803.0,5
1788274314,5800.4,5
1788274315,5830.2,5
1788274316,5774.0,5
1788274317,5861.4,5
1788274318,5825.4,5
1788274319,5808.4,5
1788274320,5777.8,5
1788274321,5818.2,4
1788274322,5826.8,5
1788274323,5783.6,5
1788274324,5806.2,5
1788274325,5861.8,5
1788274326,5858.2,5
1788274327,5781.8,5
1788274328,5800.2,5
1788274329,5784.6,5
1788274330,5794.4,5
1788274331,5801.2,4
1788274332,6001.0,5
1788274333,5830.8,5
1788274334,5804.8,5
1788274335,5785.0,5
1788274336,5764.0,5
1788274337,5831.2,5
1788274338,5823.4,5
1788274339,5832.6,5
1788274340,5790.4,5
1788274341,5845.5,4
1788274342,5778.0,5
1788274343,5824.8,5
1788274344,5805.2,5
1788274345,5808.8,5
1788274346,6475.2,5
1788274347,19564.4,5
1788274348,18410.4,5
1788274349,17263.2,5
1788274350,16119.4,5
1788274351,15614.5,4
1788274352,14308.0,5
1788274353,12754.4,5
1788274354,11344.0,5
1788274355,10006.2,5
1788274356,9112.8,5
1788274357,8309.4,5
1788274358,7776.8,5
1788274359,7135.0,4
1788274360,6880.0,5
1788274361,6481.2,5
1788274362,6025.6,5
1788274363,5727.0,5
1788274364,5558.4,5
1788274365,5399.2,5
1788274366,4987.0,5
1788274367,4819.2,4
1788274368,4659.8,5
1788274369,4563.8,5
1788274370,4540.4,5
1788274371,4523.8,5
1788274372,4325.8,5
1788274373,3873.6,5
1788274374,3876.0,5
1788274375,3872.2,4
1788274376,4025.8,5
1788274377,3802.2,5
1788274378,3595.6,5
1788274379,3781.2,5
1788274380,3747.2,5
1788274381,3714.8,5
1788274382,3671.0,5
1788274383,3679.0,4
1788274384,3652.2,5
1788274385,3645.2,5
1788274386,3845.6,5
1788274387,3461.0,5
1788274388,3473.0,5
1788274389,3587.0,5
1788274390,3639.8,5
1788274391,3653.8,4
1788274392,3673.2,5
1788274393,3678.8,5
1788274394,3730.2,5
1788274395,3745.6,5
1788274396,3788.4,5
1788274397,3805.6,5
1788274398,3866.8,5
1788274399,3882.0,4
1788274400,3953.4,5
1788274401,3989.8,5
1788274402,4030.0,5
1788274403,4096.2,5
1788274404,4088.4,5
1788274405,4174.8,5
1788274406,4159.2,5
1788274407,4261.0,4
1788274408,4273.2,5
1788274409,3666.4,5
1788274410,2721.0,5
1788274411,4562.0,5
1788274412,4863.6,5
1788274413,4830.8,5
1788274414,4818.0,5
1788274415,4788.4,5
1788274416,4793.0,4
1788274417,4785.6,5
1788274418,4789.0,5
1788274419,4815.4,5
1788274420,4831.0,5
1788274421,4859.6,5
1788274422,4878.6,5
1788274423,4922.6,5
1788274424,4939.4,5
1788274425,4948.8,4
1788274426,4984.2,5
1788274427,4999.8,5
1788274428,4986.4,5
1788274429,4997.6,5
1788274430,5078.4,5
1788274431,5215.8,5
1788274432,5259.8,5
1788274433,5301.4,5
1788274434,5335.6,5
1788274435,5381.2,4
1788274436,5426.8,5
1788274437,5462.8,5
1788274438,5514.2,5
1788274439,5557.0,5
1788274440,5586.2,5
1788274441,5594.6,5
1788274442,5607.4,5
1788274443,5683.2,5
1788274444,5856.0,5
1788274445,5931.0,4
1788274446,6016.4,5
1788274447,6081.4,5
1788274448,6149.0,5
1788274449,6206.2,5
1788274450,6281.6,5
1788274451,6323.2,5
1788274452,6454.6,5
1788274453,6319.4,5
1788274454,6436.2,4
1788274455,6489.8,5
1788274456,6527.8,5
1788274457,6572.8,5
1788274458,6621.0,5
1788274459,6662.4,5
1788274460,6695.4,5
1788274461,6746.8,5
1788274462,6792.2,5
1788274463,6760.6,5
1788274464,6770.4,5
1788274465,6807.5,4
1788274466,6983.2,5
1788274467,6990.6,5
1788274468,6998.4,5
1788274469,7029.6,5
1788274470,7006.4,5
1788274471,9241.4,5
1788274472,6932.2,5
1788274473,6691.2,5
1788274474,6705.0,4
1788274475,6735.4,5
1788274476,6790.2,5
1788274477,6829.0,5
1788274478,6870.0,5
1788274479,6926.8,5
1788274480,6947.2,5
1788274481,6985.2,5
1788274482,7014.2,5
1788274483,7035.2,4
1788274484,7053.6,5
1788274485,7062.2,5
1788274486,7064.0,5
1788274487,7061.2,5
1788274488,7072.6,5
1788274489,7066.0,5
1788274490,7056.0,5
1788274491,7045.0,5
1788274492,7035.2,4
1788274493,7032.0,5
1788274494,7036.0,5
1788274495,7008.8,5
1788274496,6990.8,5
1788274497,6983.6,5
1788274498,6982.0,5
1788274499,7003.8,5
1788274500,7028.2,4
1788274501,7016.2,5
1788274502,7012.4,5
1788274503,7005.8,5
1788274504,7005.0,5
1788274505,6971.6,5
1788274506,6957.6,5
1788274507,6926.2,5
1788274508,6916.8,5
1788274509,6896.2,4
1788274510,6862.6,5
1788274511,6843.8,5
1788274512,6807.2,5
1788274513,6816.4,5
1788274514,6774.2,5
1788274515,6767.0,5
1788274516,6747.6,5
1788274517,6726.4,5
1788274518,6744.8,4
1788274519,6722.2,5
1788274520,6733.0,5
1788274521,6701.6,5
1788274522,6694.0,5
1788274523,6669.6,5
1788274524,5071.8,5
1788274525,6893.6,5
1788274526,6907.4,5
1788274527,6859.0,4
1788274528,6805.0,5
1788274529,6850.4,5
1788274530,6721.0,5
1788274531,6599.6,5
1788274532,6499.6,5
1788274533,6395.2,5
1788274534,6329.2,5
1788274535,6262.8,5
1788274536,6249.0,5
1788274537,6255.0,4
1788274538,6240.2,5
1788274539,6202.4,5
1788274540,6106.0,5
1788274541,6098.2,5
1788274542,6110.6,5
1788274543,6117.6,5
1788274544,6115.4,5
1788274545,6134.2,5
1788274546,6139.8,4
1788274547,6149.8,5
1788274548,6161.4,5
1788274549,6160.4,5
1788274550,6104.8,5
1788274551,6129.0,5
1788274552,6445.6,5
1788274553,6541.0,5
1788274554,6615.0,5
1788274555,6677.6,5
1788274556,6727.8,4
1788274557,6781.4,5
1788274558,6829.8,5
1788274559,6849.2,5
1788274560,6855.4,5
1788274561,6875.4,5
1788274562,6844.2,5
1788274563,7047.6,5
1788274564,7036.8,5
1788274565,7094.8,5
1788274566,7088.8,4
1788274567,7125.8,5
1788274568,7130.6,5
1788274569,7188.6,5
1788274570,7200.4,5
1788274571,7261.6,5
1788274572,7277.8,5
1788274573,9169.2,5
1788274574,7321.6,5
1788274575,6819.2,5
1788274576,6807.8,4
1788274577,6824.4,5
1788274578,6820.4,5
1788274579,6859.4,5
1788274580,6883.0,5
1788274581,6921.2,5
1788274582,6924.0,5
1788274583,6952.2,5
1788274584,6961.5,4
1788274585,6961.0,5
1788274586,6980.6,5
1788274587,6965.8,5
1788274588,6961.8,5
1788274589,6956.6,5
1788274590,6955.0,5
1788274591,6929.8,5
1788274592,6902.0,4
1788274593,6885.2,5
1788274594,6880.0,5
1788274595,6841.6,5
1788274596,6830.4,5
1788274597,6813.8,5
1788274598,6793.4,5
1788274599,6767.8,4
1788274600,6734.2,5
1788274601,6719.2,5
1788274602,6681.8,5
1788274603,6663.2,5
1788274604,6672.8,5
1788274605,6680.2,5
1788274606,6715.4,5
1788274607,6737.8,5
1788274608,6758.2,4
1788274609,6733.0,5
1788274610,6747.6,5
1788274611,6733.8,5
1788274612,6710.6,5
1788274613,6701.8,5
1788274614,6679.4,5
1788274615,6667.8,5
1788274616,6654.8,4
1788274617,6635.2,5
1788274618,6626.6,5
1788274619,6629.0,5
1788274620,6603.0,5
1788274621,6602.6,5
1788274622,6574.4,5
1788274623,6551.8,5
1788274624,6558.4,5
1788274625,6529.2,4
1788274626,4404.6,5
1788274627,5575.8,5
1788274628,5899.8,5
1788274629,5725.0,5
1788274630,6003.2,5
1788274631,5688.8,5
1788274632,5916.6,5
1788274633,5664.0,5
1788274634,5830.2,4
1788274635,5798.8,5
1788274636,5802.4,5
1788274637,5782.6,5
1788274638,5803.2,5
1788274639,5835.2,5
1788274640,5781.6,5
1788274641,5819.4,5
1788274642,5763.2,5
1788274643,5793.6,5
1788274644,5683.8,4
1788274645,5960.2,5
1788274646,5780.4,5
1788274647,6048.6,5
1788274648,5647.6,5
1788274649,5909.0,5
1788274650,5683.8,5
1788274651,5964.0,5
1788274652,5756.6,5
1788274653,6045.8,5
1788274654,5812.0,5
1788274655,5819.8,4
1788274656,5813.4,5
1788274657,5722.2,5
1788274658,5699.4,5
1788274659,5709.2,5
1788274660,5708.0,5
1788274661,5708.6,5
1788274662,5709.2,5
1788274663,5705.2,5
1788274664,5735.5,4
1788274665,5745.0,5
1788274666,5717.0,5
1788274667,5772.2,5
1788274668,5724.4,5
1788274669,5728.0,5
1788274670,5710.4,5
1788274671,5712.8,5
1788274672,5716.0,5
1788274673,5761.8,4
1788274674,5716.0,5
1788274675,5761.0,5
1788274676,5803.8,5
1788274677,5847.4,5
1788274678,5837.8,5
1788274679,5819.2,5
1788274680,5834.2,5
1788274681,5805.6,5
1788274682,5814.6,5
1788274683,5927.5,4
1788274684,5809.6,5
1788274685,5828.2,5
1788274686,5845.6,5
1788274687,5838.8,5
1788274688,5886.8,5
1788274689,5829.0,5
1788274690,5799.2,5
1788274691,5791.2,5
1788274692,5811.2,5
1788274693,5779.2,4
1788274694,5827.6,5
1788274695,5850.6,5
1788274696,5815.6,5
1788274697,5819.8,5
1788274698,5807.0,5
1788274699,5828.8,5
1788274700,5809.0,5
1788274701,5796.6,5
1788274702,5818.6,5
1788274703,5868.5,4
1788274704,5793.6,5
1788274705,5801.2,5
1788274706,5837.2,5
1788274707,6073.2,5
1788274708,5786.0,5
1788274709,5791.0,5
1788274710,5826.8,5
1788274711,5814.4,5
1788274712,5825.2,5
1788274713,5788.2,5
1788274714,5718.0,4
1788274715,5804.0,5
1788274716,5853.8,5
1788274717,5909.8,5
1788274718,5859.8,5
1788274719,5832.0,5
1788274720,5788.0,5
1788274721,5791.0,5
1788274722,5833.8,5
1788274723,5793.4,5
1788274724,5884.5,4
1788274725,5827.4,5
1788274726,5797.8,5
1788274727,5810.0,5
1788274728,8648.8,5
1788274729,5773.0,5
1788274730,5375.0,5
1788274731,5165.8,5
1788274732,4855.8,5
1788274733,4905.0,4
1788274734,4848.2,5
1788274735,4815.6,5
1788274736,4774.0,5
1788274737,4743.6,5
1788274738,4715.6,5
1788274739,4694.0,5
1788274740,4669.0,4
1788274741,4637.6,5
1788274742,4617.6,5
1788274743,4599.8,5
1788274744,4557.0,5
1788274745,4525.4,5
1788274746,4524.6,5
1788274747,4493.0,5
1788274748,4487.2,4
1788274749,4484.0,5
1788274750,4489.4,5
1788274751,4509.0,5
1788274752,4492.4,5
1788274753,4436.0,5
1788274754,4138.2,5
1788274755,4138.6,5
1788274756,4127.8,4
1788274757,4141.0,5
1788274758,4127.4,5
1788274759,4237.2,5
1788274760,4292.4,5
1788274761,4394.4,5
1788274762,4466.4,5
1788274763,4426.8,5
1788274764,4414.0,4
1788274765,4431.8,5
1788274766,4630.0,5
1788274767,4512.0,5
1788274768,4520.4,5
1788274769,4822.6,5
1788274770,4806.0,5
1788274771,4809.6,5
1788274772,4806.0,4
1788274773,4787.4,5
1788274774,4810.8,5
1788274775,4809.2,5
1788274776,4808.4,5
1788274777,4837.4,5
1788274778,4826.6,5
1788274779,4842.2,5
1788274780,4859.8,5
1788274781,4863.0,4
1788274782,4877.2,5
1788274783,4888.0,5
1788274784,4924.2,5
1788274785,4931.6,5
1788274786,4924.4,5
1788274787,4936.6,5
1788274788,4963.6,5
1788274789,4970.8,4
1788274790,4508.8,5
1788274791,3908.4,5
1788274792,5141.4,5
1788274793,5209.0,5
1788274794,5299.4,5
1788274795,5263.8,5
1788274796,5224.0,5
1788274797,5203.4,5
1788274798,5214.8,5
1788274799,5181.2,4
1788274800,5186.0,5
1788274801,5193.8,5
1788274802,5193.8,5
1788274803,5200.6,5
1788274804,5227.6,5
1788274805,5221.2,5
1788274806,5213.8,5
1788274807,5214.6,5
1788274808,5221.2,5
1788274809,5229.2,4
1788274810,5245.6,5
1788274811,5263.8,5
1788274812,5286.8,5
1788274813,5308.4,5
1788274814,5339.4,5
1788274815,5375.8,5
1788274816,5402.2,5
1788274817,5448.2,5
1788274818,5472.0,4
1788274819,5511.6,5
1788274820,5549.8,5
1788274821,5586.8,5
1788274822,5608.2,5
1788274823,5599.6,5
1788274824,5700.2,5
1788274825,5796.6,5
1788274826,5803.2,5
1788274827,6029.4,5
1788274828,5770.0,4
1788274829,6088.4,5
1788274830,6137.6,5
1788274831,6185.0,5
1788274832,6229.0,5
1788274833,6266.2,5
1788274834,6299.8,5
1788274835,6332.8,5
1788274836,6368.4,5
1788274837,6409.0,5
1788274838,6432.2,4
1788274839,6473.6,5
1788274840,6512.4,5
1788274841,6544.2,5
1788274842,6567.8,5
1788274843,6593.6,5
1788274844,6634.2,5
1788274845,6655.2,5
1788274846,6702.4,5
1788274847,6723.8,5
1788274848,6777.5,4
1788274849,6787.6,5
1788274850,6798.2,5
1788274851,6787.6,5
1788274852,8818.6,5
1788274853,6583.0,5
1788274854,6554.2,5
1788274855,6596.0,5
1788274856,6622.0,4
1788274857,6677.2,5
1788274858,6717.8,5
1788274859,6761.4,5
1788274860,6791.0,5
1788274861,6802.8,5
1788274862,6843.8,5
1788274863,6851.8,5
1788274864,6872.2,5
1788274865,6884.0,4
1788274866,6894.4,5
1788274867,6883.4,5
1788274868,6898.0,5
1788274869,6910.4,5
1788274870,6917.4,5
1788274871,6891.8,5
1788274872,6903.2,5
1788274873,6893.2,5
1788274874,6882.2,4
1788274875,6850.8,5
1788274876,6847.6,5
1788274877,6813.6,5
1788274878,6820.8,5
1788274879,6842.6,5
1788274880,6824.6,5
1788274881,6829.0,5
1788274882,6823.2,4
1788274883,6830.8,5
1788274884,6794.2,5
1788274885,6806.8,5
1788274886,6779.0,5
1788274887,6756.8,5
1788274888,6717.8,5
1788274889,6712.2,5
1788274890,6692.4,5
1788274891,6663.8,4
1788274892,6652.2,5
1788274893,6628.4,5
1788274894,6630.8,5
1788274895,6606.4,5
1788274896,6590.6,5
1788274897,6577.0,5
1788274898,6553.2,5
1788274899,6536.2,5
1788274900,6539.2,4
1788274901,6490.4,5
1788274902,6485.6,5
1788274903,6069.8,5
1788274904,5280.0,5
1788274905,6774.4,5
1788274906,6684.2,5
1788274907,6715.8,5
1788274908,6631.6,5
1788274909,6609.0,4
1788274910,6523.4,5
1788274911,6358.0,5
1788274912,6276.4,5
1788274913,6239.6,5
1788274914,6250.4,5
1788274915,6024.4,5
1788274916,5958.0,5
1788274917,5940.4,5
1788274918,5922.4,5
1788274919,5905.0,4
1788274920,5899.0,5
1788274921,5886.6,5
1788274922,5886.6,5
1788274923,5888.4,5
1788274924,5895.2,5
1788274925,5905.2,5
1788274926,5915.6,5
1788274927,5922.4,5
1788274928,5934.0,4
1788274929,5941.4,5
1788274930,5995.0,5
1788274931,6084.0,5
1788274932,6093.8,5
1788274933,6132.8,5
1788274934,6402.6,5
1788274935,6452.2,5
1788274936,6493.2,5
1788274937,6539.4,5
1788274938,6548.2,4
1788274939,6595.0,5
1788274940,6642.4,5
1788274941,6780.0,5
1788274942,6591.4,5
1788274943,6735.2,5
1788274944,6760.2,5
1788274945,6803.2,5
1788274946,6845.6,5
1788274947,6844.8,5
1788274948,6855.2,4
1788274949,6856.6,5
1788274950,6846.8,5
1788274951,6955.0,5
1788274952,7011.4,5
1788274953,9102.0,5
1788274954,6580.2,5
1788274955,6521.4,5
1788274956,6491.6,5
1788274957,6502.2,4
1788274958,6514.8,5
1788274959,6537.4,5
1788274960,6564.0,5
1788274961,6585.8,5
1788274962,6607.2,5
1788274963,6623.4,5
1788274964,6642.8,4
1788274965,6637.4,5
1788274966,6643.4,5
1788274967,6648.8,5
1788274968,6617.6,5
1788274969,6614.4,5
1788274970,6590.8,5
1788274971,6569.6,5
1788274972,6541.2,4
1788274973,6530.6,5
1788274974,6510.2,5
1788274975,6472.4,5
1788274976,6453.4,5
1788274977,6435.0,5
1788274978,6410.8,5
1788274979,6384.8,5
1788274980,6357.2,4
1788274981,6327.8,5
1788274982,6297.0,5
1788274983,6278.2,5
1788274984,6262.8,5
1788274985,6294.8,5
1788274986,6327.8,5
1788274987,6354.2,5
1788274988,6395.5,4
1788274989,6398.6,5
1788274990,6400.0,5
1788274991,6426.6,5
1788274992,6413.8,5
1788274993,6428.0,5
1788274994,6401.6,5
1788274995,6421.2,5
1788274996,6394.2,5
1788274997,6408.0,4
1788274998,6395.2,5
1788274999,6386.8,5
1788275000,6373.6,5
1788275001,6368.0,5
1788275002,6351.4,5
1788275003,6354.4,5
1788275004,6333.8,5
1788275005,6326.0,4
1788275006,5527.6,5
1788275007,4553.4,5
1788275008,5861.4,5
1788275009,5864.8,5
1788275010,5721.2,5
1788275011,5872.0,5
1788275012,5711.4,5
1788275013,5915.6,5
1788275014,5748.6,5
1788275015,5767.5,4
1788275016,5917.4,5
1788275017,5697.6,5
1788275018,5913.8,5
1788275019,5657.8,5
1788275020,5913.6,5
1788275021,5663.8,5
1788275022,5927.0,5
1788275023,5670.2,5
1788275024,5927.4,5
1788275025,5722.2,4
1788275026,5785.6,5
1788275027,5790.0,5
1788275028,5769.4,5
1788275029,5798.2,5
1788275030,5775.6,5
1788275031,5795.4,5
1788275032,5809.2,5
1788275033,5819.6,5
1788275034,5766.8,5
1788275035,5684.2,4
1788275036,5700.6,5
1788275037,5717.8,5
1788275038,5705.6,5
1788275039,5714.4,5
1788275040,5727.2,5
1788275041,5725.2,5
1788275042,5748.6,5
1788275043,5714.0,5
1788275044,5739.0,5
1788275045,5697.2,4
1788275046,5718.6,5
1788275047,5737.8,5
1788275048,5728.8,5
1788275049,5728.2,5
1788275050,5729.8,5
1788275051,5738.4,5
1788275052,5712.2,5
1788275053,5716.2,5
1788275054,5758.8,4
1788275055,5765.6,5
1788275056,5794.2,5
1788275057,5815.8,5
1788275058,5890.4,5
1788275059,5832.0,5
1788275060,5811.8,5
1788275061,5822.6,5
1788275062,5811.8,5
1788275063,5852.6,5
1788275064,5855.8,4
1788275065,5835.2,5
1788275066,5784.4,5
1788275067,5717.8,5
1788275068,5674.8,5
1788275069,5326.6,5
1788275070,5350.2,5
1788275071,5346.0,5
1788275072,5328.6,5
1788275073,5292.0,5
1788275074,5273.2,4
1788275075,5267.8,5
1788275076,5239.0,5
1788275077,5202.8,5
1788275078,5236.6,5
1788275079,5256.2,5
1788275080,5254.0,5
1788275081,5228.6,5
1788275082,5216.0,5
1788275083,5213.8,5
1788275084,5245.0,5
1788275085,5211.5,4
1788275086,5270.6,5
1788275087,5275.0,5
1788275088,5298.2,5
1788275089,5275.0,5
1788275090,5289.4,5
1788275091,5290.4,5
1788275092,5364.6,5
1788275093,5376.4,5
1788275094,5399.0,5
1788275095,5361.2,4
1788275096,5452.2,5
1788275097,5417.6,5
1788275098,5418.0,5
1788275099,5466.0,5
1788275100,5444.8,5
1788275101,5509.4,5
1788275102,5478.8,5
1788275103,5578.4,5
1788275104,5571.8,5
1788275105,5554.0,4
1788275106,5639.0,5
1788275107,5646.2,5
1788275108,5661.8,5
1788275109,5695.6,5
1788275110,5650.0,5
1788275111,7923.4,5
1788275112,5308.6,5
1788275113,5077.6,5
1788275114,5055.8,4
1788275115,5041.2,5
1788275116,5052.2,5
1788275117,5045.2,5
1788275118,5050.6,5
1788275119,5053.8,5
1788275120,5064.2,5
1788275121,5069.0,5
1788275122,5057.8,4
1788275123,5049.6,5
1788275124,5026.8,5
1788275125,5018.2,5
1788275126,4981.0,5
1788275127,4972.6,5
1788275128,4958.0,5
1788275129,4874.8,5
1788275130,4885.8,4
1788275131,4852.6,5
1788275132,4820.2,5
1788275133,4793.2,5
1788275134,4762.2,5
1788275135,4726.6,5
1788275136,4697.2,5
1788275137,4648.8,5
1788275138,4683.2,4
1788275139,4735.6,5
1788275140,4803.2,5
1788275141,4880.4,5
1788275142,4901.6,5
1788275143,4942.4,5
1788275144,4961.6,5
1788275145,4968.0,5
1788275146,4980.2,4
1788275147,4981.0,5
1788275148,4988.6,5
1788275149,5018.2,5
1788275150,4996.6,5
1788275151,4978.2,5
1788275152,4972.8,5
1788275153,4961.6,5
1788275154,4955.0,4
1788275155,4943.6,5
1788275156,4953.0,5
1788275157,4946.2,5
1788275158,4929.6,5
1788275159,4938.0,5
1788275160,4924.6,5
1788275161,4919.8,5
1788275162,4928.4,5
1788275163,4930.2,4
1788275164,4925.2,5
1788275165,4940.0,5
1788275166,4922.4,5
1788275167,4931.4,5
1788275168,4924.6,5
1788275169,3454.0,5
1788275170,5018.4,5
1788275171,5180.2,4
1788275172,5151.4,5
1788275173,5155.6,5
1788275174,5080.2,5
1788275175,5051.4,5
1788275176,5021.0,5
1788275177,4999.6,5
1788275178,4990.8,5
1788275179,5010.0,5
1788275180,5009.4,5
1788275181,4992.8,4
1788275182,5033.4,5
1788275183,5007.0,5
1788275184,4987.0,5
1788275185,4994.0,5
1788275186,4996.8,5
1788275187,4984.0,5
1788275188,5026.0,5
1788275189,4995.8,5
1788275190,4984.6,5
1788275191,4999.5,4
1788275192,5011.6,5
1788275193,5155.8,5
1788275194,5175.8,5
1788275195,5200.8,5
1788275196,5226.4,5
1788275197,5250.2,5
1788275198,5284.4,5
1788275199,5315.4,5
1788275200,5352.8,5
1788275201,5383.8,4
1788275202,5424.4,5
1788275203,5473.2,5
1788275204,5559.2,5
1788275205,5634.0,5
1788275206,5715.6,5
1788275207,5773.2,5
1788275208,5793.2,5
1788275209,5803.0,5
1788275210,5914.6,5
1788275211,6060.5,4
1788275212,6085.2,5
1788275213,6109.4,5
1788275214,6161.0,5
1788275215,6197.2,5
1788275216,6239.8,5
1788275217,6265.2,5
1788275218,6311.2,5
1788275219,6329.4,5
1788275220,6373.4,5
1788275221,6383.2,4
1788275222,6427.0,5
1788275223,6456.4,5
1788275224,6488.0,5
1788275225,6507.4,5
1788275226,6534.0,5
1788275227,6561.4,5
1788275228,6584.2,5
1788275229,6618.8,5
1788275230,6653.6,5
1788275231,8450.0,5
1788275232,6320.5,4
1788275233,6350.4,5
1788275234,6385.0,5
1788275235,6425.0,5
1788275236,6461.0,5
1788275237,6515.8,5
1788275238,6557.4,5
1788275239,6594.6,5
1788275240,6625.2,4
1788275241,6635.4,5
1788275242,6640.2,5
1788275243,6658.0,5
1788275244,6676.6,5
1788275245,6678.6,5
1788275246,6692.0,5
1788275247,6697.4,5
1788275248,6699.2,4
1788275249,6713.2,5
1788275250,6673.2,5
1788275251,6674.8,5
1788275252,6646.2,5
1788275253,6635.0,5
1788275254,6633.2,5
1788275255,6594.0,5
1788275256,6585.4,5
1788275257,6570.2,4
1788275258,6602.6,5
1788275259,6609.4,5
1788275260,6602.4,5
1788275261,6610.2,5
1788275262,6601.4,5
1788275263,6591.0,5
1788275264,6575.8,5
1788275265,6545.6,5
1788275266,6530.8,4
1788275267,6520.4,5
1788275268,6484.0,5
1788275269,6491.0,5
1788275270,6448.2,5
1788275271,6440.2,5
1788275272,6393.2,5
1788275273,6391.4,5
1788275274,6382.0,4
1788275275,6339.8,5
1788275276,6336.2,5
1788275277,6286.2,5
1788275278,6297.6,5
1788275279,6260.2,5
1788275280,6218.8,5
1788275281,6233.8,5
1788275282,6195.6,5
1788275283,4602.8,4
1788275284,6045.6,5
1788275285,6457.2,5
1788275286,6451.0,5
1788275287,6378.6,5
1788275288,6384.4,5
1788275289,6279.2,5
1788275290,6235.4,5
1788275291,6242.8,5
1788275292,5929.2,5
1788275293,5857.5,4
1788275294,5819.6,5
1788275295,5769.6,5
1788275296,5750.8,5
1788275297,5728.0,5
1788275298,5711.0,5
1788275299,5708.6,5
1788275300,5707.0,5
1788275301,5714.4,5
1788275302,5717.8,5
1788275303,5716.2,4
1788275304,5710.8,5
1788275305,5710.0,5
1788275306,5727.4,5
1788275307,5733.4,5
1788275308,5757.6,5
1788275309,5766.6,5
1788275310,5837.6,5
1788275311,5953.0,5
1788275312,6052.0,4
1788275313,6088.2,5
1788275314,6101.4,5
1788275315,6153.2,5
1788275316,6343.8,5
1788275317,6384.8,5
1788275318,6425.0,5
1788275319,6446.0,5
1788275320,6490.6,5
1788275321,6511.2,5
1788275322,6525.8,4
1788275323,6568.6,5
1788275324,6602.0,5
1788275325,6821.4,5
1788275326,6382.4,5
1788275327,6643.8,5
1788275328,6652.2,5
1788275329,6722.6,5
1788275330,6740.6,5
1788275331,6754.6,5
1788275332,6794.5,4
1788275333,8640.6,5
1788275334,6345.4,5
1788275335,6297.8,5
1788275336,6306.0,5
1788275337,6288.6,5
1788275338,6311.2,5
1788275339,6334.8,5
1788275340,6345.8,4
1788275341,6366.6,5
1788275342,6380.4,5
1788275343,6377.8,5
1788275344,6397.2,5
1788275345,6404.6,5
1788275346,6406.8,5
1788275347,6392.2,5
1788275348,6393.2,4
1788275349,6386.4,5
1788275350,6382.6,5
1788275351,6355.8,5
1788275352,6356.6,5
1788275353,6325.0,5
1788275354,6310.4,5
1788275355,6292.8,4
1788275356,6271.6,5
1788275357,6239.8,5
1788275358,6213.0,5
1788275359,6199.0,5
1788275360,6171.0,5
1788275361,6141.4,5
1788275362,6124.0,5
1788275363,6098.5,4
1788275364,6107.0,5
1788275365,6151.4,5
1788275366,6173.6,5
1788275367,6213.6,5
1788275368,6250.0,5
1788275369,6279.4,5
1788275370,6273.4,5
1788275371,6317.2,4
1788275372,6231.2,5
1788275373,6265.2,5
1788275374,6291.2,5
1788275375,6279.2,5
1788275376,6264.2,5
1788275377,6267.4,5
1788275378,6264.0,5
1788275379,6269.2,5
1788275380,6266.2,4
1788275381,6229.4,5
1788275382,6238.2,5
1788275383,6229.8,5
1788275384,6202.8,5
1788275385,6203.6,5
1788275386,5290.2,5
1788275387,4227.6,5
1788275388,5159.5,4
1788275389,5157.8,5
1788275390,5170.2,5
1788275391,5237.0,5
1788275392,5243.6,5
1788275393,5219.2,5
1788275394,5211.8,5
1788275395,5216.4,5
1788275396,5208.0,5
1788275397,5218.0,5
1788275398,5238.4,5
1788275399,5253.2,4
1788275400,5221.8,5
1788275401,5232.0,5
1788275402,5240.4,5
1788275403,5242.0,5
1788275404,5230.0,5
1788275405,5220.4,5
1788275406,5249.0,5
1788275407,5239.2,5
1788275408,5209.6,5
1788275409,5251.8,4
1788275410,5200.4,5
1788275411,5162.8,5
1788275412,5175.2,5
1788275413,5169.6,5
1788275414,5163.4,5
1788275415,5163.2,5
1788275416,5157.0,5
1788275417,5177.0,5
1788275418,5152.2,5
1788275419,5153.0,5
1788275420,5162.8,4
1788275421,5172.6,5
1788275422,5145.6,5
1788275423,5149.2,5
1788275424,5170.2,5
1788275425,5165.2,5
1788275426,5168.6,5
1788275427,5160.2,5
1788275428,5142.8,5
1788275429,5382.8,5
1788275430,5211.0,4
1788275431,5164.8,5
1788275432,6550.2,5
1788275433,18834.0,5
1788275434,18327.4,5
1788275435,15632.0,5
1788275436,14016.0,5
1788275437,12540.8,5
1788275438,11420.0,5
1788275439,10625.8,5
1788275440,9851.8,5
1788275441,9260.5,4
1788275442,9138.6,5
1788275443,8459.8,5
1788275444,8174.6,5
1788275445,7910.8,5
1788275446,7701.2,5
1788275447,7536.2,5
1788275448,7508.0,5
1788275449,7231.4,5
1788275450,7019.8,4
1788275451,6915.6,5
1788275452,6802.8,5
1788275453,6692.6,5
1788275454,6597.8,5
1788275455,6494.4,5
1788275456,6424.2,5
1788275457,6322.0,5
1788275458,6234.4,5
1788275459,6138.4,5
1788275460,6050.5,4
1788275461,6016.4,5
1788275462,5998.2,5
1788275463,5965.6,5
1788275464,5735.8,5
1788275465,5700.4,5
1788275466,5655.4,5
1788275467,5612.6,5
1788275468,5588.8,5
1788275469,5562.8,4
1788275470,5536.8,5
1788275471,5527.0,5
1788275472,5506.4,5
1788275473,5474.4,5
1788275474,5458.8,5
1788275475,5429.8,5
1788275476,5415.2,5
1788275477,5393.2,5
1788275478,5387.0,4
1788275479,4101.6,5
1788275480,4929.2,5
1788275481,5692.8,5
1788275482,5652.0,5
1788275483,5627.8,5
1788275484,5589.6,5
1788275485,5570.2,5
1788275486,5547.6,5
1788275487,5514.4,5
1788275488,5507.5,4
1788275489,5503.8,5
1788275490,6217.0,5
1788275491,4663.2,5
1788275492,5362.4,5
1788275493,5437.8,5
1788275494,5469.8,5
1788275495,5505.4,5
1788275496,5539.0,5
1788275497,5565.2,5
1788275498,5609.4,5
1788275499,5631.8,4
1788275500,5668.2,5
1788275501,5682.4,5
1788275502,5710.0,5
1788275503,5708.8,5
1788275504,5715.8,5
1788275505,5858.8,5
1788275506,5914.2,5
1788275507,5929.8,5
1788275508,5922.8,5
1788275509,5915.8,5
1788275510,5971.5,4
1788275511,6057.2,5
1788275512,6074.6,5
1788275513,6063.4,5
1788275514,6085.8,5
1788275515,6080.0,5
1788275516,6053.4,5
1788275517,6100.2,5
1788275518,6057.4,5
1788275519,6056.6,5
1788275520,6050.8,4
1788275521,6096.2,5
1788275522,6078.2,5
1788275523,6074.6,5
1788275524,6081.6,5
1788275525,9689.4,5
1788275526,6629.2,5
1788275527,6536.8,5
1788275528,6557.2,5
1788275529,6600.8,4
1788275530,6622.0,5
1788275531,6653.6,5
1788275532,6703.6,5
1788275533,6720.8,5
1788275534,6754.8,5
1788275535,6778.8,5
1788275536,6778.8,5
1788275537,6798.0,4
1788275538,6806.2,5
1788275539,6810.8,5
1788275540,6818.0,5
1788275541,6820.8,5
1788275542,6811.6,5
1788275543,6819.0,5
1788275544,6804.2,5
1788275545,6802.6,5
1788275546,6818.5,4
1788275547,6780.8,5
1788275548,6791.2,5
1788275549,6765.4,5
1788275550,6737.2,5
1788275551,6749.2,5
1788275552,6717.0,5
1788275553,6719.4,5
1788275554,6688.5,4
1788275555,6677.8,5
1788275556,6661.4,5
1788275557,6621.0,5
1788275558,6608.6,5
1788275559,6588.0,5
1788275560,6569.6,5
1788275561,6571.6,5
1788275562,6532.4,5
1788275563,6529.5,4
1788275564,6509.6,5
1788275565,6512.4,5
1788275566,6495.4,5
1788275567,6484.0,5
1788275568,6459.4,5
1788275569,6467.6,5
1788275570,6441.0,5
1788275571,6424.5,4
1788275572,6411.6,5
1788275573,6403.8,5
1788275574,6386.4,5
1788275575,6378.8,5
1788275576,6360.0,5
1788275577,6350.2,5
1788275578,5112.6,5
1788275579,5607.2,4
1788275580,6579.6,5
1788275581,6521.2,5
1788275582,6450.2,5
1788275583,6399.0,5
1788275584,6344.6,5
1788275585,6300.2,5
1788275586,6257.6,5
1788275587,6220.0,5
1788275588,6395.8,5
1788275589,5859.5,4
1788275590,6168.2,5
1788275591,6143.4,5
1788275592,6160.8,5
1788275593,6171.0,5
1788275594,6186.4,5
1788275595,6197.4,5
1788275596,6237.6,5
1788275597,6195.6,5
1788275598,6246.8,5
1788275599,6247.2,5
1788275600,6259.2,4
1788275601,6260.2,5
1788275602,6256.4,5
1788275603,6263.0,5
1788275604,6269.0,5
1788275605,6297.2,5
1788275606,6328.0,5
1788275607,6330.2,5
1788275608,6368.8,5
1788275609,6377.8,5
1788275610,6401.2,4
1788275611,6415.8,5
1788275612,6387.0,5
1788275613,6431.0,5
1788275614,6457.6,5
1788275615,6495.8,5
1788275616,6533.8,5
1788275617,6585.2,5
1788275618,8204.6,5
1788275619,6742.8,5
1788275620,6404.2,4
1788275621,6469.2,5
1788275622,6572.6,5
1788275623,6653.0,5
1788275624,6730.4,5
1788275625,6791.6,5
1788275626,6872.0,5
1788275627,6908.8,5
1788275628,6960.8,5
1788275629,6987.6,5
1788275630,7004.8,4
1788275631,7038.4,5
1788275632,7043.8,5
1788275633,7077.0,5
1788275634,7098.2,5
1788275635,7084.6,5
1788275636,7117.8,5
1788275637,7096.4,5
1788275638,7115.6,5
1788275639,7094.6,5
1788275640,7100.2,4
1788275641,7080.8,5
1788275642,7062.6,5
1788275643,7043.6,5
1788275644,7010.8,5
1788275645,7021.0,5
1788275646,6977.4,5
1788275647,6982.0,5
1788275648,6932.2,5
1788275649,6905.0,4
1788275650,6901.6,5
1788275651,6892.6,5
1788275652,6865.2,5
1788275653,6868.8,5
1788275654,6847.4,5
1788275655,6816.4,5
1788275656,6772.8,5
1788275657,6734.6,5
1788275658,6701.8,4
1788275659,6660.0,5
1788275660,6604.8,5
1788275661,6537.2,5
1788275662,6460.2,5
1788275663,6406.8,5
1788275664,6339.0,5
1788275665,6258.0,5
1788275666,6187.2,5
1788275667,6131.2,5
1788275668,3983.2,4
1788275669,4900.8,5
1788275670,5386.8,5
1788275671,5191.6,5
1788275672,5207.0,5
1788275673,5243.0,5
1788275674,5255.4,5
1788275675,5269.0,5
1788275676,5228.2,5
1788275677,5253.6,5
1788275678,5305.5,4
1788275679,5236.0,5
1788275680,5224.0,5
1788275681,5248.2,5
1788275682,5234.8,5
1788275683,5239.6,5
1788275684,5215.4,5
1788275685,5217.4,5
1788275686,5244.6,5
1788275687,5232.6,5
1788275688,5243.8,5
1788275689,5209.0,4
1788275690,5239.4,5
1788275691,5217.6,5
1788275692,5182.6,5
1788275693,5173.0,5
1788275694,5178.4,5
1788275695,5170.6,5
1788275696,5163.6,5
1788275697,5161.0,5
1788275698,5175.4,5
1788275699,5149.8,4
1788275700,5163.2,5
1788275701,5181.2,5
1788275702,5182.2,5
1788275703,5162.4,5
1788275704,5166.8,5
1788275705,5173.2,5
1788275706,5184.2,5
1788275707,5163.2,5
1788275708,5169.8,5
1788275709,5159.5,4
1788275710,5152.2,5
1788275711,5168.0,5
1788275712,5158.4,5
1788275713,5160.6,5
1788275714,11641.4,5
1788275715,13772.6,5
1788275716,12113.0,5
1788275717,10822.0,5
1788275718,10174.4,5
1788275719,9304.5,4
1788275720,9082.0,5
1788275721,8328.8,5
1788275722,8010.2,5
1788275723,7752.0,5
1788275724,7536.6,5
1788275725,7511.2,5
1788275726,7312.0,5
1788275727,7050.6,5
1788275728,6932.2,5
1788275729,6855.5,4
1788275730,6775.0,5
1788275731,6689.4,5
1788275732,6649.6,5
1788275733,6452.4,5
1788275734,6427.0,5
1788275735,6389.4,5
1788275736,6336.8,5
1788275737,6297.4,5
1788275738,6284.4,5
1788275739,6279.8,4
1788275740,6233.0,5
1788275741,6034.6,5
1788275742,5996.6,5
1788275743,5992.2,5
1788275744,5996.2,5
1788275745,5899.6,5
1788275746,5854.6,5
1788275747,5844.6,5
1788275748,5779.5,4
1788275749,5762.2,5
1788275750,5735.0,5
1788275751,5706.4,5
1788275752,5685.6,5
1788275753,5655.2,5
1788275754,5651.4,5
1788275755,5637.4,5
1788275756,5629.6,5
1788275757,5616.5,4
1788275758,5596.8,5
1788275759,5602.8,5
1788275760,5584.8,5
1788275761,5580.8,5
1788275762,5404.4,5
1788275763,3865.2,5
1788275764,5718.8,5
1788275765,5879.4,5
1788275766,5915.0,5
1788275767,5885.8,4
1788275768,5849.2,5
1788275769,5830.8,5
1788275770,5814.4,5
1788275771,5805.8,5
1788275772,5788.2,5
1788275773,5793.6,5
1788275774,5799.0,5
1788275775,5805.0,5
1788275776,5803.6,5
1788275777,5804.2,4
1788275778,5806.4,5
1788275779,5823.4,5
1788275780,5839.8,5
1788275781,5864.8,5
1788275782,5879.4,5
1788275783,5885.6,5
1788275784,6049.2,5
1788275785,5726.6,5
1788275786,5918.6,5
1788275787,5951.0,5
1788275788,5951.5,4
1788275789,5965.8,5
1788275790,6163.0,5
1788275791,5968.2,5
1788275792,6024.0,5
1788275793,6067.8,5
1788275794,6070.6,5
1788275795,6060.0,5
1788275796,6069.4,5
1788275797,6067.6,5
1788275798,6073.8,4
1788275799,6092.8,5
1788275800,6058.2,5
1788275801,6148.8,5
1788275802,6063.8,5
1788275803,6093.2,5
1788275804,6079.2,5
1788275805,6083.4,5
1788275806,6093.2,5
1788275807,6085.2,5
1788275808,6240.0,5
1788275809,10453.5,4
1788275810,6615.4,5
1788275811,6510.2,5
1788275812,6520.2,5
1788275813,6559.6,5
1788275814,6573.0,5
1788275815,6617.8,5
1788275816,6634.8,5
1788275817,6665.6,5
1788275818,6685.5,4
1788275819,6707.2,5
1788275820,6737.8,5
1788275821,6742.2,5
1788275822,6753.0,5
1788275823,6765.2,5
1788275824,6746.6,5
1788275825,6737.4,5
1788275826,6739.8,4
1788275827,6727.4,5
1788275828,6724.2,5
1788275829,6705.8,5
1788275830,6703.8,5
1788275831,6678.2,5
1788275832,6664.6,5
1788275833,6651.6,5
1788275834,6636.0,5
1788275835,6632.0,4
1788275836,6602.8,5
1788275837,6588.4,5
1788275838,6568.8,5
1788275839,6550.4,5
1788275840,6540.2,5
1788275841,6532.0,5
1788275842,6504.2,5
1788275843,6513.0,4
1788275844,6472.6,5
1788275845,6475.6,5
1788275846,6460.4,5
1788275847,6435.2,5
1788275848,6427.6,5
1788275849,6415.2,5
1788275850,6407.4,5
1788275851,6393.5,4
1788275852,6395.8,5
1788275853,6376.6,5
1788275854,6372.2,5
1788275855,6351.4,5
1788275856,6356.8,5
1788275857,6335.6,5
1788275858,6322.2,5
1788275859,6332.5,4
1788275860,6311.4,5
1788275861,6303.4,5
1788275862,4664.2,5
1788275863,6241.4,5
1788275864,6513.4,5
1788275865,6435.6,5
1788275866,6383.2,5
1788275867,6297.2,5
1788275868,6245.0,5
1788275869,6198.8,4
1788275870,6354.4,5
1788275871,5828.2,5
1788275872,6051.8,5
1788275873,6028.6,5
1788275874,6004.8,5
1788275875,5981.0,5
1788275876,5959.0,5
1788275877,5952.2,5
1788275878,5933.2,5
1788275879,5934.0,4
1788275880,5928.4,5
1788275881,6170.4,5
1788275882,5885.4,5
1788275883,5873.8,5
1788275884,5901.4,5
1788275885,5917.4,5
1788275886,5936.4,5
1788275887,5965.6,5
1788275888,5990.8,5
1788275889,6020.0,5
1788275890,6046.2,4
1788275891,6071.2,5
1788275892,6100.8,5
1788275893,6127.0,5
1788275894,6170.6,5
1788275895,6196.2,5
1788275896,6182.0,5
1788275897,6211.8,5
1788275898,6229.8,5
1788275899,6342.8,5
1788275900,6425.2,5
1788275901,8750.5,4
1788275902,6225.0,5
1788275903,6218.8,5
1788275904,6305.4,5
1788275905,6384.6,5
1788275906,6476.0,5
1788275907,6533.0,5
1788275908,6602.8,5
1788275909,6645.6,5
1788275910,6703.8,4
1788275911,6747.2,5
1788275912,6791.4,5
1788275913,6814.0,5
1788275914,6853.8,5
1788275915,6890.8,5
1788275916,6901.8,5
1788275917,6916.0,5
1788275918,6935.8,5
1788275919,6940.0,5
1788275920,6936.0,4
1788275921,6940.6,5
1788275922,6932.4,5
1788275923,6926.2,5
1788275924,6920.8,5
1788275925,6901.2,5
1788275926,6902.4,5
1788275927,6887.4,5
1788275928,6884.0,5
1788275929,6842.5,4
1788275930,6823.0,5
1788275931,6818.4,5
1788275932,6788.2,5
1788275933,6779.0,5
1788275934,6739.0,5
1788275935,6716.4,5
1788275936,6694.6,5
1788275937,6672.6,5
1788275938,6627.8,4
1788275939,6613.2,5
1788275940,6595.6,5
1788275941,6554.2,5
1788275942,6526.8,5
1788275943,6516.6,5
1788275944,6497.4,5
1788275945,6480.8,5
1788275946,6473.2,5
1788275947,6433.8,4
1788275948,6412.4,5
1788275949,5169.8,5
1788275950,4693.6,5
1788275951,5161.4,5
1788275952,5165.0,5
1788275953,5210.4,5
1788275954,5252.2,5
1788275955,5233.8,5
1788275956,5219.2,5
1788275957,5221.2,4
1788275958,5229.6,5
1788275959,5217.2,5
1788275960,5229.2,5
1788275961,5220.0,5
1788275962,5222.6,5
1788275963,5246.2,5
1788275964,5225.0,5
1788275965,5231.6,5
1788275966,5260.2,5
1788275967,5225.0,4
1788275968,5211.6,5
1788275969,5241.8,5
1788275970,5215.2,5
1788275971,5230.6,5
1788275972,5246.0,5
1788275973,5203.2,5
1788275974,5315.2,5
1788275975,5178.8,5
1788275976,5158.8,5
1788275977,5161.8,5
1788275978,5161.2,4
1788275979,5172.4,5
1788275980,5158.6,5
1788275981,5162.4,5
1788275982,5161.4,5
1788275983,5177.4,5
1788275984,5169.8,5
1788275985,5208.4,5
1788275986,5156.8,5
1788275987,5153.4,5
1788275988,5166.0,4
1788275989,5166.2,5
1788275990,5175.6,5
1788275991,5178.0,5
1788275992,5156.0,5
1788275993,5179.6,5
1788275994,5153.2,5
1788275995,7954.2,5
1788275996,18151.0,5
1788275997,14756.6,5
1788275998,13417.2,4
1788275999,12342.0,5
1788276000,10954.6,5
1788276001,10388.2,5
1788276002,9425.0,5
1788276003,9125.2,5
1788276004,8504.6,5
1788276005,8133.0,5
1788276006,7850.8,5
1788276007,7634.2,5
1788276008,7512.2,4
1788276009,7491.8,5
1788276010,7111.2,5
1788276011,6974.2,5
1788276012,6848.6,5
1788276013,6731.8,5
1788276014,6628.6,5
1788276015,6542.6,5
1788276016,6443.0,5
1788276017,6362.4,5
1788276018,6306.0,4
1788276019,6291.0,5
1788276020,6293.6,5
1788276021,6052.2,5
1788276022,5991.6,5
1788276023,5910.6,5
1788276024,5829.6,5
1788276025,5779.8,5
1788276026,5723.6,5
1788276027,5671.2,4
1788276028,5614.2,5
1788276029,5561.2,5
1788276030,5536.8,5
1788276031,5487.8,5
1788276032,5460.0,5
1788276033,5442.2,5
1788276034,5405.4,5
1788276035,5383.2,5
1788276036,5366.8,4
1788276037,5352.6,5
1788276038,5326.6,5
1788276039,5314.0,5
1788276040,5306.8,5
1788276041,5297.8,5
1788276042,5269.0,5
1788276043,3714.2,5
1788276044,5163.2,5
1788276045,5598.8,4
1788276046,5527.2,5
1788276047,5511.8,5
1788276048,5485.2,5
1788276049,5470.6,5
1788276050,5454.4,5
1788276051,5446.4,5
1788276052,5449.0,5
1788276053,5452.2,5
1788276054,5456.4,5
1788276055,5467.8,5
1788276056,5475.5,4
1788276057,5490.8,5
1788276058,5487.6,5
1788276059,5498.4,5
1788276060,5520.6,5
1788276061,5533.2,5
1788276062,5546.6,5
1788276063,5581.6,5
1788276064,5610.8,5
1788276065,5654.8,5
1788276066,5674.8,4
1788276067,5713.0,5
1788276068,5727.2,5
1788276069,5729.8,5
1788276070,5729.2,5
1788276071,5821.0,5
1788276072,5915.0,5
1788276073,5939.2,5
1788276074,5969.2,5
1788276075,5980.8,5
1788276076,5918.5,4
1788276077,5935.8,5
1788276078,5966.6,5
1788276079,6050.2,5
1788276080,6067.0,5
1788276081,6076.6,5
1788276082,6050.6,5
1788276083,6087.6,5
1788276084,6082.6,5
1788276085,6056.6,5
1788276086,6069.6,5
1788276087,6043.5,4
1788276088,6210.8,5
1788276089,9193.6,5
1788276090,6038.2,5
1788276091,6073.8,5
1788276092,6151.8,5
1788276093,6203.0,5
1788276094,6265.4,5
1788276095,6306.0,4
1788276096,6351.0,5
1788276097,6387.2,5
1788276098,6409.0,5
1788276099,6446.0,5
1788276100,6467.6,5
1788276101,6471.4,5
1788276102,6481.0,5
1788276103,6478.4,5
1788276104,6476.0,4
1788276105,6487.2,5
1788276106,6466.4,5
1788276107,6470.2,5
1788276108,6462.6,5
1788276109,6467.8,5
1788276110,6424.0,5
1788276111,6411.0,5
1788276112,6386.2,4
1788276113,6377.4,5
1788276114,6350.0,5
1788276115,6332.8,5
1788276116,6303.2,5
1788276117,6285.6,5
1788276118,6242.0,5
1788276119,6262.8,5
1788276120,6238.0,5
1788276121,6240.2,4
1788276122,6219.6,5
1788276123,6210.8,5
1788276124,6186.4,5
1788276125,6186.8,5
1788276126,6168.4,5
1788276127,6151.6,5
1788276128,6144.6,5
1788276129,6099.2,4
1788276130,6104.0,5
1788276131,6074.6,5
1788276132,6059.6,5
1788276133,6053.0,5
1788276134,6039.0,5
1788276135,6026.6,5
1788276136,6009.0,5
1788276137,5984.2,4
1788276138,5977.0,5
1788276139,5946.2,5
1788276140,5927.8,5
1788276141,5191.8,5
1788276142,4962.0,5
1788276143,6003.0,5
1788276144,6096.4,5
1788276145,6038.0,5
1788276146,5990.0,4
1788276147,5930.8,5
1788276148,5883.4,5
1788276149,5837.0,5
1788276150,5845.2,5
1788276151,5806.6,5
1788276152,5800.0,5
1788276153,5793.0,5
1788276154,5781.8,5
1788276155,5703.0,5
1788276156,5711.2,4
1788276157,5694.0,5
1788276158,5720.6,5
1788276159,5703.0,5
1788276160,5744.4,5
1788276161,5744.0,5
1788276162,5753.8,5
1788276163,5765.6,5
1788276164,5786.0,5
1788276165,5809.6,5
1788276166,5829.0,5
1788276167,5848.0,4
1788276168,5868.0,5
1788276169,5882.6,5
1788276170,5895.8,5
1788276171,5911.0,5
1788276172,5931.8,5
1788276173,5972.6,5
1788276174,6001.8,5
1788276175,6035.0,5
1788276176,6065.0,5
1788276177,6083.5,4
1788276178,6100.6,5
1788276179,6138.0,5
1788276180,6163.2,5
1788276181,7708.6,5
1788276182,5949.6,5
1788276183,6027.4,5
1788276184,6102.6,5
1788276185,6199.8,5
1788276186,6257.2,5
1788276187,6331.5,4
1788276188,6384.6,5
1788276189,6435.6,5
1788276190,6476.0,5
1788276191,6514.8,5
1788276192,6544.4,5
1788276193,6579.6,5
1788276194,6589.8,5
1788276195,6620.8,5
1788276196,6611.0,4
1788276197,6623.0,5
1788276198,6627.6,5
1788276199,6629.8,5
1788276200,6627.4,5
1788276201,6622.0,5
1788276202,6615.0,5
1788276203,6621.6,5
1788276204,6606.8,5
1788276205,6587.4,5
1788276206,6607.2,4
1788276207,6566.2,5
1788276208,6555.2,5
1788276209,6532.6,5
1788276210,6506.8,5
1788276211,6479.8,5
1788276212,6441.0,5
1788276213,6422.0,5
1788276214,6401.4,5
1788276215,6415.4,5
1788276216,6240.5,4
1788276217,6246.4,5
1788276218,6212.2,5
1788276219,6177.6,5
1788276220,6144.2,5
1788276221,6123.2,5
1788276222,6104.2,5
1788276223,6091.4,5
1788276224,6084.2,5
1788276225,6068.0,4
1788276226,6078.6,5
1788276227,6051.8,5
1788276228,6035.8,5
1788276229,6031.6,5
1788276230,4201.4,5
1788276231,4990.6,5
1788276232,5148.6,5
1788276233,5161.6,5
1788276234,5194.0,4
1788276235,5233.6,5
1788276236,5239.0,5
1788276237,7082.8,5
1788276238,5247.6,5
1788276239,5235.4,5
1788276240,5232.8,5
1788276241,5242.2,5
1788276242,5228.0,5
1788276243,5227.0,5
1788276244,5251.5,4
1788276245,5243.6,5
1788276246,5214.6,5
1788276247,5229.8,5
1788276248,5245.0,5
1788276249,5232.6,5
1788276250,5215.8,5
1788276251,5222.4,5
1788276252,5230.6,5
1788276253,5215.8,5
1788276254,5174.6,5
1788276255,5163.5,4
1788276256,5154.4,5
1788276257,5167.2,5
1788276258,5181.8,5
1788276259,5155.6,5
1788276260,5186.8,5
1788276261,5160.6,5
1788276262,5159.2,5
1788276263,5166.8,5
1788276264,5169.8,5
1788276265,5144.5,4
1788276266,5170.6,5
1788276267,5195.8,5
1788276268,5138.6,5
1788276269,5177.6,5
1788276270,5157.0,5
1788276271,5628.0,5
1788276272,5159.4,5
1788276273,5148.6,5
1788276274,5155.2,5
1788276275,5156.2,4
1788276276,14460.0,5
1788276277,10567.0,5
1788276278,9749.0,5
1788276279,9103.6,5
1788276280,8288.2,5
1788276281,7811.8,5
1788276282,7497.2,5
1788276283,7391.8,5
1788276284,6932.4,5
1788276285,6774.8,4
1788276286,6653.4,5
1788276287,6539.4,5
1788276288,6437.2,5
1788276289,6338.4,5
1788276290,6274.6,5
1788276291,6271.2,5
1788276292,6203.2,5
1788276293,6006.2,5
1788276294,5945.5,4
1788276295,5894.0,5
1788276296,5842.2,5
1788276297,5784.4,5
1788276298,5754.8,5
1788276299,5713.8,5
1788276300,5669.0,5
1788276301,5637.4,5
1788276302,5597.8,5
1788276303,5570.4,5
1788276304,5547.0,4
1788276305,5524.0,5
1788276306,5479.0,5
1788276307,5472.2,5
1788276308,5448.8,5
1788276309,5428.2,5
1788276310,5402.2,5
1788276311,5384.0,5
1788276312,5374.2,5
1788276313,5350.2,4
1788276314,5351.4,5
1788276315,5323.4,5
1788276316,5313.6,5
1788276317,5289.6,5
1788276318,5288.6,5
1788276319,5285.6,5
1788276320,5261.6,5
1788276321,5267.4,5
1788276322,5256.8,4
1788276323,5271.8,5
1788276324,5260.4,5
1788276325,4919.2,5
1788276326,3870.0,5
1788276327,5531.6,5
1788276328,5584.4,5
1788276329,5581.4,5
1788276330,5542.2,5
1788276331,5508.8,5
1788276332,5507.0,4
1788276333,5508.8,5
1788276334,5496.6,5
1788276335,5503.2,5
1788276336,5463.4,5
1788276337,5438.2,5
1788276338,5432.2,5
1788276339,5457.4,5
1788276340,5486.0,5
1788276341,5523.2,5
1788276342,5529.0,5
1788276343,5560.0,4
1788276344,5574.8,5
1788276345,5606.8,5
1788276346,5634.8,5
1788276347,5672.8,5
1788276348,5697.6,5
1788276349,5749.2,5
1788276350,5707.0,5
1788276351,5736.8,5
1788276352,5717.0,5
1788276353,5797.0,4
1788276354,5907.0,5
1788276355,5911.2,5
1788276356,5924.0,5
1788276357,5931.0,5
1788276358,5951.8,5
1788276359,6104.0,5
1788276360,6063.6,5
1788276361,6061.4,5
1788276362,6044.4,5
1788276363,6064.8,4
1788276364,6079.0,5
1788276365,6056.4,5
1788276366,6056.8,5
1788276367,6083.8,5
1788276368,6076.0,5
1788276369,6103.6,5
1788276370,6066.0,5
1788276371,9421.4,5
1788276372,6148.0,5
1788276373,6209.0,4
1788276374,6269.4,5
1788276375,6336.0,5
1788276376,6395.2,5
1788276377,6440.6,5
1788276378,6494.4,5
1788276379,6519.0,5
1788276380,6553.2,5
1788276381,6588.4,5
1788276382,6603.8,4
1788276383,6598.6,5
1788276384,6603.8,5
1788276385,6611.0,5
1788276386,6609.2,5
1788276387,6598.4,5
1788276388,6609.4,5
1788276389,6586.6,5
1788276390,6583.0,4
1788276391,6567.4,5
1788276392,6562.0,5
1788276393,6543.6,5
1788276394,6514.0,5
1788276395,6508.0,5
1788276396,6462.4,5
1788276397,6447.6,5
1788276398,6431.0,5
1788276399,6413.5,4
1788276400,6409.8,5
1788276401,6424.4,5
1788276402,6401.2,5
1788276403,6378.8,5
1788276404,6366.6,5
1788276405,6339.2,5
1788276406,6339.4,5
1788276407,6318.2,4
1788276408,6309.0,5
1788276409,6284.8,5
1788276410,6273.4,5
1788276411,6250.8,5
1788276412,6225.8,5
1788276413,6213.0,5
1788276414,6202.4,5
1788276415,6182.8,4
1788276416,6171.2,5
1788276417,6152.6,5
1788276418,6147.2,5
1788276419,6109.0,5
1788276420,6091.4,5
1788276421,6091.4,5
1788276422,6070.4,5
1788276423,6054.2,4
1788276424,4785.4,5
1788276425,5522.6,5
1788276426,6273.0,5
1788276427,6192.2,5
1788276428,6139.0,5
1788276429,6076.0,5
1788276430,6016.8,5
1788276431,5981.2,5
1788276432,5934.2,5
1788276433,5896.2,4
1788276434,5878.8,5
1788276435,5865.0,5
1788276436,5863.6,5
1788276437,5856.8,5
1788276438,5855.6,5
1788276439,5853.4,5
1788276440,5858.2,5
1788276441,5865.4,5
1788276442,5880.8,5
1788276443,6135.8,5
1788276444,5847.2,4
1788276445,5835.0,5
1788276446,5846.6,5
1788276447,5860.0,5
1788276448,5875.8,5
1788276449,5900.6,5
1788276450,5928.4,5
1788276451,6041.0,5
1788276452,5878.6,5
1788276453,6003.8,5
1788276454,6024.2,4
1788276455,6059.8,5
1788276456,6095.0,5
1788276457,6101.8,5
1788276458,6072.6,5
1788276459,6118.8,5
1788276460,6154.6,5
1788276461,6200.8,5
1788276462,6193.4,5
1788276463,7636.6,5
1788276464,6567.8,4
1788276465,6078.2,5
1788276466,6159.8,5
1788276467,6233.8,5
1788276468,6325.2,5
1788276469,6390.2,5
1788276470,6454.2,5
1788276471,6514.6,5
1788276472,6563.2,5
1788276473,6597.0,4
1788276474,6636.2,5
1788276475,6646.6,5
1788276476,6683.6,5
1788276477,6708.6,5
1788276478,6720.0,5
1788276479,6745.8,5
1788276480,6758.0,5
1788276481,6747.6,5
1788276482,6746.2,5
1788276483,6745.0,4
1788276484,6760.8,5
1788276485,6764.8,5
1788276486,6751.6,5
1788276487,6719.6,5
1788276488,6725.2,5
1788276489,6680.0,5
1788276490,6682.0,5
1788276491,6648.4,5
1788276492,6610.8,4
1788276493,6585.6,5
1788276494,6576.4,5
1788276495,6560.8,5
1788276496,6517.2,5
1788276497,6522.4,5
1788276498,6486.0,5
1788276499,6484.8,5
1788276500,6444.6,5
1788276501,6440.4,5
1788276502,6427.0,4
1788276503,6420.2,5
1788276504,6386.8,5
1788276505,6371.8,5
1788276506,6342.0,5
1788276507,6317.8,5
1788276508,6304.2,5
1788276509,6288.0,5
1788276510,6242.2,5
1788276511,5948.0,4
1788276512,3943.2,5
1788276513,5170.8,5
1788276514,5161.8,5
1788276515,5179.4,5
1788276516,5243.2,5
1788276517,5222.4,5
1788276518,5213.4,5
1788276519,5230.2,5
1788276520,5228.4,5
1788276521,5292.8,5
1788276522,5232.2,4
1788276523,5212.4,5
1788276524,5222.0,5
1788276525,5225.6,5
1788276526,5235.2,5
1788276527,5264.6,5
1788276528,5222.8,5
1788276529,5244.2,5
1788276530,5232.2,5
1788276531,5202.4,5
1788276532,5229.2,5
1788276533,5213.2,4
1788276534,5205.4,5
1788276535,5180.4,5
1788276536,5141.4,5
1788276537,5157.0,5
1788276538,5164.6,5
1788276539,5166.4,5
1788276540,5184.2,5
1788276541,5188.4,5
1788276542,5161.6,5
1788276543,5163.5,4
1788276544,5158.2,5
1788276545,5171.4,5
1788276546,5172.4,5
1788276547,5147.2,5
1788276548,5149.4,5
1788276549,5163.8,5
1788276550,5158.0,5
1788276551,5153.4,5
1788276552,5168.6,5
1788276553,5161.2,5
1788276554,5181.5,4
1788276555,5160.4,5
1788276556,5137.8,5
1788276557,6745.4,5
1788276558,18439.0,5
1788276559,15070.2,5
1788276560,13552.0,5
1788276561,12255.8,5
1788276562,10884.4,5
1788276563,10269.0,5
1788276564,9393.2,4
1788276565,9119.4,5
1788276566,8496.2,5
1788276567,8074.4,5
1788276568,7797.8,5
1788276569,7553.4,5
1788276570,7497.8,5
1788276571,7263.6,5
1788276572,6997.6,5
1788276573,6849.4,5
1788276574,6744.8,4
1788276575,6659.8,5
1788276576,6548.2,5
1788276577,6451.6,5
1788276578,6500.6,5
1788276579,6301.0,5
1788276580,6113.4,5
1788276581,6047.4,5
1788276582,5990.0,5
1788276583,5922.4,5
1788276584,5878.0,4
1788276585,5817.8,5
1788276586,5761.8,5
1788276587,5725.2,5
1788276588,5666.0,5
1788276589,5631.0,5
1788276590,5583.8,5
1788276591,5540.6,5
1788276592,5515.6,5
1788276593,5482.8,4
1788276594,5456.0,5
1788276595,5423.0,5
1788276596,5401.8,5
1788276597,5379.8,5
1788276598,5360.0,5
1788276599,5346.2,5
1788276600,5322.8,5
1788276601,5309.4,5
1788276602,5288.5,4
1788276603,5275.8,5
1788276604,5263.2,5
1788276605,3954.4,5
1788276606,4906.0,5
1788276607,5597.6,5
1788276608,5574.8,5
1788276609,5548.8,5
1788276610,5535.4,5
1788276611,5536.0,5
1788276612,5510.0,4
1788276613,5514.8,5
1788276614,5503.2,5
1788276615,5488.8,5
1788276616,5503.8,5
1788276617,5509.0,5
1788276618,5518.6,5
1788276619,5528.8,5
1788276620,5544.0,5
1788276621,5551.8,5
1788276622,5571.2,5
1788276623,5582.8,4
1788276624,5611.8,5
1788276625,5638.2,5
1788276626,5664.8,5
1788276627,5677.0,5
1788276628,5683.8,5
1788276629,5747.0,5
1788276630,5723.6,5
1788276631,5724.8,5
1788276632,5775.4,5
1788276633,5892.6,5
1788276634,5923.5,4
1788276635,5937.6,5
1788276636,5931.8,5
1788276637,6274.2,5
1788276638,5786.6,5
1788276639,5938.4,5
1788276640,5990.0,5
1788276641,6084.0,5
1788276642,6071.0,5
1788276643,6088.0,5
1788276644,6141.8,4
1788276645,6088.2,5
1788276646,6079.6,5
1788276647,6063.0,5
1788276648,6067.2,5
1788276649,6052.8,5
1788276650,9267.2,5
1788276651,6348.4,5
1788276652,6246.6,5
1788276653,6302.2,4
1788276654,6347.2,5
1788276655,6397.2,5
1788276656,6435.6,5
1788276657,6499.4,5
1788276658,6539.2,5
1788276659,6576.8,5
1788276660,6594.0,5
1788276661,6615.6,5
1788276662,6644.8,4
1788276663,6650.2,5
1788276664,6662.2,5
1788276665,6667.8,5
1788276666,6668.0,5
1788276667,6653.6,5
1788276668,6670.4,5
1788276669,6646.4,5
1788276670,6647.8,4
1788276671,6634.4,5
1788276672,6619.0,5
1788276673,6612.8,5
1788276674,6583.6,5
1788276675,6556.8,5
1788276676,6545.2,5
1788276677,6538.0,5
1788276678,6510.2,5
1788276679,6495.2,4
1788276680,6484.2,5
1788276681,6469.2,5
1788276682,6457.0,5
1788276683,6427.4,5
1788276684,6420.4,5
1788276685,6409.0,5
1788276686,6372.6,5
1788276687,6377.2,4
1788276688,6343.2,5
1788276689,6343.4,5
1788276690,6309.8,5
1788276691,6303.6,5
1788276692,6293.0,5
1788276693,6254.8,5
1788276694,6236.6,5
1788276695,6232.2,4
1788276696,6216.6,5
1788276697,6191.4,5
1788276698,6185.2,5
1788276699,6149.0,5
1788276700,6143.0,5
1788276701,6140.0,5
1788276702,6127.0,4
1788276703,6115.8,5
1788276704,4443.4,5
1788276705,6118.0,5
1788276706,6329.8,5
1788276707,6277.0,5
1788276708,6213.4,5
1788276709,6157.8,5
1788276710,6107.2,5
1788276711,6072.8,5
1788276712,6038.8,4
1788276713,6028.0,5
1788276714,5991.4,5
1788276715,5993.4,5
1788276716,5974.0,5
1788276717,5979.4,5
1788276718,5980.0,5
1788276719,5974.6,5
1788276720,5990.4,5
1788276721,5989.2,5
1788276722,6040.6,5
1788276723,6213.8,4
1788276724,6010.6,5
1788276725,5969.8,5
1788276726,5978.0,5
1788276727,6012.8,5
1788276728,6032.6,5
1788276729,6056.2,5
1788276730,6082.0,5
1788276731,6121.8,5
1788276732,6137.8,5
1788276733,6172.0,5
1788276734,6185.0,4
1788276735,6211.8,5
1788276736,6203.8,5
1788276737,6236.2,5
1788276738,6217.0,5
1788276739,6234.0,5
1788276740,6352.2,5
1788276741,6378.6,5
1788276742,6405.6,5
1788276743,8258.8,5
1788276744,6089.8,4
1788276745,6177.2,5
1788276746,6232.4,5
1788276747,6321.8,5
1788276748,6371.2,5
1788276749,6442.0,5
1788276750,6494.4,5
1788276751,6558.2,5
1788276752,6615.8,5
1788276753,6659.0,5
1788276754,6692.2,4
1788276755,6715.4,5
1788276756,6755.6,5
1788276757,6761.4,5
1788276758,6776.4,5
1788276759,6799.2,5
1788276760,6815.2,5
1788276761,6819.8,5
1788276762,6819.8,5
1788276763,6837.2,4
1788276764,6818.6,5
1788276765,6839.0,5
1788276766,6801.8,5
1788276767,6802.8,5
1788276768,6798.4,5
1788276769,6769.6,5
1788276770,6771.2,5
1788276771,6747.6,5
1788276772,6723.5,4
1788276773,6706.4,5
1788276774,6662.4,5
1788276775,6649.8,5
1788276776,6606.8,5
1788276777,6573.4,5
1788276778,6565.8,5
1788276779,6535.8,5
1788276780,6540.2,5
1788276781,6500.5,4
1788276782,6475.2,5
1788276783,6450.2,5
1788276784,6424.4,5
1788276785,6388.8,5
1788276786,6379.0,5
1788276787,6356.6,5
1788276788,6344.0,5
1788276789,6309.4,5
1788276790,6313.5,4
1788276791,6295.4,5
1788276792,6298.6,5
1788276793,4720.0,5
1788276794,5051.8,5
1788276795,5384.8,5
1788276796,5365.8,5
1788276797,5376.8,5
1788276798,5388.0,5
1788276799,5380.0,5
1788276800,5351.8,4
1788276801,5483.6,5
1788276802,5458.0,5
1788276803,5473.0,5
1788276804,5466.6,5
1788276805,5482.2,5
1788276806,5492.0,5
1788276807,5458.0,5
1788276808,5449.2,5
1788276809,5474.4,5
1788276810,5459.0,4
1788276811,5444.4,5
1788276812,5436.6,5
1788276813,5672.8,5
1788276814,5473.2,5
1788276815,5476.8,5
1788276816,5496.8,5
1788276817,5466.0,5
1788276818,5467.6,5
1788276819,5588.8,5
1788276820,5441.2,5
1788276821,5426.5,4
1788276822,5381.6,5
1788276823,5416.6,5
1788276824,5388.0,5
1788276825,5410.8,5
1788276826,5379.8,5
1788276827,5416.6,5
1788276828,5379.4,5
1788276829,5380.6,5
1788276830,5373.0,5
1788276831,5394.5,4
1788276832,5392.8,5
1788276833,5372.2,5
1788276834,5363.8,5
1788276835,5381.2,5
1788276836,5358.6,5
1788276837,5404.0,5
1788276838,5376.4,5
1788276839,5392.4,5
1788276840,5383.0,5
1788276841,5372.2,4
1788276842,5354.6,5
1788276843,5381.2,5
1788276844,5400.4,5
1788276845,11447.0,5
1788276846,9414.8,5
1788276847,8752.4,5
1788276848,7977.0,5
1788276849,7652.6,5
1788276850,7190.6,5
1788276851,6802.5,4
1788276852,6609.8,5
1788276853,6402.6,5
1788276854,6415.6,5
1788276855,6172.4,5
1788276856,5973.2,5
1788276857,5879.2,5
1788276858,5814.2,5
1788276859,5755.2,4
1788276860,5703.0,5
1788276861,5629.2,5
1788276862,5582.2,5
1788276863,5539.8,5
1788276864,5504.4,5
1788276865,5439.2,5
1788276866,5395.2,5
1788276867,5355.4,5
1788276868,5328.5,4
1788276869,5285.6,5
1788276870,5251.2,5
1788276871,5221.0,5
1788276872,5187.8,5
1788276873,5159.0,5
1788276874,5127.4,5
1788276875,5100.4,5
1788276876,5094.0,5
1788276877,5103.5,4
1788276878,5108.2,5
1788276879,5098.2,5
1788276880,5076.4,5
1788276881,5075.6,5
1788276882,5079.8,5
1788276883,5080.0,5
1788276884,5085.8,5
1788276885,5081.0,4
1788276886,5076.8,5
1788276887,5075.2,5
1788276888,5086.6,5
1788276889,5072.4,5
1788276890,5059.2,5
1788276891,5066.6,5
1788276892,5064.0,5
1788276893,5030.6,5
1788276894,5055.5,4
1788276895,5033.4,5
1788276896,5058.6,5
1788276897,4579.2,5
1788276898,3944.2,5
1788276899,5177.6,5
1788276900,5471.2,5
1788276901,5436.4,5
1788276902,5405.4,5
1788276903,5410.2,4
1788276904,5404.4,5
1788276905,5403.0,5
1788276906,5400.2,5
1788276907,5402.6,5
1788276908,5428.4,5
1788276909,5426.6,5
1788276910,5451.0,5
1788276911,5463.0,5
1788276912,5480.6,5
1788276913,5501.8,4
1788276914,5526.2,5
1788276915,5552.8,5
1788276916,5575.2,5
1788276917,5606.4,5
1788276918,5636.4,5
1788276919,5660.2,5
1788276920,5694.0,5
1788276921,5728.0,5
1788276922,5761.8,5
1788276923,5794.8,5
1788276924,5811.5,4
1788276925,5867.6,5
1788276926,5886.0,5
1788276927,5903.4,5
1788276928,5920.6,5
1788276929,5982.4,5
1788276930,5954.8,5
1788276931,5980.0,5
1788276932,5949.6,5
1788276933,6187.0,5
1788276934,6000.2,4
1788276935,6160.2,5
1788276936,6150.0,5
1788276937,6147.6,5
1788276938,6200.4,5
1788276939,6248.2,5
1788276940,6401.0,5
1788276941,6246.8,5
1788276942,6279.2,5
1788276943,6310.8,5
1788276944,6352.5,4
1788276945,6318.4,5
1788276946,6276.0,5
1788276947,6302.8,5
1788276948,6314.0,5
1788276949,9342.2,5
1788276950,6125.0,5
1788276951,6259.0,5
1788276952,6345.8,5
1788276953,6423.8,4
1788276954,6500.4,5
1788276955,6578.0,5
1788276956,6625.6,5
1788276957,6688.2,5
1788276958,6723.6,5
1788276959,6766.4,5
1788276960,6778.4,5
1788276961,6790.4,5
1788276962,6811.5,4
1788276963,6810.2,5
1788276964,6818.6,5
1788276965,6825.6,5
1788276966,6818.2,5
1788276967,6808.4,5
1788276968,6805.4,5
1788276969,6787.6,5
1788276970,6769.0,4
1788276971,6750.0,5
1788276972,6752.0,5
1788276973,6735.6,5
1788276974,6704.6,5
1788276975,6684.4,5
1788276976,6636.2,5
1788276977,6576.8,5
1788276978,6547.4,5
1788276979,6509.8,4
1788276980,6459.0,5
1788276981,6419.6,5
1788276982,6387.4,5
1788276983,6362.2,5
1788276984,6327.2,5
1788276985,6303.0,5
1788276986,6277.0,5
1788276987,6237.8,5
1788276988,6223.0,4
1788276989,6188.0,5
1788276990,6166.4,5
1788276991,6122.8,5
1788276992,6098.6,5
1788276993,6078.4,5
1788276994,6053.8,5
1788276995,6037.8,5
1788276996,6020.2,4
1788276997,5987.6,5
1788276998,5965.2,5
1788276999,5944.0,5
1788277000,5928.6,5
1788277001,5891.8,5
1788277002,4770.2,5
1788277003,5552.8,5
1788277004,5774.0,5
1788277005,5869.2,4
1788277006,5800.0,5
1788277007,5777.0,5
1788277008,5751.8,5
1788277009,5731.2,5
1788277010,5725.2,5
1788277011,5705.8,5
1788277012,5699.2,5
1788277013,5689.8,5
1788277014,5684.4,5
1788277015,5689.8,5
1788277016,5696.8,4
1788277017,5699.0,5
1788277018,5718.2,5
1788277019,5730.4,5
1788277020,5760.6,5
1788277021,5779.0,5
1788277022,5794.8,5
1788277023,5795.0,5
1788277024,5809.0,5
1788277025,5832.4,5
1788277026,5844.5,4
1788277027,5856.4,5
1788277028,5887.4,5
1788277029,5923.4,5
1788277030,5949.4,5
1788277031,5981.4,5
1788277032,6008.8,5
1788277033,6041.4,5
1788277034,6700.2,5
1788277035,5403.4,5
1788277036,5970.0,4
1788277037,6117.8,5
1788277038,6150.0,5
1788277039,6196.8,5
1788277040,6223.2,5
1788277041,6253.8,5
1788277042,6670.6,5
1788277043,7422.4,5
1788277044,6074.6,5
1788277045,6151.8,5
1788277046,6228.2,4
1788277047,6297.2,5
1788277048,6351.6,5
1788277049,6414.8,5
1788277050,6475.0,5
1788277051,6517.0,5
1788277052,6552.2,5
1788277053,6549.2,5
1788277054,6565.6,5
1788277055,6599.8,4
1788277056,6617.6,5
1788277057,6653.8,5
1788277058,6663.2,5
1788277059,6695.8,5
1788277060,6712.4,5
1788277061,6678.6,5
1788277062,6656.6,5
1788277063,6666.4,5
1788277064,6664.2,4
1788277065,6663.6,5
1788277066,6658.4,5
1788277067,6645.4,5
1788277068,6628.6,5
1788277069,6622.8,5
1788277070,6614.2,5
1788277071,6603.4,5
1788277072,6562.0,5
1788277073,6511.8,5
1788277074,6496.8,4
1788277075,6445.2,5
1788277076,6416.8,5
1788277077,6396.4,5
1788277078,6354.0,5
1788277079,6347.0,5
1788277080,6304.0,5
1788277081,6270.0,5
1788277082,6231.2,5
1788277083,6225.8,4
1788277084,6188.2,5
1788277085,6161.8,5
1788277086,6138.2,5
1788277087,6123.2,5
1788277088,6114.4,5
1788277089,6126.0,5
1788277090,6129.2,5
1788277091,6050.0,5
1788277092,3833.5,4
1788277093,4947.8,5
1788277094,5410.8,5
1788277095,5408.8,5
1788277096,5376.2,5
1788277097,5375.4,5
1788277098,5389.0,5
1788277099,5393.2,5
1788277100,5481.0,5
1788277101,5471.8,5
1788277102,5460.0,4
1788277103,5490.4,5
1788277104,5480.4,5
1788277105,5494.2,5
1788277106,5491.8,5
1788277107,5486.0,5
1788277108,5486.6,5
1788277109,5493.4,5
1788277110,5470.8,5
1788277111,5470.6,5
1788277112,5471.5,4
1788277113,5493.2,5
1788277114,5485.8,5
1788277115,5495.8,5
1788277116,5462.2,5
1788277117,5467.6,5
1788277118,5470.8,5
1788277119,5448.6,5
1788277120,5393.0,5
1788277121,5396.4,5
1788277122,5392.5,4
1788277123,5389.4,5
1788277124,5377.2,5
1788277125,5367.2,5
1788277126,5386.8,5
1788277127,5370.0,5
1788277128,5404.4,5
1788277129,5435.0,5
1788277130,5374.0,5
1788277131,5364.4,5
1788277132,5382.8,4
1788277133,5380.4,5
1788277134,5399.6,5
1788277135,5363.0,5
1788277136,5352.0,5
1788277137,5394.8,5
1788277138,5389.4,5
1788277139,5394.4,5
1788277140,5392.2,5
1788277141,5373.0,5
1788277142,5375.2,4
1788277143,5405.6,5
1788277144,10957.8,5
1788277145,8935.6,5
1788277146,8126.6,5
1788277147,7699.6,5
1788277148,7383.4,5
1788277149,6857.6,5
1788277150,6602.0,5
1788277151,6459.2,4
1788277152,6408.6,5
1788277153,6238.8,5
1788277154,6004.6,5
1788277155,5920.2,5
1788277156,5845.2,5
1788277157,5793.0,5
1788277158,5730.8,5
1788277159,5671.4,5
1788277160,5645.5,4
1788277161,5591.0,5
1788277162,5542.4,5
1788277163,5500.0,5
1788277164,5451.2,5
1788277165,5410.4,5
1788277166,5377.8,5
1788277167,5342.0,5
1788277168,5294.8,4
1788277169,5281.2,5
1788277170,5249.2,5
1788277171,5209.8,5
1788277172,5204.8,5
1788277173,5179.8,5
1788277174,5123.2,5
1788277175,5140.0,5
1788277176,5147.4,5
1788277177,5144.8,4
1788277178,5145.0,5
1788277179,5136.2,5
1788277180,5138.2,5
1788277181,5196.8,5
1788277182,5034.2,5
1788277183,5092.0,5
1788277184,5095.2,5
1788277185,5105.4,5
1788277186,5123.5,4
1788277187,5105.6,5
1788277188,5084.6,5
1788277189,5106.0,5
1788277190,5105.8,5
1788277191,5074.0,5
1788277192,5088.6,5
1788277193,5057.8,5
1788277194,5055.5,4
1788277195,5055.4,5
1788277196,3649.4,5
1788277197,4986.8,5
1788277198,5152.2,5
1788277199,5415.8,5
1788277200,5363.4,5
1788277201,5364.2,5
1788277202,5342.0,5
1788277203,5335.6,5
1788277204,5334.8,4
1788277205,5344.6,5
1788277206,5352.2,5
1788277207,5369.0,5
1788277208,5377.8,5
1788277209,5408.6,5
1788277210,5419.0,5
1788277211,5433.8,5
1788277212,5463.6,5
1788277213,5489.6,5
1788277214,5502.5,4
1788277215,5518.6,5
1788277216,5546.4,5
1788277217,5570.2,5
1788277218,5602.6,5
1788277219,5635.6,5
1788277220,5664.6,5
1788277221,5695.2,5
1788277222,5732.0,5
1788277223,5778.6,5
1788277224,5772.0,4
1788277225,5811.0,5
1788277226,5852.4,5
1788277227,5858.2,5
1788277228,5897.2,5
1788277229,5928.2,5
1788277230,5962.6,5
1788277231,5967.6,5
1788277232,5966.2,5
1788277233,5985.0,5
1788277234,6129.8,5
1788277235,6148.5,4
1788277236,6144.4,5
1788277237,6149.8,5
1788277238,6162.2,5
1788277239,6238.2,5
1788277240,6307.2,5
1788277241,6288.0,5
1788277242,6334.2,5
1788277243,6266.2,5
1788277244,6296.8,4
1788277245,6292.0,5
1788277246,6295.0,5
1788277247,7460.4,5
1788277248,8037.2,5
1788277249,6113.6,5
1788277250,6195.0,5
1788277251,6262.0,5
1788277252,6368.2,5
1788277253,6459.2,4
1788277254,6501.4,5
1788277255,6572.0,5
1788277256,6631.0,5
1788277257,6646.4,5
1788277258,6677.4,5
1788277259,6687.8,5
1788277260,6697.6,5
1788277261,6720.4,5
1788277262,6725.8,4
1788277263,6713.8,5
1788277264,6712.0,5
1788277265,6732.4,5
1788277266,6720.2,5
1788277267,6726.4,5
1788277268,6712.4,5
1788277269,6696.8,5
1788277270,6695.5,4
1788277271,6666.8,5
1788277272,6645.2,5
1788277273,6642.0,5
1788277274,6632.8,5
1788277275,6578.8,5
1788277276,6550.6,5
1788277277,6500.6,5
1788277278,6452.6,5
1788277279,6412.5,4
1788277280,6403.8,5
1788277281,6370.8,5
1788277282,6341.0,5
1788277283,6316.0,5
1788277284,6300.8,5
1788277285,6269.6,5
1788277286,6252.4,5
1788277287,6229.0,5
1788277288,6199.8,4
1788277289,6196.2,5
1788277290,6165.2,5
1788277291,6136.2,5
1788277292,6113.8,5
1788277293,6095.2,5
1788277294,6069.2,5
1788277295,6037.6,5
1788277296,6009.5,4
1788277297,6003.8,5
1788277298,5973.4,5
1788277299,5961.8,5
1788277300,5952.2,5
1788277301,4707.6,5
1788277302,5682.2,5
1788277303,6066.4,5
1788277304,6056.6,5
1788277305,6002.8,5
1788277306,5968.0,4
1788277307,5932.8,5
1788277308,5907.4,5
1788277309,5886.6,5
1788277310,5867.6,5
1788277311,5847.8,5
1788277312,5827.2,5
1788277313,5805.6,5
1788277314,5795.8,5
1788277315,5792.0,5
1788277316,5788.0,5
1788277317,5785.2,4
1788277318,5792.8,5
1788277319,5810.2,5
1788277320,5824.6,5
1788277321,5842.2,5
1788277322,5851.6,5
1788277323,5857.8,5
1788277324,5857.6,5
1788277325,5877.2,5
1788277326,5896.4,5
1788277327,5918.0,4
1788277328,5942.8,5
1788277329,5966.2,5
1788277330,6012.2,5
1788277331,6030.8,5
1788277332,6060.8,5
1788277333,6086.6,5
1788277334,6113.2,5
1788277335,6140.0,5
1788277336,6171.6,5
1788277337,6203.5,4
1788277338,6221.0,5
1788277339,6247.8,5
1788277340,6274.8,5
1788277341,6300.6,5
1788277342,7453.8,5
1788277343,6671.0,5
1788277344,6141.8,5
1788277345,6199.2,5
1788277346,6302.6,5
1788277347,6344.5,4
1788277348,6420.2,5
1788277349,6471.0,5
1788277350,6540.6,5
1788277351,6594.0,5
1788277352,6641.2,5
1788277353,6668.0,5
1788277354,6693.6,5
1788277355,6698.2,5
1788277356,6707.5,4
1788277357,6727.8,5
1788277358,6738.4,5
1788277359,6743.2,5
1788277360,6751.8,5
1788277361,6743.4,5
1788277362,6740.0,5
1788277363,6741.8,5
1788277364,6721.8,5
1788277365,6703.0,5
1788277366,6706.8,4
1788277367,6707.4,5
1788277368,6683.6,5
1788277369,6674.0,5
1788277370,6660.8,5
1788277371,6639.8,5
1788277372,6598.6,5
1788277373,6553.8,5
1788277374,6528.6,5
1788277375,6819.5,4
1788277376,6306.2,5
1788277377,6576.0,5
1788277378,6217.8,5
1788277379,5761.6,5
1788277380,5623.2,5
1788277381,5498.2,5
1788277382,5385.8,4
1788277383,5438.4,5
1788277384,5316.8,5
1788277385,5163.0,5
1788277386,5173.2,5
1788277387,5197.6,5
1788277388,5159.0,5
1788277389,5195.8,5
1788277390,4998.8,4
1788277391,4963.2,5
1788277392,4886.6,5
1788277393,4870.4,5
1788277394,4834.6,5
1788277395,4786.6,5
1788277396,4731.8,5
1788277397,4691.0,4
1788277398,4673.4,5
1788277399,4633.4,5
1788277400,4585.6,5
1788277401,4556.8,5
1788277402,4539.2,5
1788277403,4484.8,5
1788277404,4484.5,4
1788277405,4483.6,5
1788277406,4141.0,5
1788277407,3891.2,5
1788277408,4011.0,5
1788277409,4517.8,5
1788277410,4462.6,5
1788277411,4364.0,5
1788277412,4270.0,4
1788277413,4217.6,5
1788277414,4231.8,5
1788277415,4337.4,5
1788277416,4364.2,5
1788277417,4050.2,5
1788277418,4178.2,5
1788277419,4054.4,5
1788277420,4060.0,4
1788277421,3990.4,5
1788277422,4002.0,5
1788277423,3942.2,5
1788277424,3897.6,5
1788277425,3889.6,5
1788277426,3892.0,5
1788277427,3832.2,5
1788277428,3878.2,4
1788277429,3815.4,5
1788277430,3800.4,5
1788277431,3817.4,5
1788277432,3771.0,5
1788277433,3784.0,5
1788277434,3762.2,5
1788277435,3767.0,5
1788277436,3742.5,4
1788277437,3743.4,5
1788277438,3736.4,5
1788277439,3732.6,5
1788277440,3720.4,5
1788277441,3759.6,5
1788277442,3731.4,5
1788277443,3761.4,5
1788277444,3764.5,4
1788277445,3740.4,5
1788277446,3777.4,5
1788277447,3779.2,5
1788277448,3815.4,5
1788277449,3794.8,5
1788277450,3115.6,5
1788277451,3089.8,5
1788277452,4053.2,5
1788277453,4340.8,4
1788277454,4349.8,5
1788277455,4351.8,5
1788277456,4399.6,5
1788277457,4726.4,5
1788277458,4400.2,5
1788277459,4367.6,5
1788277460,4317.2,5
1788277461,4306.6,5
1788277462,6097.0,5
1788277463,4291.4,5
1788277464,4080.5,4
1788277465,4088.6,5
1788277466,4109.6,5
1788277467,4121.8,5
1788277468,4091.4,5
1788277469,4084.6,5
1788277470,4328.4,5
1788277471,4396.2,5
1788277472,4444.5,4
1788277473,4456.2,5
1788277474,4501.2,5
1788277475,4524.4,5
1788277476,4552.6,5
1788277477,4576.2,5
1788277478,4607.0,5
1788277479,4632.6,5
1788277480,4647.5,4
1788277481,4680.4,5
1788277482,4708.4,5
1788277483,4728.6,5
1788277484,5261.6,5
1788277485,5135.6,5
1788277486,4613.6,5
1788277487,4505.8,5
1788277488,4630.2,4
1788277489,4607.8,5
1788277490,4334.2,5
1788277491,4430.4,5
1788277492,4440.0,5
1788277493,4328.6,5
1788277494,4428.8,5
1788277495,4817.0,5
1788277496,4819.0,4
1788277497,4822.4,5
1788277498,4842.0,5
1788277499,4863.4,5
1788277500,4864.4,5
1788277501,4898.4,5
1788277502,4896.2,5
1788277503,4913.8,5
1788277504,4905.2,5
1788277505,4920.8,4
1788277506,4931.2,5
1788277507,4928.8,5
1788277508,4923.6,5
1788277509,4924.4,5
1788277510,4930.0,5
1788277511,5017.8,5
1788277512,5030.4,5
1788277513,5058.4,5
1788277514,5042.5,4
1788277515,5062.0,5
1788277516,5063.0,5
1788277517,5079.4,5
1788277518,3571.4,5
1788277519,5037.8,5
1788277520,5463.2,5
1788277521,5468.0,5
1788277522,5482.8,5
1788277523,5430.0,4
1788277524,5427.8,5
1788277525,5427.6,5
1788277526,5429.4,5
1788277527,5437.0,5
1788277528,5460.0,5
1788277529,5477.8,5
1788277530,5500.2,5
1788277531,5531.4,5
1788277532,5543.2,5
1788277533,5561.8,5
1788277534,5577.5,4
1788277535,5613.2,5
1788277536,5635.8,5
1788277537,5649.2,5
1788277538,5690.4,5
1788277539,5727.2,5
1788277540,5753.6,5
1788277541,5780.4,5
1788277542,5819.4,5
1788277543,5840.6,5
1788277544,5870.0,4
1788277545,5871.8,5
1788277546,5894.2,5
1788277547,5923.0,5
1788277548,5983.0,5
1788277549,5945.2,5
1788277550,5974.0,5
1788277551,5952.4,5
1788277552,6000.0,5
1788277553,6160.0,5
1788277554,6155.5,4
1788277555,6245.6,5
1788277556,6145.2,5
1788277557,6138.0,5
1788277558,6171.4,5
1788277559,6220.6,5
1788277560,6161.4,5
1788277561,6179.2,5
1788277562,6300.2,5
1788277563,6279.4,5
1788277564,6310.0,4
1788277565,6390.4,5
1788277566,6426.0,5
1788277567,6298.4,5
1788277568,6286.2,5
1788277569,6318.0,5
1788277570,9356.8,5
1788277571,6207.2,5
1788277572,6306.6,5
1788277573,6385.6,5
1788277574,6445.2,4
1788277575,6536.6,5
1788277576,6585.0,5
1788277577,6636.6,5
1788277578,6680.6,5
1788277579,6725.4,5
1788277580,6764.0,5
1788277581,6772.2,5
1788277582,6796.4,5
1788277583,6806.8,4
1788277584,6834.6,5
1788277585,6815.8,5
1788277586,6814.2,5
1788277587,6789.4,5
1788277588,6793.4,5
1788277589,6796.2,5
1788277590,6777.8,5
1788277591,6798.6,5
1788277592,6735.0,4
1788277593,6716.8,5
1788277594,6706.6,5
1788277595,6708.4,5
1788277596,6695.8,5
1788277597,6666.8,5
1788277598,6640.4,5
1788277599,6598.6,5
1788277600,6551.5,4
1788277601,6523.2,5
1788277602,6496.0,5
1788277603,6461.6,5
1788277604,6436.2,5
1788277605,6419.2,5
1788277606,6381.6,5
1788277607,6365.8,5
1788277608,6338.2,5
1788277609,6320.2,4
1788277610,6282.0,5
1788277611,6259.2,5
1788277612,6225.6,5
1788277613,6198.2,5
1788277614,6180.8,5
1788277615,6147.2,5
1788277616,6119.2,5
1788277617,6091.6,5
1788277618,6082.0,4
1788277619,6059.0,5
1788277620,6031.6,5
1788277621,6010.0,5
1788277622,6000.6,5
1788277623,4680.0,5
1788277624,5717.8,5
1788277625,6087.8,5
1788277626,6064.2,5
1788277627,6087.0,5
1788277628,6057.2,4
1788277629,6158.0,5
1788277630,5916.0,5
1788277631,5835.2,5
1788277632,5817.4,5
1788277633,5794.8,5
1788277634,5785.6,5
1788277635,5772.6,5
1788277636,5768.2,5
1788277637,5769.6,5
1788277638,5770.6,5
1788277639,5773.0,4
1788277640,5770.4,5
1788277641,5792.4,5
1788277642,5805.4,5
1788277643,5823.8,5
1788277644,5846.0,5
1788277645,5862.4,5
1788277646,5878.4,5
1788277647,5873.6,5
1788277648,5898.0,5
1788277649,5920.5,4
1788277650,5948.0,5
1788277651,5971.2,5
1788277652,6000.2,5
1788277653,6026.2,5
1788277654,6061.4,5
1788277655,6088.8,5
1788277656,6114.6,5
1788277657,6144.8,5
1788277658,6183.4,5
1788277659,6196.8,4
1788277660,6234.0,5
1788277661,6272.0,5
1788277662,6293.2,5
1788277663,6306.0,5
1788277664,6353.6,5
1788277665,8036.4,5
1788277666,6097.8,5
1788277667,6178.8,5
1788277668,6267.2,5
1788277669,6323.5,4
1788277670,6368.2,5
1788277671,6430.4,5
1788277672,6464.6,5
1788277673,6510.0,5
1788277674,6551.6,5
1788277675,6569.6,5
1788277676,6580.8,5
1788277677,6592.8,5
1788277678,6598.2,4
1788277679,6610.6,5
1788277680,6605.2,5
1788277681,6605.2,5
1788277682,6611.4,5
1788277683,6578.4,5
1788277684,6591.8,5
1788277685,6569.8,5
1788277686,6563.0,5
1788277687,6544.2,4
1788277688,6524.8,5
1788277689,6515.4,5
1788277690,6472.0,5
1788277691,6462.0,5
1788277692,6429.8,5
1788277693,6399.0,5
1788277694,6398.6,5
1788277695,6350.0,5
1788277696,6341.4,5
1788277697,6364.8,4
1788277698,6194.0,5
1788277699,6142.2,5
1788277700,6159.6,5
1788277701,6154.6,5
1788277702,6158.6,5
1788277703,6144.6,5
1788277704,6142.0,5
1788277705,6141.4,5
1788277706,6142.8,4
1788277707,6129.8,5
1788277708,6095.4,5
1788277709,5998.8,5
1788277710,5999.6,5
1788277711,5969.2,5
1788277712,5970.2,5
1788277713,5938.2,5
1788277714,5919.0,5
1788277715,5898.5,4
1788277716,3474.0,5
1788277717,5345.6,5
1788277718,5382.0,5
1788277719,5396.6,5
1788277720,5379.6,5
1788277721,5377.4,5
1788277722,5388.2,5
1788277723,5449.6,5
1788277724,5484.2,5
1788277725,5461.8,4
1788277726,5485.8,5
1788277727,5483.2,5
1788277728,5476.6,5
1788277729,5471.2,5
1788277730,5469.6,5
1788277731,5462.6,5
1788277732,5469.0,5
1788277733,5463.2,5
1788277734,5493.6,5
1788277735,7169.0,4
1788277736,5477.8,5
1788277737,5468.8,5
1788277738,5482.2,5
1788277739,5449.4,5
1788277740,5473.0,5
1788277741,5474.2,5
1788277742,5482.4,5
1788277743,5416.6,5
1788277744,5370.0,5
1788277745,5384.2,4
1788277746,5396.8,5
1788277747,5384.4,5
1788277748,5356.8,5
1788277749,5404.2,5
1788277750,5389.8,5
1788277751,5393.0,5
1788277752,5388.8,5
1788277753,5388.8,5
1788277754,5368.2,5
1788277755,5363.5,4
1788277756,5419.8,5
1788277757,5441.2,5
1788277758,5386.0,5
1788277759,5371.8,5
1788277760,5384.0,5
1788277761,5395.0,5
1788277762,5393.0,5
1788277763,5389.4,5
1788277764,5381.2,5
1788277765,5396.8,4
1788277766,5376.2,5
1788277767,8925.6,5
1788277768,7952.2,5
1788277769,6886.4,5
1788277770,6573.6,5
1788277771,6416.8,5
1788277772,6229.0,5
1788277773,5918.0,5
1788277774,5813.8,4
1788277775,5726.2,5
1788277776,5646.6,5
1788277777,5578.2,5
1788277778,5525.6,5
1788277779,5475.2,5
1788277780,5431.8,5
1788277781,5405.4,5
1788277782,5364.0,5
1788277783,5345.8,4
1788277784,5338.6,5
1788277785,5438.0,5
1788277786,5379.8,5
1788277787,5062.8,5
1788277788,5093.4,5
1788277789,5076.8,5
1788277790,5092.6,5
1788277791,5075.5,4
1788277792,5020.0,5
1788277793,5011.0,5
1788277794,4967.0,5
1788277795,4967.2,5
1788277796,4954.2,5
1788277797,4936.4,5
1788277798,4927.6,5
1788277799,4914.0,5
1788277800,4918.5,4
1788277801,4940.4,5
1788277802,4917.2,5
1788277803,4939.2,5
1788277804,4934.8,5
1788277805,4915.2,5
1788277806,4945.8,5
1788277807,4940.0,5
1788277808,4921.2,5
1788277809,4928.0,4
1788277810,4937.0,5
1788277811,4960.0,5
1788277812,4944.0,5
1788277813,4957.4,5
1788277814,4955.6,5
1788277815,4980.0,5
1788277816,4944.4,5
1788277817,5012.8,4
1788277818,5095.0,5
1788277819,4877.0,5
1788277820,4879.4,5
1788277821,4257.6,5
1788277822,3749.2,5
1788277823,5108.2,5
1788277824,5270.4,5
1788277825,5332.6,5
1788277826,5334.4,5
1788277827,5313.5,4
1788277828,5336.6,5
1788277829,5280.4,5
1788277830,5315.6,5
1788277831,5327.4,5
1788277832,5339.4,5
1788277833,5349.0,5
1788277834,5372.4,5
1788277835,5384.0,5
1788277836,5397.8,5
1788277837,5419.5,4
1788277838,5438.8,5
1788277839,5481.0,5
1788277840,5510.6,5
1788277841,5533.0,5
1788277842,5580.8,5
1788277843,5596.0,5
1788277844,5637.2,5
1788277845,5671.4,5
1788277846,5708.6,5
1788277847,5746.8,5
1788277848,5765.6,5
1788277849,5782.0,4
1788277850,5796.4,5
1788277851,5792.8,5
1788277852,5829.2,5
1788277853,5858.6,5
1788277854,5878.2,5
1788277855,5919.6,5
1788277856,5931.6,5
1788277857,5939.4,5
1788277858,5951.2,5
1788277859,5915.5,4
1788277860,6075.4,5
1788277861,6130.8,5
1788277862,6155.2,5
1788277863,6152.2,5
1788277864,6162.8,5
1788277865,6171.6,5
1788277866,6187.2,5
1788277867,6205.8,5
1788277868,6295.0,5
1788277869,6309.2,4
1788277870,6280.2,5
1788277871,6296.8,5
1788277872,6319.4,5
1788277873,6286.2,5
1788277874,9136.2,5
1788277875,6040.4,5
1788277876,6144.8,5
1788277877,6231.4,5
1788277878,6315.0,4
1788277879,6380.8,5
1788277880,6485.0,5
1788277881,6502.0,5
1788277882,6540.4,5
1788277883,6564.4,5
1788277884,6608.8,5
1788277885,6632.2,5
1788277886,6665.0,5
1788277887,6679.5,4
1788277888,6695.4,5
1788277889,6697.6,5
1788277890,6704.2,5
1788277891,6699.4,5
1788277892,6706.6,5
1788277893,6690.6,5
1788277894,6668.2,5
1788277895,6673.8,4
1788277896,6653.8,5
1788277897,6626.6,5
1788277898,6621.2,5
1788277899,6602.0,5
1788277900,6589.8,5
1788277901,6568.4,5
1788277902,6514.8,5
1788277903,6470.0,5
1788277904,6438.0,4
1788277905,6401.6,5
1788277906,6367.0,5
1788277907,6340.8,5
1788277908,6307.8,5
1788277909,6264.4,5
1788277910,6240.0,5
1788277911,6202.2,5
1788277912,6172.4,5
1788277913,6138.0,4
1788277914,6126.2,5
1788277915,6102.2,5
1788277916,6081.4,5
1788277917,6062.4,5
1788277918,6034.4,5
1788277919,6041.2,5
1788277920,6007.0,5
1788277921,5998.2,4
1788277922,5991.2,5
1788277923,5956.6,5
1788277924,5954.6,5
1788277925,5912.8,5
1788277926,5897.8,5
1788277927,4930.0,5
1788277928,5258.2,5
1788277929,6057.2,5
1788277930,6044.2,5
1788277931,5971.8,4
1788277932,5939.6,5
1788277933,5901.8,5
1788277934,5866.2,5
1788277935,5933.0,5
1788277936,5697.0,5
1788277937,5785.0,5
1788277938,5744.6,5
1788277939,5712.0,5
1788277940,5682.2,5
1788277941,5692.5,4
1788277942,5707.2,5
1788277943,5714.8,5
1788277944,5729.8,5
1788277945,5755.6,5
1788277946,5764.4,5
1788277947,5783.8,5
1788277948,5778.8,5
1788277949,5779.6,5
1788277950,5786.0,5
1788277951,5798.5,4
1788277952,5826.0,5
1788277953,5842.4,5
1788277954,5865.0,5
1788277955,5889.0,5
1788277956,5900.6,5
1788277957,5925.8,5
1788277958,5955.4,5
1788277959,5981.8,5
1788277960,6009.8,5
1788277961,6045.0,5
1788277962,6067.8,4
1788277963,6092.8,5
1788277964,6133.0,5
1788277965,6160.8,5
1788277966,6201.8,5
1788277967,6225.4,5
1788277968,6315.2,5
1788277969,7743.4,5
1788277970,6065.2,5
1788277971,6119.2,4
1788277972,6183.2,5
1788277973,6266.6,5
1788277974,6319.2,5
1788277975,6403.0,5
1788277976,6440.2,5
1788277977,6492.6,5
1788277978,6536.4,5
1788277979,6578.8,5
1788277980,6602.8,5
1788277981,6627.8,4
1788277982,6639.6,5
1788277983,6653.0,5
1788277984,6669.0,5
1788277985,6666.2,5
1788277986,6683.2,5
1788277987,6680.6,5
1788277988,6678.0,5
1788277989,6668.4,5
1788277990,6671.0,4
1788277991,6662.2,5
1788277992,6649.2,5
1788277993,6637.4,5
1788277994,6621.0,5
1788277995,6600.8,5
1788277996,6595.4,5
1788277997,6580.8,5
1788277998,6547.2,5
1788277999,6501.2,4
1788278000,6467.2,5
1788278001,6429.2,5
1788278002,6379.0,5
1788278003,6356.0,5
1788278004,6295.4,5
1788278005,6292.4,5
1788278006,6244.8,5
1788278007,6242.4,5
1788278008,6221.0,4
1788278009,6204.6,5
1788278010,6169.2,5
1788278011,6146.4,5
1788278012,6123.0,5
1788278013,6131.6,5
1788278014,6123.4,5
1788278015,6129.4,5
1788278016,6054.6,5
1788278017,5954.0,4
1788278018,5340.8,5
1788278019,4022.6,5
1788278020,5354.2,5
1788278021,5392.8,5
1788278022,5399.2,5
1788278023,5385.8,5
1788278024,5376.6,5
1788278025,5363.8,5
1788278026,5499.8,5
1788278027,5467.2,4
1788278028,5487.6,5
1788278029,5479.8,5
1788278030,5475.6,5
1788278031,5475.0,5
1788278032,5475.8,5
1788278033,5481.6,5
1788278034,5493.8,5
1788278035,5494.2,5
1788278036,5456.8,5
1788278037,5459.2,5
1788278038,5469.5,4
1788278039,5479.8,5
1788278040,5502.4,5
1788278041,5472.2,5
1788278042,5466.6,5
1788278043,5497.4,5
1788278044,5487.2,5
1788278045,5464.2,5
1788278046,5406.2,5
1788278047,5386.4,5
1788278048,5393.0,4
1788278049,5385.8,5
1788278050,5396.8,5
1788278051,5384.0,5
1788278052,5357.8,5
1788278053,5386.6,5
1788278054,5377.0,5
1788278055,5356.8,5
1788278056,5346.4,5
1788278057,5394.4,5
1788278058,5368.5,4
1788278059,5745.0,5
1788278060,5393.0,5
1788278061,5376.2,5
1788278062,5364.8,5
1788278063,5352.2,5
1788278064,5396.2,5
1788278065,5376.4,5
1788278066,5365.2,5
1788278067,5387.4,5
1788278068,5334.2,4
1788278069,5379.0,5
1788278070,9387.0,5
1788278071,8444.0,5
1788278072,7645.0,5
1788278073,7251.6,5
1788278074,6753.0,5
1788278075,6505.8,5
1788278076,6418.6,5
1788278077,6272.2,4
1788278078,5982.2,5
1788278079,5870.2,5
1788278080,5766.6,5
1788278081,5701.4,5
1788278082,5634.2,5
1788278083,5567.8,5
1788278084,5515.2,5
1788278085,5467.0,5
1788278086,5433.5,4
1788278087,5392.8,5
1788278088,5353.4,5
1788278089,5318.8,5
1788278090,5292.4,5
1788278091,5271.0,5
1788278092,5232.2,5
1788278093,5221.8,5
1788278094,5176.5,4
1788278095,5170.2,5
1788278096,5128.2,5
1788278097,5134.4,5
1788278098,5106.0,5
1788278099,5089.6,5
1788278100,5060.0,5
1788278101,5032.4,5
1788278102,5060.8,5
1788278103,5062.0,4
1788278104,5077.8,5
1788278105,5077.2,5
1788278106,5085.6,5
1788278107,5084.6,5
1788278108,5078.2,5
1788278109,5083.0,5
1788278110,5071.4,5
1788278111,5078.5,4
1788278112,5064.2,5
1788278113,5064.8,5
1788278114,5028.6,5
1788278115,5049.4,5
1788278116,5036.4,5
1788278117,5023.6,5
1788278118,5036.6,5
1788278119,5009.0,5
1788278120,5014.5,4
1788278121,5011.4,5
1788278122,5009.8,5
1788278123,3792.2,5
1788278124,4647.2,5
1788278125,5242.0,5
1788278126,5369.2,5
1788278127,5389.0,5
1788278128,5349.0,5
1788278129,5338.5,4
1788278130,5352.2,5
1788278131,5355.0,5
1788278132,5376.0,5
1788278133,5389.4,5
1788278134,5403.4,5
1788278135,5421.8,5
1788278136,5432.0,5
1788278137,5446.0,5
1788278138,5469.4,5
1788278139,5506.2,5
1788278140,5526.0,4
1788278141,5553.4,5
1788278142,5591.2,5
1788278143,5621.2,5
1788278144,5659.6,5
1788278145,5688.8,5
1788278146,5722.8,5
1788278147,5742.0,5
1788278148,5767.0,5
1788278149,5806.6,5
1788278150,5833.6,5
1788278151,5850.0,4
1788278152,5866.4,5
1788278153,5901.6,5
1788278154,5922.4,5
1788278155,5953.4,5
1788278156,5945.4,5
1788278157,6013.0,5
1788278158,5954.0,5
1788278159,5958.6,5
1788278160,6026.4,5
1788278161,6140.0,5
1788278162,6147.2,4
1788278163,6149.6,5
1788278164,6166.6,5
1788278165,6156.4,5
1788278166,6185.4,5
1788278167,6313.6,5
1788278168,6288.6,5
1788278169,6300.8,5
1788278170,6286.4,5
1788278171,6287.8,5
1788278172,6280.8,5
1788278173,6311.8,4
1788278174,6293.4,5
1788278175,9134.2,5
1788278176,6273.4,5
1788278177,6174.4,5
1788278178,6268.8,5
1788278179,6373.6,5
1788278180,6425.8,5
1788278181,6493.2,5
1788278182,6562.2,4
1788278183,6613.6,5
1788278184,6644.6,5
1788278185,6701.0,5
1788278186,6725.0,5
1788278187,6727.8,5
1788278188,6740.6,5
1788278189,6762.8,5
1788278190,6756.5,4
1788278191,6758.6,5
1788278192,6763.8,5
1788278193,6747.6,5
1788278194,6744.4,5
1788278195,6733.8,5
1788278196,6739.0,5
1788278197,6728.4,5
1788278198,6679.2,5
1788278199,6692.8,4
1788278200,6647.6,5
1788278201,6646.0,5
1788278202,6607.4,5
1788278203,6573.8,5
1788278204,6525.6,5
1788278205,6488.2,5
1788278206,6440.6,5
1788278207,6423.8,4
1788278208,6405.4,5
1788278209,6360.2,5
1788278210,6347.6,5
1788278211,6309.6,5
1788278212,6275.6,5
1788278213,6257.8,5
1788278214,6223.8,5
1788278215,6202.4,5
1788278216,6179.8,4
1788278217,6171.0,5
1788278218,6152.0,5
1788278219,6121.4,5
1788278220,6101.0,5
1788278221,6093.0,5
1788278222,6054.8,5
1788278223,6044.4,5
1788278224,6006.4,5
1788278225,5996.5,4
1788278226,5963.0,5
1788278227,5947.0,5
1788278228,5690.8,5
1788278229,4625.0,5
1788278230,6023.2,5
1788278231,6064.2,5
1788278232,6075.4,5
1788278233,6067.6,5
1788278234,5976.8,5
1788278235,5910.0,4
1788278236,5877.6,5
1788278237,5851.8,5
1788278238,5839.4,5
1788278239,5822.4,5
1788278240,5809.2,5
1788278241,5795.8,5
1788278242,5785.8,5
1788278243,5798.8,5
1788278244,5801.0,5
1788278245,5821.5,4
1788278246,5833.4,5
1788278247,5836.4,5
1788278248,5860.8,5
1788278249,5881.0,5
1788278250,5896.8,5
1788278251,5897.2,5
1788278252,5912.8,5
1788278253,5917.0,5
1788278254,5935.4,5
1788278255,5950.5,4
1788278256,5959.6,5
1788278257,5979.6,5
1788278258,6000.8,5
1788278259,6019.8,5
1788278260,6048.4,5
1788278261,6081.4,5
1788278262,6093.2,5
1788278263,6123.0,5
1788278264,6142.8,5
1788278265,6171.6,5
1788278266,6197.8,4
1788278267,6231.8,5
1788278268,6253.8,5
1788278269,6285.0,5
1788278270,7860.0,5
1788278271,6185.0,5
1788278272,6120.4,5
1788278273,6199.2,5
1788278274,6275.6,5
1788278275,6354.8,5
1788278276,6393.0,4
1788278277,6472.6,5
1788278278,6516.4,5
1788278279,6564.4,5
1788278280,6605.4,5
1788278281,6615.8,5
1788278282,6656.4,5
1788278283,6658.4,5
1788278284,6655.8,5
1788278285,6681.8,4
1788278286,6680.6,5
1788278287,6677.2,5
1788278288,6685.6,5
1788278289,6682.2,5
1788278290,6685.8,5
1788278291,6672.4,5
1788278292,6661.2,5
1788278293,6654.6,5
1788278294,6644.5,4
1788278295,6631.8,5
1788278296,6608.0,5
1788278297,6599.0,5
1788278298,6579.0,5
1788278299,6553.4,5
1788278300,6530.6,5
1788278301,6399.4,5
1788278302,6390.8,5
1788278303,6380.2,4
1788278304,6348.2,5
1788278305,6330.8,5
1788278306,6297.2,5
1788278307,6288.6,5
1788278308,6241.2,5
1788278309,6230.2,5
1788278310,6221.0,5
1788278311,6184.6,5
1788278312,6149.8,4
1788278313,6157.2,5
1788278314,6146.0,5
1788278315,6117.2,5
1788278316,6130.4,5
1788278317,6116.4,5
1788278318,6129.0,5
1788278319,3860.8,5
1788278320,5192.4,5
1788278321,5267.0,4
1788278322,5277.8,5
1788278323,5265.6,5
1788278324,5311.8,5
1788278325,5237.8,5
1788278326,5312.8,5
1788278327,5275.0,5
1788278328,5264.8,5
1788278329,5286.2,5
1788278330,5322.0,5
1788278331,5306.2,5
1788278332,5290.2,4
1788278333,5295.4,5
1788278334,5316.4,5
1788278335,5772.2,5
1788278336,5285.0,5
1788278337,5310.6,5
1788278338,5295.6,5
1788278339,5302.6,5
1788278340,5313.8,5
1788278341,5295.8,5
1788278342,5314.5,4
1788278343,5295.2,5
1788278344,5294.4,5
1788278345,5312.2,5
1788278346,5290.4,5
1788278347,5286.8,5
1788278348,5305.2,5
1788278349,5296.8,5
1788278350,5260.8,5
1788278351,5260.8,5
1788278352,5260.8,4
1788278353,5235.8,5
1788278354,5267.4,5
1788278355,5291.8,5
1788278356,5256.6,5
1788278357,5261.4,5
1788278358,5254.6,5
1788278359,5234.4,5
1788278360,5259.8,5
1788278361,5256.8,5
1788278362,5284.0,4
1788278363,5285.8,5
1788278364,5249.0,5
1788278365,5265.8,5
1788278366,5252.2,5
1788278367,5249.6,5
1788278368,5249.2,5
1788278369,5257.0,5
1788278370,5270.6,5
1788278371,5262.6,5
1788278372,5265.2,4
1788278373,5246.4,5
1788278374,5263.2,5
1788278375,8095.2,5
1788278376,15634.8,5
1788278377,12313.8,5
1788278378,11159.2,5
1788278379,10270.8,5
1788278380,9170.0,5
1788278381,8797.0,5
1788278382,8060.2,4
1788278383,7704.8,5
1788278384,7449.2,5
1788278385,7299.2,5
1788278386,6865.8,5
1788278387,6688.0,5
1788278388,6545.0,5
1788278389,6415.0,5
1788278390,6279.6,5
1788278391,6235.2,4
1788278392,6206.4,5
1788278393,6103.4,5
1788278394,5891.4,5
1788278395,5800.4,5
1788278396,5734.0,5
1788278397,5659.6,5
1788278398,5596.6,5
1788278399,5530.2,5
1788278400,5482.0,4
1788278401,5427.6,5
1788278402,5389.0,5
1788278403,5336.8,5
1788278404,5303.2,5
1788278405,5294.8,5
1788278406,5247.2,5
1788278407,5227.2,5
1788278408,5220.8,5
1788278409,5195.5,4
1788278410,5159.2,5
1788278411,5158.0,5
1788278412,5119.4,5
1788278413,5110.4,5
1788278414,5094.4,5
1788278415,5077.6,5
1788278416,5040.4,5
1788278417,5049.8,5
1788278418,5019.2,4
1788278419,5030.2,5
1788278420,4997.8,5
1788278421,5115.6,5
1788278422,4868.8,5
1788278423,4933.0,5
1788278424,4976.2,5
1788278425,4957.8,5
1788278426,3602.2,5
1788278427,4588.8,4
1788278428,5320.4,5
1788278429,5328.0,5
1788278430,5272.6,5
1788278431,5290.8,5
1788278432,5207.2,5
1788278433,5257.8,5
1788278434,5183.0,5
1788278435,5236.2,5
1788278436,5178.2,4
1788278437,5178.8,5
1788278438,5356.8,5
1788278439,5085.8,5
1788278440,5266.6,5
1788278441,5290.8,5
1788278442,5335.4,5
1788278443,5372.2,5
1788278444,5407.0,5
1788278445,5429.0,5
1788278446,5470.8,4
1788278447,5488.6,5
1788278448,5531.2,5
1788278449,5559.4,5
1788278450,5589.8,5
1788278451,5616.0,5
1788278452,5659.0,5
1788278453,5664.8,5
1788278454,5662.0,5
1788278455,5688.0,5
1788278456,5839.0,5
1788278457,5834.2,4
1788278458,5871.2,5
1788278459,5874.8,5
1788278460,5870.4,5
1788278461,5870.8,5
1788278462,5964.8,5
1788278463,5979.2,5
1788278464,5989.8,5
1788278465,6012.0,5
1788278466,5982.6,5
1788278467,6002.8,4
1788278468,5985.6,5
1788278469,6004.2,5
1788278470,5979.6,5
1788278471,6007.8,5
1788278472,5982.2,5
1788278473,5961.0,5
1788278474,6037.6,5
1788278475,5987.8,5
1788278476,6002.8,5
1788278477,6020.0,4
1788278478,5999.8,5
1788278479,5991.4,5
1788278480,6027.2,5
1788278481,5991.6,5
1788278482,6006.6,5
1788278483,6016.4,5
1788278484,5993.4,5
1788278485,9363.6,5
1788278486,7097.0,4
1788278487,6626.2,5
1788278488,6564.6,5
1788278489,6544.8,5
1788278490,6557.6,5
1788278491,6565.6,5
1788278492,6582.8,5
1788278493,6598.0,5
1788278494,6612.4,5
1788278495,6612.0,4
1788278496,6638.8,5
1788278497,6630.8,5
1788278498,6639.6,5
1788278499,6633.2,5
1788278500,6631.0,5
1788278501,6620.0,5
1788278502,6616.6,5
1788278503,6612.0,5
1788278504,6594.8,4
1788278505,6578.8,5
1788278506,6579.8,5
1788278507,6554.4,5
1788278508,6541.0,5
1788278509,6521.8,5
1788278510,6494.0,5
1788278511,6427.6,5
1788278512,6466.8,4
1788278513,6366.0,5
1788278514,6328.8,5
1788278515,6316.2,5
1788278516,6266.8,5
1788278517,6197.2,5
1788278518,6224.6,5
1788278519,6177.0,5
1788278520,6144.2,5
1788278521,6075.5,4
1788278522,6120.6,5
1788278523,6066.0,5
1788278524,6022.2,5
1788278525,6014.2,5
1788278526,5976.6,5
1788278527,5984.8,5
1788278528,5960.6,5
1788278529,5931.0,4
1788278530,5926.8,5
1788278531,5895.6,5
1788278532,5876.0,5
1788278533,5868.8,5
1788278534,5853.4,5
1788278535,5831.8,5
1788278536,5792.8,5
1788278537,5789.4,5
1788278538,5769.8,4
1788278539,5764.4,5
1788278540,5737.8,5
1788278541,5723.8,5
1788278542,4873.0,5
1788278543,5143.2,5
1788278544,5722.2,5
1788278545,5690.0,5
1788278546,5739.8,5
1788278547,5745.2,4
1788278548,5733.6,5
1788278549,5710.4,5
1788278550,5706.4,5
1788278551,5717.0,5
1788278552,5685.2,5
1788278553,5719.2,5
1788278554,5689.2,5
1788278555,5687.8,5
1788278556,5706.6,5
1788278557,5618.4,5
1788278558,5628.8,4
1788278559,5634.4,5
1788278560,5656.4,5
1788278561,5679.8,5
1788278562,5678.8,5
1788278563,5723.8,5
1788278564,5728.6,5
1788278565,5729.2,5
1788278566,5726.2,5
1788278567,5731.6,5
1788278568,5745.4,5
1788278569,5745.5,4
1788278570,5727.8,5
1788278571,5860.4,5
1788278572,5894.6,5
1788278573,5921.8,5
1788278574,5942.2,5
1788278575,5963.0,5
1788278576,5986.6,5
1788278577,6008.4,5
1788278578,6034.6,5
1788278579,6067.2,5
1788278580,6082.5,4
1788278581,6114.0,5
1788278582,6141.0,5
1788278583,7875.8,5
1788278584,6035.8,5
1788278585,5937.0,5
1788278586,6020.0,5
1788278587,6093.8,5
1788278588,6121.8,5
1788278589,6119.5,4
1788278590,6259.0,5
1788278591,6396.4,5
1788278592,6424.4,5
1788278593,6462.8,5
1788278594,6505.0,5
1788278595,6504.0,5
1788278596,6538.2,5
1788278597,6542.8,5
1788278598,6551.8,5
1788278599,6557.2,4
1788278600,6577.2,5
1788278601,6566.4,5
1788278602,6573.6,5
1788278603,6573.8,5
1788278604,6567.6,5
1788278605,6554.4,5
1788278606,6557.8,5
1788278607,6542.2,5
1788278608,6541.5,4
1788278609,6524.0,5
1788278610,6511.2,5
1788278611,6494.6,5
1788278612,6491.8,5
1788278613,6453.4,5
1788278614,6429.4,5
1788278615,6370.2,5
1788278616,6343.4,5
1788278617,6305.6,5
1788278618,6273.2,4
1788278619,6256.2,5
1788278620,6277.6,5
1788278621,6263.2,5
1788278622,6102.6,5
1788278623,6077.4,5
1788278624,6045.4,5
1788278625,6036.0,5
1788278626,6018.5,4
1788278627,5991.4,5
1788278628,5973.6,5
1788278629,5952.6,5
1788278630,5932.4,5
1788278631,5906.2,5
1788278632,5887.0,5
1788278633,5233.2,5
1788278634,3991.6,5
1788278635,5221.5,4
1788278636,5260.0,5
1788278637,5269.8,5
1788278638,5253.6,5
1788278639,5292.4,5
1788278640,5242.4,5
1788278641,5305.8,5
1788278642,5269.6,5
1788278643,5274.0,5
1788278644,5284.2,5
1788278645,5306.2,4
1788278646,5297.6,5
1788278647,5298.6,5
1788278648,5326.2,5
1788278649,5303.2,5
1788278650,5299.4,5
1788278651,5283.8,5
1788278652,5301.2,5
1788278653,5286.2,5
1788278654,5270.8,5
1788278655,5293.2,4
1788278656,5277.4,5
1788278657,5327.0,5
1788278658,5307.0,5
1788278659,5299.8,5
1788278660,5295.0,5
1788278661,5301.4,5
1788278662,5334.4,5
1788278663,5399.6,5
1788278664,5257.4,5
1788278665,5269.2,5
1788278666,5246.0,4
1788278667,5280.8,5
1788278668,5250.6,5
1788278669,5259.8,5
1788278670,5249.0,5
1788278671,5272.4,5
1788278672,5245.8,5
1788278673,5259.2,5
1788278674,5248.0,5
1788278675,5344.4,5
1788278676,5258.6,5
1788278677,5254.2,4
1788278678,5253.6,5
1788278679,5454.2,5
1788278680,5274.2,5
1788278681,5256.8,5
1788278682,5280.4,5
1788278683,5263.8,5
1788278684,5257.2,5
1788278685,5280.0,5
1788278686,5256.0,5
1788278687,5248.2,4
1788278688,5252.4,5
1788278689,5245.4,5
1788278690,12932.8,5
1788278691,11468.4,5
1788278692,10439.8,5
1788278693,9518.0,5
1788278694,8973.4,5
1788278695,8092.0,5
1788278696,7718.8,4
1788278697,7423.0,5
1788278698,7362.8,5
1788278699,6843.8,5
1788278700,6668.2,5
1788278701,6510.6,5
1788278702,6392.4,5
1788278703,6298.2,5
1788278704,6218.0,5
1788278705,6213.6,5
1788278706,6145.5,4
1788278707,5899.4,5
1788278708,5838.4,5
1788278709,5766.2,5
1788278710,5711.8,5
1788278711,5649.4,5
1788278712,5598.0,5
1788278713,5539.2,5
1788278714,5483.8,5
1788278715,5441.2,4
1788278716,5405.4,5
1788278717,5359.6,5
1788278718,5321.6,5
1788278719,5287.8,5
1788278720,5278.0,5
1788278721,5246.2,5
1788278722,5237.4,5
1788278723,5230.8,4
1788278724,5231.4,5
1788278725,5191.8,5
1788278726,5191.6,5
1788278727,5188.6,5
1788278728,5149.6,5
1788278729,5149.0,5
1788278730,5116.4,5
1788278731,5115.0,5
1788278732,5094.5,4
1788278733,5087.2,5
1788278734,5092.4,5
1788278735,5077.8,5
1788278736,5072.2,5
1788278737,5067.6,5
1788278738,5063.2,5
1788278739,5059.8,5
1788278740,5059.8,5
1788278741,3760.2,4
1788278742,4403.6,5
1788278743,5398.2,5
1788278744,5405.2,5
1788278745,5405.6,5
1788278746,5318.6,5
1788278747,5346.0,5
1788278748,5260.2,5
1788278749,5313.2,5
1788278750,5243.8,5
1788278751,5255.8,4
1788278752,5281.4,5
1788278753,5255.8,5
1788278754,5297.6,5
1788278755,5326.4,5
1788278756,5368.2,5
1788278757,5402.2,5
1788278758,5433.2,5
1788278759,5446.8,5
1788278760,5493.4,5
1788278761,5517.0,4
1788278762,5549.2,5
1788278763,5583.8,5
1788278764,5619.0,5
1788278765,5662.8,5
1788278766,5637.4,5
1788278767,5629.8,5
1788278768,5641.4,5
1788278769,5797.4,5
1788278770,5821.4,5
1788278771,5825.8,5
1788278772,5870.8,4
1788278773,5887.2,5
1788278774,5964.6,5
1788278775,6001.6,5
1788278776,5941.8,5
1788278777,5973.0,5
1788278778,6012.8,5
1788278779,5998.8,5
1788278780,6000.0,5
1788278781,5985.4,5
1788278782,6010.8,4
1788278783,6074.6,5
1788278784,6112.2,5
1788278785,5967.4,5
1788278786,5987.8,5
1788278787,6026.8,5
1788278788,5980.8,5
1788278789,6012.6,5
1788278790,5971.0,5
1788278791,6024.8,5
1788278792,5980.2,4
1788278793,6024.8,5
1788278794,6006.0,5
1788278795,6014.4,5
1788278796,5951.8,5
1788278797,6015.2,5
1788278798,5970.4,5
1788278799,6269.0,5
1788278800,6010.8,5
1788278801,9722.6,5
1788278802,6492.4,5
1788278803,6431.0,4
1788278804,6423.4,5
1788278805,6467.0,5
1788278806,6484.4,5
1788278807,6520.8,5
1788278808,6554.6,5
1788278809,6556.4,5
1788278810,6574.8,5
1788278811,6590.8,4
1788278812,6609.0,5
1788278813,6591.2,5
1788278814,6605.4,5
1788278815,6594.2,5
1788278816,6577.4,5
1788278817,6574.2,5
1788278818,6562.8,5
1788278819,6548.0,4
1788278820,6547.0,5
1788278821,6526.6,5
1788278822,6510.8,5
1788278823,6485.8,5
1788278824,6467.2,5
1788278825,6459.8,5
1788278826,6405.4,5
1788278827,6420.0,5
1788278828,6340.5,4
1788278829,6309.8,5
1788278830,6268.2,5
1788278831,6248.4,5
1788278832,6213.2,5
1788278833,6160.8,5
1788278834,6171.0,5
1788278835,6103.4,5
1788278836,6087.2,5
1788278837,6049.2,4
1788278838,6068.2,5
1788278839,6040.4,5
1788278840,6000.0,5
1788278841,5996.0,5
1788278842,5963.4,5
1788278843,5970.2,5
1788278844,5960.4,5
1788278845,5941.2,4
1788278846,5914.6,5
1788278847,5903.0,5
1788278848,5888.2,5
1788278849,5896.8,5
1788278850,5874.6,5
1788278851,5868.6,5
1788278852,5841.6,5
1788278853,5832.4,5
1788278854,5809.8,4
1788278855,5807.0,5
1788278856,5767.2,5
1788278857,4570.4,5
1788278858,5549.8,5
1788278859,5871.0,5
1788278860,5934.0,5
1788278861,5899.0,5
1788278862,5847.8,5
1788278863,5813.4,5
1788278864,5796.0,4
1788278865,5777.2,5
1788278866,5755.6,5
1788278867,5732.2,5
1788278868,5734.6,5
1788278869,5709.0,5
1788278870,5707.2,5
1788278871,5711.2,5
1788278872,5714.6,5
1788278873,5719.0,5
1788278874,5727.5,4
1788278875,5748.2,5
1788278876,5756.2,5
1788278877,5781.0,5
1788278878,5781.6,5
1788278879,5789.4,5
1788278880,5781.4,5
1788278881,5789.4,5
1788278882,5794.6,5
1788278883,5796.8,5
1788278884,5824.8,4
1788278885,5836.4,5
1788278886,5860.2,5
1788278887,5899.0,5
1788278888,5920.2,5
1788278889,5954.0,5
1788278890,5978.0,5
1788278891,6008.2,5
1788278892,6036.0,5
1788278893,6073.2,5
1788278894,6092.4,5
1788278895,6110.8,4
1788278896,6122.8,5
1788278897,6157.4,5
1788278898,6194.2,5
1788278899,7888.4,5
1788278900,6055.8,5
1788278901,6021.6,5
1788278902,6102.4,5
1788278903,6121.8,5
1788278904,6342.2,4
1788278905,6194.6,5
1788278906,6180.2,5
1788278907,6428.4,5
1788278908,6486.4,5
1788278909,6475.2,5
1788278910,6524.2,5
1788278911,6542.2,5
1788278912,6573.4,5
1788278913,6587.5,4
1788278914,6618.6,5
1788278915,6620.8,5
1788278916,6620.6,5
1788278917,6633.4,5
1788278918,6620.2,5
1788278919,6642.0,5
1788278920,6622.4,5
1788278921,6604.8,5
1788278922,6617.6,5
1788278923,6593.2,4
1788278924,6590.0,5
1788278925,6584.8,5
1788278926,6562.2,5
1788278927,6524.8,5
1788278928,6464.0,5
1788278929,6428.4,5
1788278930,6391.8,5
1788278931,6355.6,5
1788278932,6319.2,4
1788278933,6288.4,5
1788278934,6253.2,5
1788278935,6266.8,5
1788278936,6271.6,5
1788278937,6205.4,5
1788278938,6090.8,5
1788278939,6070.4,5
1788278940,6051.8,5
1788278941,6020.8,4
1788278942,6006.8,5
1788278943,5992.2,5
1788278944,5977.0,5
1788278945,5956.0,5
1788278946,5943.4,5
1788278947,5924.6,5
1788278948,3938.0,5
1788278949,5039.0,5
1788278950,5261.2,4
1788278951,5280.2,5
1788278952,5298.2,5
1788278953,5256.4,5
1788278954,5323.0,5
1788278955,5240.2,5
1788278956,5271.0,5
1788278957,5265.0,5
1788278958,5251.2,5
1788278959,5284.4,5
1788278960,5286.6,5
1788278961,5306.0,4
1788278962,5290.8,5
1788278963,5310.2,5
1788278964,5293.0,5
1788278965,5296.0,5
1788278966,5290.8,5
1788278967,5295.2,5
1788278968,5266.6,5
1788278969,5300.2,5
1788278970,5323.6,5
1788278971,5314.6,5
1788278972,5308.8,4
1788278973,5299.8,5
1788278974,5298.4,5
1788278975,5268.6,5
1788278976,5298.0,5
1788278977,5266.8,5
1788278978,5356.4,5
1788278979,5259.4,5
1788278980,5268.2,5
1788278981,5254.0,5
1788278982,5279.8,4
1788278983,5239.6,5
1788278984,5258.8,5
1788278985,5259.4,5
1788278986,5271.4,5
1788278987,5267.0,5
1788278988,5259.0,5
1788278989,5256.4,5
1788278990,5251.6,5
1788278991,5273.5,4
1788278992,5259.4,5
1788278993,5266.0,5
1788278994,5277.8,5
1788278995,5278.6,5
1788278996,5264.4,5
1788278997,5275.4,5
1788278998,5258.4,5
1788278999,5259.4,5
1788279000,5251.8,5
1788279001,5275.0,4
1788279002,5240.8,5
1788279003,5263.0,5
1788279004,5261.8,5
1788279005,15605.0,5
1788279006,11944.2,5
1788279007,10620.8,5
1788279008,9877.2,5
1788279009,9005.2,5
1788279010,8504.5,4
1788279011,7871.8,5
1788279012,7500.2,5
1788279013,7387.6,5
1788279014,6964.8,5
1788279015,6705.8,5
1788279016,6543.0,5
1788279017,6399.0,5
1788279018,6269.8,5
1788279019,6222.2,5
1788279020,6200.0,4
1788279021,6063.0,5
1788279022,5877.0,5
1788279023,5815.0,5
1788279024,5739.8,5
1788279025,5689.0,5
1788279026,5610.2,5
1788279027,5558.6,5
1788279028,5512.2,5
1788279029,5452.0,4
1788279030,5415.6,5
1788279031,5356.4,5
1788279032,5317.8,5
1788279033,5297.8,5
1788279034,5264.8,5
1788279035,5250.4,5
1788279036,5231.8,5
1788279037,5224.2,4
1788279038,5202.4,5
1788279039,5190.2,5
1788279040,5176.0,5
1788279041,5153.8,5
1788279042,5134.4,5
1788279043,5138.0,5
1788279044,5134.0,5
1788279045,5105.4,5
1788279046,5106.2,4
1788279047,5092.0,5
1788279048,5100.2,5
1788279049,5077.0,5
1788279050,5069.6,5
1788279051,5065.6,5
1788279052,5059.6,5
1788279053,5047.0,5
1788279054,5044.6,5
1788279055,5047.2,4
1788279056,3413.2,5
1788279057,5141.6,5
1788279058,5377.6,5
1788279059,5360.0,5
1788279060,5352.8,5
1788279061,5302.4,5
1788279062,5321.6,5
1788279063,5248.6,5
1788279064,5316.4,5
1788279065,5268.5,4
1788279066,5258.8,5
1788279067,5280.0,5
1788279068,5279.2,5
1788279069,5294.0,5
1788279070,5337.6,5
1788279071,5373.2,5
1788279072,5396.0,5
1788279073,5441.6,5
1788279074,5466.6,5
1788279075,5494.8,4
1788279076,5521.4,5
1788279077,5569.0,5
1788279078,5600.0,5
1788279079,5624.6,5
1788279080,5638.8,5
1788279081,5659.2,5
1788279082,5635.0,5
1788279083,5806.2,5
1788279084,5836.0,5
1788279085,5862.0,4
1788279086,5852.4,5
1788279087,5887.6,5
1788279088,5997.8,5
1788279089,5983.4,5
1788279090,6009.8,5
1788279091,6029.0,5
1788279092,5955.0,5
1788279093,6036.2,5
1788279094,5990.0,5
1788279095,5984.8,5
1788279096,6022.8,4
1788279097,6020.4,5
1788279098,5973.6,5
1788279099,5992.0,5
1788279100,6006.0,5
1788279101,6035.4,5
1788279102,6028.8,5
1788279103,5982.4,5
1788279104,5996.4,5
1788279105,5991.2,5
1788279106,5984.2,5
1788279107,5986.2,4
1788279108,6016.8,5
1788279109,5954.6,5
1788279110,6009.2,5
1788279111,6008.8,5
1788279112,5983.0,5
1788279113,6027.6,5
1788279114,5986.2,5
1788279115,9528.6,5
1788279116,7085.8,4
1788279117,6875.4,5
1788279118,6644.4,5
1788279119,6622.8,5
1788279120,6618.0,5
1788279121,6613.6,5
1788279122,6638.8,5
1788279123,6624.0,5
1788279124,6649.6,5
1788279125,6657.5,4
1788279126,6640.6,5
1788279127,6629.0,5
1788279128,6635.2,5
1788279129,6612.0,5
1788279130,6605.4,5
1788279131,6594.6,5
1788279132,6587.4,5
1788279133,6567.5,4
1788279134,6556.2,5
1788279135,6558.0,5
1788279136,6536.8,5
1788279137,6533.4,5
1788279138,6504.6,5
1788279139,6487.4,5
1788279140,6453.8,5
1788279141,6395.2,5
1788279142,6445.5,4
1788279143,6348.8,5
1788279144,6303.6,5
1788279145,6313.2,5
1788279146,6219.4,5
1788279147,6198.4,5
1788279148,6138.2,5
1788279149,6198.6,5
1788279150,6133.2,4
1788279151,6132.4,5
1788279152,6089.2,5
1788279153,6109.2,5
1788279154,6080.4,5
1788279155,6040.4,5
1788279156,6022.8,5
1788279157,5982.8,5
1788279158,6015.8,5
1788279159,5962.0,4
1788279160,5948.8,5
1788279161,5906.6,5
1788279162,5899.0,5
1788279163,5883.0,5
1788279164,5852.4,5
1788279165,5848.0,5
1788279166,5835.6,5
1788279167,5797.6,5
1788279168,5811.8,4
1788279169,5759.2,5
1788279170,5750.4,5
1788279171,5727.8,5
1788279172,4318.2,5
1788279173,5688.4,5
1788279174,5916.4,5
1788279175,5887.4,5
1788279176,5853.0,5
1788279177,5834.5,4
1788279178,5816.4,5
1788279179,5792.8,5
1788279180,5761.0,5
1788279181,5747.2,5
1788279182,5735.4,5
1788279183,5731.0,5
1788279184,5724.2,5
1788279185,5741.2,5
1788279186,5690.2,5
1788279187,5677.6,5
1788279188,5692.4,5
1788279189,5736.8,4
1788279190,5763.2,5
1788279191,5778.0,5
1788279192,5799.4,5
1788279193,5820.0,5
1788279194,5815.8,5
1788279195,5835.4,5
1788279196,5839.6,5
1788279197,5847.6,5
1788279198,5863.6,5
1788279199,5888.8,4
1788279200,5890.2,5
1788279201,5912.2,5
1788279202,5938.0,5
1788279203,5960.6,5
1788279204,5986.4,5
1788279205,6009.0,5
1788279206,6031.8,5
1788279207,6050.8,5
1788279208,6079.0,5
1788279209,6096.8,4
1788279210,6114.8,5
1788279211,6144.8,5
1788279212,6167.2,5
1788279213,7846.2,5
1788279214,6196.2,5
1788279215,5977.0,5
1788279216,6047.0,5
1788279217,6108.4,5
1788279218,6130.2,5
1788279219,6124.0,4
1788279220,6293.4,5
1788279221,6405.8,5
1788279222,6436.8,5
1788279223,6473.6,5
1788279224,6513.2,5
1788279225,6506.6,5
1788279226,6545.4,5
1788279227,6561.8,5
1788279228,6583.2,4
1788279229,6583.4,5
1788279230,6590.8,5
1788279231,6581.4,5
1788279232,6582.8,5
1788279233,6590.8,5
1788279234,6572.0,5
1788279235,6697.4,5
1788279236,6200.4,5
1788279237,6442.8,4
1788279238,6423.0,5
1788279239,6434.4,5
1788279240,6415.8,5
1788279241,6356.4,5
1788279242,6308.6,5
1788279243,6265.6,5
1788279244,6267.4,5
1788279245,6270.0,5
1788279246,6188.8,4
1788279247,6035.4,5
1788279248,6006.4,5
1788279249,5967.2,5
1788279250,5949.4,5
1788279251,5937.6,5
1788279252,5907.4,5
1788279253,5896.6,5
1788279254,5875.0,5
1788279255,5862.0,4
1788279256,5838.8,5
1788279257,5819.4,5
1788279258,5802.2,5
1788279259,5783.0,5
1788279260,5774.0,5
1788279261,5501.8,5
1788279262,3565.4,5
1788279263,5276.8,5
1788279264,5229.0,4
1788279265,5299.0,5
1788279266,5370.6,5
1788279267,5304.4,5
1788279268,5379.4,5
1788279269,5270.4,5
1788279270,5290.6,5
1788279271,5225.8,5
1788279272,5301.8,5
1788279273,5302.4,5
1788279274,5289.5,4
1788279275,5304.4,5
1788279276,5293.8,5
1788279277,5302.0,5
1788279278,5361.4,5
1788279279,5307.0,5
1788279280,5294.2,5
1788279281,5518.6,5
1788279282,5301.4,5
1788279283,5296.2,5
1788279284,5297.2,4
1788279285,5293.0,5
1788279286,5314.6,5
1788279287,5289.6,5
1788279288,5308.8,5
1788279289,5293.4,5
1788279290,5285.8,5
1788279291,5272.8,5
1788279292,5270.0,5
1788279293,5262.0,5
1788279294,5268.8,4
1788279295,5267.4,5
1788279296,5241.2,5
1788279297,5264.0,5
1788279298,5260.0,5
1788279299,5240.4,5
1788279300,5288.2,5
1788279301,5288.0,5
1788279302,5279.6,5
1788279303,5270.2,5
1788279304,5268.8,4
1788279305,5249.0,5
1788279306,5261.0,5
1788279307,5257.6,5
1788279308,5260.2,5
1788279309,5253.0,5
1788279310,5265.0,5
1788279311,5255.2,5
1788279312,5272.2,5
1788279313,5259.4,5
1788279314,5262.8,4
1788279315,5253.0,5
1788279316,5222.6,5
1788279317,5292.0,5
1788279318,11727.0,5
1788279319,9940.2,5
1788279320,9065.2,5
1788279321,8525.6,5
1788279322,7811.0,5
1788279323,7424.0,5
1788279324,7375.0,4
1788279325,6893.8,5
1788279326,6633.6,5
1788279327,6480.4,5
1788279328,6353.6,5
1788279329,6237.2,5
1788279330,6198.8,5
1788279331,6196.2,5
1788279332,6017.2,5
1788279333,5902.2,4
1788279334,5847.6,5
1788279335,5806.6,5
1788279336,5764.0,5
1788279337,5708.4,5
1788279338,5672.4,5
1788279339,5628.4,5
1788279340,5584.2,5
1788279341,5559.2,5
1788279342,5517.0,4
1788279343,5492.4,5
1788279344,5477.6,5
1788279345,5443.8,5
1788279346,5426.4,5
1788279347,5414.6,5
1788279348,5393.0,5
1788279349,5389.2,5
1788279350,5388.0,5
1788279351,5371.8,4
1788279352,5370.2,5
1788279353,5358.8,5
1788279354,5350.6,5
1788279355,5336.0,5
1788279356,5324.2,5
1788279357,5325.4,5
1788279358,5307.2,5
1788279359,5310.0,4
1788279360,5290.4,5
1788279361,5274.4,5
1788279362,5256.6,5
1788279363,5238.2,5
1788279364,5216.4,5
1788279365,5234.4,5
1788279366,5213.6,5
1788279367,5218.2,5
1788279368,5229.0,4
1788279369,5222.2,5
1788279370,3613.6,5
1788279371,5242.4,5
1788279372,5577.6,5
1788279373,5585.0,5
1788279374,5498.2,5
1788279375,5544.0,5
1788279376,5434.6,5
1788279377,5493.4,5
1788279378,5470.5,4
1788279379,5393.6,5
1788279380,5440.2,5
1788279381,5410.4,5
1788279382,5452.2,5
1788279383,5459.0,5
1788279384,5508.4,5
1788279385,5539.6,5
1788279386,5584.2,5
1788279387,5587.4,5
1788279388,5576.2,4
1788279389,5601.4,5
1788279390,5648.0,5
1788279391,5654.4,5
1788279392,5643.6,5
1788279393,5644.6,5
1788279394,5837.4,5
1788279395,5845.4,5
1788279396,5823.6,5
1788279397,5858.4,5
1788279398,5862.8,5
1788279399,5934.5,4
1788279400,5958.0,5
1788279401,6186.4,5
1788279402,5983.2,5
1788279403,5962.4,5
1788279404,6015.0,5
1788279405,5987.8,5
1788279406,6013.4,5
1788279407,6016.6,5
1788279408,5994.6,5
1788279409,6009.8,4
1788279410,6004.4,5
1788279411,6010.4,5
1788279412,5972.6,5
1788279413,6021.2,5
1788279414,5973.0,5
1788279415,6002.0,5
1788279416,5991.8,5
1788279417,5986.0,5
1788279418,6024.2,5
1788279419,5977.0,5
1788279420,6025.8,4
1788279421,6010.8,5
1788279422,6013.4,5
1788279423,5981.0,5
1788279424,6038.6,5
1788279425,5970.4,5
1788279426,6000.0,5
1788279427,6018.6,5
1788279428,5976.4,5
1788279429,9818.8,5
1788279430,7580.8,4
1788279431,7202.0,5
1788279432,7082.6,5
1788279433,6999.4,5
1788279434,6935.0,5
1788279435,6914.6,5
1788279436,6894.4,5
1788279437,6899.2,5
1788279438,6909.5,4
1788279439,6901.4,5
1788279440,6856.2,5
1788279441,6768.6,5
1788279442,6760.0,5
1788279443,6756.8,5
1788279444,6739.2,5
1788279445,6713.8,5
1788279446,6708.6,5
1788279447,6706.8,4
1788279448,6685.8,5
1788279449,6667.4,5
1788279450,6642.8,5
1788279451,6616.6,5
1788279452,6596.2,5
1788279453,6563.2,5
1788279454,6539.2,5
1788279455,6490.0,4
1788279456,6432.8,5
1788279457,6385.8,5
1788279458,6323.4,5
1788279459,6302.4,5
1788279460,6238.2,5
1788279461,6216.0,5
1788279462,6157.4,5
1788279463,6180.2,4
1788279464,6123.6,5
1788279465,6091.6,5
1788279466,6051.6,5
1788279467,6082.4,5
1788279468,6029.0,5
1788279469,6014.8,5
1788279470,5984.8,5
1788279471,5982.0,5
1788279472,5970.5,4
1788279473,5941.4,5
1788279474,5919.4,5
1788279475,5909.8,5
1788279476,5875.6,5
1788279477,5875.2,5
1788279478,5863.0,5
1788279479,5827.8,5
1788279480,5796.4,5
1788279481,5780.2,4
1788279482,5739.2,5
1788279483,5731.2,5
1788279484,5702.4,5
1788279485,4970.4,5
1788279486,4983.6,5
1788279487,5689.8,5
1788279488,5740.0,5
1788279489,5749.4,5
1788279490,5708.0,4
1788279491,5692.2,5
1788279492,5693.6,5
1788279493,5701.4,5
1788279494,5544.2,5
1788279495,5508.2,5
1788279496,5494.4,5
1788279497,5494.0,5
1788279498,5497.4,5
1788279499,5507.6,5
1788279500,5514.2,5
1788279501,5527.8,4
1788279502,5530.6,5
1788279503,5539.4,5
1788279504,5565.0,5
1788279505,5591.4,5
1788279506,5618.4,5
1788279507,5637.8,5
1788279508,5611.4,5
1788279509,5615.4,5
1788279510,5624.2,5
1788279511,5648.5,4
1788279512,5677.2,5
1788279513,5693.4,5
1788279514,5725.0,5
1788279515,5730.8,5
1788279516,5725.2,5
1788279517,5714.0,5
1788279518,5794.2,5
1788279519,5893.6,5
1788279520,5906.0,5
1788279521,5941.2,4
1788279522,5946.6,5
1788279523,5969.8,5
1788279524,5994.8,5
1788279525,6033.0,5
1788279526,6057.2,5
1788279527,7722.6,5
1788279528,6158.6,5
1788279529,5874.8,5
1788279530,5976.0,5
1788279531,6046.8,4
1788279532,6106.2,5
1788279533,6130.6,5
1788279534,6134.2,5
1788279535,6381.4,5
1788279536,6420.8,5
1788279537,6473.0,5
1788279538,6489.6,5
1788279539,6518.8,5
1788279540,6543.2,4
1788279541,6552.4,5
1788279542,6581.0,5
1788279543,6581.8,5
1788279544,6596.8,5
1788279545,6606.4,5
1788279546,6603.4,5
1788279547,6612.2,5
1788279548,6578.0,5
1788279549,6587.8,4
1788279550,6587.2,5
1788279551,6567.4,5
1788279552,6539.4,5
1788279553,6536.0,5
1788279554,6522.8,5
1788279555,6497.8,5
1788279556,6471.8,5
1788279557,6447.2,5
1788279558,6421.5,4
1788279559,6364.0,5
1788279560,6319.6,5
1788279561,6280.0,5
1788279562,6264.0,5
1788279563,6263.8,5
1788279564,6263.8,5
1788279565,6095.4,5
1788279566,6062.8,5
1788279567,6046.0,4
1788279568,6044.0,5
1788279569,6020.6,5
1788279570,5999.4,5
1788279571,5981.0,5
1788279572,5963.4,5
1788279573,5966.4,5
1788279574,5933.2,5
1788279575,5918.6,5
1788279576,5889.2,4
1788279577,3993.6,5
1788279578,4953.0,5
1788279579,5283.0,5
1788279580,5241.2,5
1788279581,5287.0,5
1788279582,5241.0,5
1788279583,5298.0,5
1788279584,5257.6,5
1788279585,5240.6,5
1788279586,5298.2,4
1788279587,5262.0,5
1788279588,5314.0,5
1788279589,5314.4,5
1788279590,5318.8,5
1788279591,5294.4,5
1788279592,5305.2,5
1788279593,5294.6,5
1788279594,5305.6,5
1788279595,5290.2,5
1788279596,5303.2,4
1788279597,5299.2,5
1788279598,5291.8,5
1788279599,5302.2,5
1788279600,5285.2,5
1788279601,5302.6,5
1788279602,5294.4,5
1788279603,5288.4,5
1788279604,5294.2,5
1788279605,5279.8,5
1788279606,5282.6,5
1788279607,5291.8,4
1788279608,5268.2,5
1788279609,5287.4,5
1788279610,5294.0,5
1788279611,5242.4,5
1788279612,5270.6,5
1788279613,5259.8,5
1788279614,5265.2,5
1788279615,5263.0,5
1788279616,5251.4,5
1788279617,5305.5,4
1788279618,5284.2,5
1788279619,5249.2,5
1788279620,5273.2,5
1788279621,5259.0,5
1788279622,5266.2,5
1788279623,5257.8,5
1788279624,5250.6,5
1788279625,5246.4,5
1788279626,5285.4,5
1788279627,5260.4,5
1788279628,5273.0,4
1788279629,5431.2,5
1788279630,5308.8,5
1788279631,5499.0,5
1788279632,5253.4,5
1788279633,8094.8,5
1788279634,12822.2,5
1788279635,10384.6,5
1788279636,9260.6,5
1788279637,8840.2,5
1788279638,8027.0,4
1788279639,7642.6,5
1788279640,7417.6,5
1788279641,7128.8,5
1788279642,6752.8,5
1788279643,6573.6,5
1788279644,6443.8,5
1788279645,6324.6,5
1788279646,6223.4,5
1788279647,6199.2,4
1788279648,6199.0,5
1788279649,5959.0,5
1788279650,5859.6,5
1788279651,5806.6,5
1788279652,5740.2,5
1788279653,5683.2,5
1788279654,5639.4,5
1788279655,5580.0,5
1788279656,5545.8,4
1788279657,5503.0,5
1788279658,5466.4,5
1788279659,5414.0,5
1788279660,5368.0,5
1788279661,5345.2,5
1788279662,5304.0,5
1788279663,5298.4,5
1788279664,5295.6,5
1788279665,5297.5,4
1788279666,5272.8,5
1788279667,5259.4,5
1788279668,5242.8,5
1788279669,5223.8,5
1788279670,5213.6,5
1788279671,5210.4,5
1788279672,5197.4,5
1788279673,5177.2,5
1788279674,5197.0,4
1788279675,5160.8,5
1788279676,5175.8,5
1788279677,5163.4,5
1788279678,5159.0,5
1788279679,5169.2,5
1788279680,5163.4,5
1788279681,5140.4,5
1788279682,5144.8,5
1788279683,5141.2,4
1788279684,5120.6,5
1788279685,3636.8,5
1788279686,4961.6,5
1788279687,5488.6,5
1788279688,5366.0,5
1788279689,5428.8,5
1788279690,5334.8,5
1788279691,5330.8,5
1788279692,5341.5,4
1788279693,5235.0,5
1788279694,5329.0,5
1788279695,5234.4,5
1788279696,5263.2,5
1788279697,5252.8,5
1788279698,5267.2,5
1788279699,5303.2,5
1788279700,5327.6,5
1788279701,5365.2,5
1788279702,5400.4,5
1788279703,5431.0,4
1788279704,5466.6,5
1788279705,5492.2,5
1788279706,5521.2,5
1788279707,5560.4,5
1788279708,5592.0,5
1788279709,5628.0,5
1788279710,5660.0,5
1788279711,5649.2,5
1788279712,5647.2,5
1788279713,5662.5,4
1788279714,5757.4,5
1788279715,5822.6,5
1788279716,5828.8,5
1788279717,5859.0,5
1788279718,5899.4,5
1788279719,5872.0,5
1788279720,5890.2,5
1788279721,5852.4,5
1788279722,5902.2,5
1788279723,5862.5,4
1788279724,5965.2,5
1788279725,6009.4,5
1788279726,6001.0,5
1788279727,5991.4,5
1788279728,6018.2,5
1788279729,5970.6,5
1788279730,6034.8,5
1788279731,5989.6,5
1788279732,5997.2,5
1788279733,6024.6,5
1788279734,6030.2,4
1788279735,6408.8,5
1788279736,5955.6,5
1788279737,5986.8,5
1788279738,6036.4,5
1788279739,6003.8,5
1788279740,6043.4,5
1788279741,6007.4,5
1788279742,5977.8,5
1788279743,6036.4,5
1788279744,8775.6,5
1788279745,6420.2,4
1788279746,6007.2,5
1788279747,6057.4,5
1788279748,6104.0,5
1788279749,6161.8,5
1788279750,6193.2,5
1788279751,6231.2,5
1788279752,6261.2,5
1788279753,6276.8,4
1788279754,6304.0,5
1788279755,6319.6,5
1788279756,6339.2,5
1788279757,6343.6,5
1788279758,6347.2,5
1788279759,6336.8,5
1788279760,6353.4,5
1788279761,6335.0,4
1788279762,6327.4,5
1788279763,6301.6,5
1788279764,6290.4,5
1788279765,6282.8,5
1788279766,6273.8,5
1788279767,6274.4,5
1788279768,6273.6,5
1788279769,6246.6,5
1788279770,6217.0,4
1788279771,6186.6,5
1788279772,6140.2,5
1788279773,6142.6,5
1788279774,6106.8,5
1788279775,6072.0,5
1788279776,6041.0,5
1788279777,6052.8,5
1788279778,6034.0,4
1788279779,6017.6,5
1788279780,5987.0,5
1788279781,5976.6,5
1788279782,5994.4,5
1788279783,5985.2,5
1788279784,5967.6,5
1788279785,5954.6,5
1788279786,5937.8,5
1788279787,5900.5,4
1788279788,5890.6,5
1788279789,5889.4,5
1788279790,5870.0,5
1788279791,5843.8,5
1788279792,5808.2,5
1788279793,5811.6,5
1788279794,5773.8,5
1788279795,5754.6,5
1788279796,5740.0,4
1788279797,5717.2,5
1788279798,5729.2,5
1788279799,5708.0,5
1788279800,4726.6,5
1788279801,5238.0,5
1788279802,5769.0,5
1788279803,5873.6,5
1788279804,5834.2,5
1788279805,5806.8,4
1788279806,5780.0,5
1788279807,5736.0,5
1788279808,5874.2,5
1788279809,5639.8,5
1788279810,5563.2,5
1788279811,5569.0,5
1788279812,5583.8,5
1788279813,5590.4,5
1788279814,5605.4,5
1788279815,5620.0,5
1788279816,5620.8,5
1788279817,5625.0,4
1788279818,5639.0,5
1788279819,5663.0,5
1788279820,5674.8,5
1788279821,5675.4,5
1788279822,5731.0,5
1788279823,5729.6,5
1788279824,5717.6,5
1788279825,5739.8,5
1788279826,5729.2,5
1788279827,5758.8,5
1788279828,5797.2,4
1788279829,5842.8,5
1788279830,5851.6,5
1788279831,5876.4,5
1788279832,5910.0,5
1788279833,5934.0,5
1788279834,5966.2,5
1788279835,5993.0,5
1788279836,6023.2,5
1788279837,6048.4,5
1788279838,6082.6,5
1788279839,6104.0,4
1788279840,6138.0,5
1788279841,6156.2,5
1788279842,7906.0,5
1788279843,6072.6,5
1788279844,5966.0,5
1788279845,6046.8,5
1788279846,6101.2,5
1788279847,6124.8,5
1788279848,6127.8,4
1788279849,6346.6,5
1788279850,6429.4,5
1788279851,6450.6,5
1788279852,6488.2,5
1788279853,6508.4,5
1788279854,6527.0,5
1788279855,6543.6,5
1788279856,6542.4,5
1788279857,6556.4,5
1788279858,6572.2,4
1788279859,6562.8,5
1788279860,6586.4,5
1788279861,6563.6,5
1788279862,6595.4,5
1788279863,6583.6,5
1788279864,6587.0,5
1788279865,6583.6,5
1788279866,6567.6,5
1788279867,6557.5,4
1788279868,6533.6,5
1788279869,6532.6,5
1788279870,6543.8,5
1788279871,6406.6,5
1788279872,6371.2,5
1788279873,6352.4,5
1788279874,6320.8,5
1788279875,6271.6,5
1788279876,6277.8,5
1788279877,6259.2,4
1788279878,6282.2,5
1788279879,6171.8,5
1788279880,6082.8,5
1788279881,6055.4,5
1788279882,6042.4,5
1788279883,6009.6,5
1788279884,6002.4,5
1788279885,5974.8,4
1788279886,5945.6,5
1788279887,5937.2,5
1788279888,5895.6,5
1788279889,5869.0,5
1788279890,5836.6,5
1788279891,5824.8,5
1788279892,4394.6,5
1788279893,4933.6,5
1788279894,5758.4,5
1788279895,5902.8,4
1788279896,5933.4,5
1788279897,5878.6,5
1788279898,5822.4,5
1788279899,5603.6,5
1788279900,5621.6,5
1788279901,5329.6,5
1788279902,5312.0,5
1788279903,5273.0,5
1788279904,5245.4,5
1788279905,5233.0,4
1788279906,5196.2,5
1788279907,5186.6,5
1788279908,5173.8,5
1788279909,5152.0,5
1788279910,5149.6,5
1788279911,5138.4,5
1788279912,5135.4,5
1788279913,5116.8,5
1788279914,5135.5,4
1788279915,5129.8,5
1788279916,5125.6,5
1788279917,5132.6,5
1788279918,5147.8,5
1788279919,5166.0,5
1788279920,5168.6,5
1788279921,5177.8,5
1788279922,5197.6,5
1788279923,5192.6,5
1788279924,5217.0,4
1788279925,5238.2,5
1788279926,5290.0,5
1788279927,5349.0,5
1788279928,5381.4,5
1788279929,5428.4,5
1788279930,5481.4,5
1788279931,5519.6,5
1788279932,5514.6,5
1788279933,5555.0,5
1788279934,5533.2,4
1788279935,5528.0,5
1788279936,5542.6,5
1788279937,5664.8,5
1788279938,5693.4,5
1788279939,5678.4,5
1788279940,5679.4,5
1788279941,5706.4,5
1788279942,5687.6,5
1788279943,5705.8,5
1788279944,5714.2,4
1788279945,5751.8,5
1788279946,5711.0,5
1788279947,5733.0,5
1788279948,5756.2,5
1788279949,5741.8,5
1788279950,5792.4,5
1788279951,5750.6,5
1788279952,8175.8,5
1788279953,5328.0,5
1788279954,5402.8,4
1788279955,5396.0,5
1788279956,5431.6,5
1788279957,5447.8,5
1788279958,5473.2,5
1788279959,5497.0,5
1788279960,5498.8,5
1788279961,5512.6,5
1788279962,5515.2,4
1788279963,5519.8,5
1788279964,5496.0,5
1788279965,5498.2,5
1788279966,5475.6,5
1788279967,5457.8,5
1788279968,5455.2,5
1788279969,5436.6,5
1788279970,5414.2,5
1788279971,5497.2,4
1788279972,5327.2,5
1788279973,5295.4,5
1788279974,5321.8,5
1788279975,5289.6,5
1788279976,5324.6,5
1788279977,5240.6,5
1788279978,5161.6,5
1788279979,5135.2,4
1788279980,5116.0,5
1788279981,5105.4,5
1788279982,5109.6,5
1788279983,5114.6,5
1788279984,5145.0,5
1788279985,5141.6,5
1788279986,5163.6,5
1788279987,5149.8,5
1788279988,5157.2,4
1788279989,5151.2,5
1788279990,5149.0,5
1788279991,5142.0,5
1788279992,5100.8,5
1788279993,5090.4,5
1788279994,5082.8,5
1788279995,5079.6,5
1788279996,5069.2,4
1788279997,5063.0,5
1788279998,5041.0,5
1788279999,5046.2,5
1788280000,5009.6,5
1788280001,5005.2,5
1788280002,4990.0,5
1788280003,4961.2,5
1788280004,4937.2,4
1788280005,4938.0,5
1788280006,4923.4,5
1788280007,3209.0,5
1788280008,4952.2,5
1788280009,5110.8,5
1788280010,5022.8,5
1788280011,4941.0,5
1788280012,4855.4,5
1788280013,4788.0,4
1788280014,4769.2,5
1788280015,4723.8,5
1788280016,4692.0,5
1788280017,4669.0,5
1788280018,4730.2,5
1788280019,4809.6,5
1788280020,4891.6,5
1788280021,4960.4,5
1788280022,5023.8,5
1788280023,5067.8,4
1788280024,5116.4,5
1788280025,5130.8,5
1788280026,5163.8,5
1788280027,5143.2,5
1788280028,5147.6,5
1788280029,5347.8,5
1788280030,5370.6,5
1788280031,5402.2,5
1788280032,5421.4,5
1788280033,5457.0,4
1788280034,5478.2,5
1788280035,5512.2,5
1788280036,5544.4,5
1788280037,5575.0,5
1788280038,5574.4,5
1788280039,5541.2,5
1788280040,5533.2,5
1788280041,5499.8,5
1788280042,5524.6,5
1788280043,5516.2,4
1788280044,5552.2,5
1788280045,5544.6,5
1788280046,5566.6,5
1788280047,5600.0,5
1788280048,5613.0,5
1788280049,5664.0,5
1788280050,5663.0,5
1788280051,5703.4,5
1788280052,5731.0,5
1788280053,5756.0,5
1788280054,5791.5,4
1788280055,5821.2,5
1788280056,5813.0,5
1788280057,5857.0,5
1788280058,5856.6,5
1788280059,5906.8,5
1788280060,5899.4,5
1788280061,5944.0,5
1788280062,5944.6,5
1788280063,6095.4,5
1788280064,8256.8,4
1788280065,5739.8,5
1788280066,5888.0,5
1788280067,6007.4,5
1788280068,6105.6,5
1788280069,6203.6,5
1788280070,6284.4,5
1788280071,6343.6,5
1788280072,6407.2,5
1788280073,6446.0,4
1788280074,6485.8,5
1788280075,6513.0,5
1788280076,6532.8,5
1788280077,6555.2,5
1788280078,6499.4,5
1788280079,6506.8,5
1788280080,6516.2,5
1788280081,6517.4,5
1788280082,6532.8,4
1788280083,6556.4,5
1788280084,6542.8,5
1788280085,6562.0,5
1788280086,6548.4,5
1788280087,6533.2,5
1788280088,6524.8,5
1788280089,6481.4,5
1788280090,6439.6,5
1788280091,6348.4,5
1788280092,6298.5,4
1788280093,6240.2,5
1788280094,6195.2,5
1788280095,6149.4,5
1788280096,6102.4,5
1788280097,6056.4,5
1788280098,6012.4,5
1788280099,5986.0,5
1788280100,5943.5,4
1788280101,5945.2,5
1788280102,5888.4,5
1788280103,5861.2,5
1788280104,5835.0,5
1788280105,5820.8,5
1788280106,5794.4,5
1788280107,5767.0,5
1788280108,5733.8,5
1788280109,5725.0,4
1788280110,5693.8,5
1788280111,5659.4,5
1788280112,5629.0,5
1788280113,5619.4,5
1788280114,5616.4,5
1788280115,5612.8,5
1788280116,4069.2,5
1788280117,5089.0,5
1788280118,5827.2,4
1788280119,5797.6,5
1788280120,5675.2,5
1788280121,5659.0,5
1788280122,5622.4,5
1788280123,5745.4,5
1788280124,5490.2,5
1788280125,5628.8,5
1788280126,5630.8,5
1788280127,5635.6,5
1788280128,5647.8,4
1788280129,5642.2,5
1788280130,5641.8,5
1788280131,5662.0,5
1788280132,5672.6,5
1788280133,5692.2,5
1788280134,5720.0,5
1788280135,5738.4,5
1788280136,5764.6,5
1788280137,5788.0,5
1788280138,5821.5,4
1788280139,5844.6,5
1788280140,5871.0,5
1788280141,5913.6,5
1788280142,5932.0,5
1788280143,5936.8,5
1788280144,5960.2,5
1788280145,5958.6,5
1788280146,5946.8,5
1788280147,5934.6,5
1788280148,5998.2,4
1788280149,5981.4,5
1788280150,6015.4,5
1788280151,6019.2,5
1788280152,6022.4,5
1788280153,6040.6,5
1788280154,6056.2,5
1788280155,6173.8,5
1788280156,6212.4,5
1788280157,6229.6,5
1788280158,6236.4,5
1788280159,6234.2,4
1788280160,6234.8,5
1788280161,6257.2,5
1788280162,6352.8,5
1788280163,6360.2,5
1788280164,6476.2,5
1788280165,8779.2,5
1788280166,6115.6,5
1788280167,6155.8,5
1788280168,6239.0,4
1788280169,6307.6,5
1788280170,6389.6,5
1788280171,6388.6,5
1788280172,6404.4,5
1788280173,6565.8,5
1788280174,6635.6,5
1788280175,6661.6,5
1788280176,6668.4,5
1788280177,6680.4,5
1788280178,6732.8,4
1788280179,6608.2,5
1788280180,6537.4,5
1788280181,6628.4,5
1788280182,6632.6,5
1788280183,6621.8,5
1788280184,6607.4,5
1788280185,6603.6,5
1788280186,6598.0,5
1788280187,6568.8,4
1788280188,6562.0,5
1788280189,6537.2,5
1788280190,6518.2,5
1788280191,6490.8,5
1788280192,6460.8,5
1788280193,6467.4,5
1788280194,6412.6,5
1788280195,6396.6,5
1788280196,6363.6,5
1788280197,6352.8,4
1788280198,6331.4,5
1788280199,6289.8,5
1788280200,6268.0,5
1788280201,6235.4,5
1788280202,6202.4,5
1788280203,6197.0,5
1788280204,6160.4,5
1788280205,6196.8,5
1788280206,6174.5,4
1788280207,6102.8,5
1788280208,6031.4,5
1788280209,5987.2,5
1788280210,5957.0,5
1788280211,5964.8,5
1788280212,5944.6,5
1788280213,5903.2,5
1788280214,5876.6,5
1788280215,5875.8,4
1788280216,5842.2,5
1788280217,3880.8,5
1788280218,5744.2,5
1788280219,5853.6,5
1788280220,5907.6,5
1788280221,5869.0,5
1788280222,5835.4,5
1788280223,5558.0,5
1788280224,5628.8,4
1788280225,5410.8,5
1788280226,5331.8,5
1788280227,5282.6,5
1788280228,5279.4,5
1788280229,5246.8,5
1788280230,5217.2,5
1788280231,5184.4,5
1788280232,5164.8,5
1788280233,5138.2,5
1788280234,5144.0,4
1788280235,5121.8,5
1788280236,5121.4,5
1788280237,5101.2,5
1788280238,5115.0,5
1788280239,5116.2,5
1788280240,5113.4,5
1788280241,5126.2,5
1788280242,5133.6,5
1788280243,5140.0,5
1788280244,5147.8,4
1788280245,5142.6,5
1788280246,5146.8,5
1788280247,5139.4,5
1788280248,5146.0,5
1788280249,5152.8,5
1788280250,5182.0,5
1788280251,5194.4,5
1788280252,5229.4,5
1788280253,5257.6,5
1788280254,5235.8,4
1788280255,5286.2,5
1788280256,5319.2,5
1788280257,5357.6,5
1788280258,5379.8,5
1788280259,5392.0,5
1788280260,5391.2,5
1788280261,5427.0,5
1788280262,5427.4,5
1788280263,5439.4,5
1788280264,5451.5,4
1788280265,5442.0,5
1788280266,5447.2,5
1788280267,5505.6,5
1788280268,5248.2,5
1788280269,5396.0,5
1788280270,5396.4,5
1788280271,5402.0,5
1788280272,5401.0,5
1788280273,5417.8,5
1788280274,5410.0,5
1788280275,5447.2,4
1788280276,5424.8,5
1788280277,7514.2,5
1788280278,5143.8,5
1788280279,5069.6,5
1788280280,5118.4,5
1788280281,5168.0,5
1788280282,5210.2,5
1788280283,5247.8,5
1788280284,5280.2,4
1788280285,5310.4,5
1788280286,5334.0,5
1788280287,5352.2,5
1788280288,5363.6,5
1788280289,5339.2,5
1788280290,5328.0,5
1788280291,5344.8,5
1788280292,5333.5,4
1788280293,5339.8,5
1788280294,5329.6,5
1788280295,5322.8,5
1788280296,5319.0,5
1788280297,5298.4,5
1788280298,5289.8,5
1788280299,5276.8,5
1788280300,5253.0,4
1788280301,5243.4,5
1788280302,5212.8,5
1788280303,5183.4,5
1788280304,5166.4,5
1788280305,5121.6,5
1788280306,5123.4,5
1788280307,5100.0,5
1788280308,5098.8,5
1788280309,5072.5,4
1788280310,5057.4,5
1788280311,5031.2,5
1788280312,4956.6,5
1788280313,4990.8,5
1788280314,4958.8,5
1788280315,4969.0,5
1788280316,4927.0,5
1788280317,4921.5,4
1788280318,4899.0,5
1788280319,5016.8,5
1788280320,4952.0,5
1788280321,4981.0,5
1788280322,4927.8,5
1788280323,4970.4,5
1788280324,4710.2,5
1788280325,4622.5,4
1788280326,4611.0,5
1788280327,4607.0,5
1788280328,4624.4,5
1788280329,4611.6,5
1788280330,4603.4,5
1788280331,4041.0,5
1788280332,3023.0,5
1788280333,4538.0,4
1788280334,5337.0,5
1788280335,4620.4,5
1788280336,4696.8,5
1788280337,4400.8,5
1788280338,4751.4,5
1788280339,4811.0,5
1788280340,4379.4,5
1788280341,4426.2,5
1788280342,4448.8,4
1788280343,4301.4,5
1788280344,4375.4,5
1788280345,4543.6,5
1788280346,4589.6,5
1788280347,4636.0,5
1788280348,4672.6,5
1788280349,4701.6,5
1788280350,4691.2,5
1788280351,4655.4,5
1788280352,4709.2,4
1788280353,4802.2,5
1788280354,4805.0,5
1788280355,4817.2,5
1788280356,4830.6,5
1788280357,4837.2,5
1788280358,4848.0,5
1788280359,4863.4,5
1788280360,4887.4,5
1788280361,4949.2,5
1788280362,5020.8,5
1788280363,5056.0,4
1788280364,5082.6,5
1788280365,5096.2,5
1788280366,5125.4,5
1788280367,5140.0,5
1788280368,5154.0,5
1788280369,5202.2,5
1788280370,5220.2,5
1788280371,5230.0,5
1788280372,5282.0,4
1788280373,5271.0,5
1788280374,5283.4,5
1788280375,5291.8,5
1788280376,5338.8,5
1788280377,5462.8,5
1788280378,5521.8,5
1788280379,5525.6,5
1788280380,5560.6,5
1788280381,5578.2,5
1788280382,5560.0,5
1788280383,5597.8,4
1788280384,5595.8,5
1788280385,5638.4,5
1788280386,5621.0,5
1788280387,5693.0,5
1788280388,5665.4,5
1788280389,7755.0,5
1788280390,5507.6,5
1788280391,5476.4,5
1788280392,5564.6,5
1788280393,5659.5,4
1788280394,5747.0,5
1788280395,5796.0,5
1788280396,5675.4,5
1788280397,5986.0,5
1788280398,5990.2,5
1788280399,6020.8,5
1788280400,6028.0,5
1788280401,6068.0,5
1788280402,6079.5,4
1788280403,6075.4,5
1788280404,6107.2,5
1788280405,6116.4,5
1788280406,6143.2,5
1788280407,6124.4,5
1788280408,6133.2,5
1788280409,6117.8,5
1788280410,6111.0,5
1788280411,6085.8,4
1788280412,6084.6,5
1788280413,6079.4,5
1788280414,6055.2,5
1788280415,6045.0,5
1788280416,6015.4,5
1788280417,5939.6,5
1788280418,5921.2,5
1788280419,5902.8,5
1788280420,5898.0,4
1788280421,5887.8,5
1788280422,5874.6,5
1788280423,5853.4,5
1788280424,5855.2,5
1788280425,5808.6,5
1788280426,5807.6,5
1788280427,5793.8,5
1788280428,5776.0,5
1788280429,5769.8,4
1788280430,5760.2,5
1788280431,5734.0,5
1788280432,5721.8,5
1788280433,5721.6,5
1788280434,5761.2,5
1788280435,5813.6,5
1788280436,5550.2,5
1788280437,5514.2,5
1788280438,5483.5,4
1788280439,5466.2,5
1788280440,5412.2,5
1788280441,5388.8,5
1788280442,4886.6,5
1788280443,3963.4,5
1788280444,5414.8,5
1788280445,5626.2,5
1788280446,5526.2,5
1788280447,5496.5,4
1788280448,5399.0,5
1788280449,5394.4,5
1788280450,5344.0,5
1788280451,5337.2,5
1788280452,5326.8,5
1788280453,5338.8,5
1788280454,5307.4,5
1788280455,5325.4,5
1788280456,5301.0,5
1788280457,5320.8,4
1788280458,5326.0,5
1788280459,5346.6,5
1788280460,5330.6,5
1788280461,5375.6,5
1788280462,5375.4,5
1788280463,5401.0,5
1788280464,5434.4,5
1788280465,5448.4,5
1788280466,5457.0,5
1788280467,5481.2,5
1788280468,5511.0,4
1788280469,5526.8,5
1788280470,5537.0,5
1788280471,5546.2,5
1788280472,5594.6,5
1788280473,5574.6,5
1788280474,5608.4,5
1788280475,5633.6,5
1788280476,5649.4,5
1788280477,5677.0,5
1788280478,5699.8,4
1788280479,5747.8,5
1788280480,5771.6,5
1788280481,5786.4,5
1788280482,5794.6,5
1788280483,5838.0,5
1788280484,5908.0,5
1788280485,5853.6,5
1788280486,5900.8,5
1788280487,5930.2,5
1788280488,5938.8,5
1788280489,5961.0,4
1788280490,7749.4,5
1788280491,5875.8,5
1788280492,5751.6,5
1788280493,5814.0,5
1788280494,5910.4,5
1788280495,5980.4,5
1788280496,6022.4,5
1788280497,6098.0,5
1788280498,6183.2,5
1788280499,6216.2,4
1788280500,6278.2,5
1788280501,6303.8,5
1788280502,6350.2,5
1788280503,6373.4,5
1788280504,6368.0,5
1788280505,6411.4,5
1788280506,6217.4,5
1788280507,6295.2,5
1788280508,6257.0,4
1788280509,6259.0,5
1788280510,6234.8,5
1788280511,6209.0,5
1788280512,6186.2,5
1788280513,6168.8,5
1788280514,6144.6,5
1788280515,6150.2,5
1788280516,6107.6,5
1788280517,6058.0,4
1788280518,6067.4,5
1788280519,6043.6,5
1788280520,6014.0,5
1788280521,6010.0,5
1788280522,5976.6,5
1788280523,5941.0,5
1788280524,5930.0,5
1788280525,5906.4,5
1788280526,5878.2,4
1788280527,5879.2,5
1788280528,5872.8,5
1788280529,5857.4,5
1788280530,5816.0,5
1788280531,5800.6,5
1788280532,5798.0,5
1788280533,5747.6,5
1788280534,5704.8,5
1788280535,5730.2,4
1788280536,5670.8,5
1788280537,5634.2,5
1788280538,5641.6,5
1788280539,5581.8,5
1788280540,5580.4,5
1788280541,3895.6,5
1788280542,5475.2,5
1788280543,5669.6,5
1788280544,5708.0,5
1788280545,5564.0,4
1788280546,5484.4,5
1788280547,5423.2,5
1788280548,5372.8,5
1788280549,5298.2,5
1788280550,5275.2,5
1788280551,5207.0,5
1788280552,5195.0,5
1788280553,5151.8,5
1788280554,5129.4,5
1788280555,5128.5,4
1788280556,5114.8,5
1788280557,5100.6,5
1788280558,5109.4,5
1788280559,5093.2,5
1788280560,5087.8,5
1788280561,5084.4,5
1788280562,5090.2,5
1788280563,5354.6,5
1788280564,5008.6,5
1788280565,4962.2,5
1788280566,4981.0,4
1788280567,4959.6,5
1788280568,4975.8,5
1788280569,5017.4,5
1788280570,5048.4,5
1788280571,5050.0,5
1788280572,5052.8,5
1788280573,5046.6,5
1788280574,5075.0,5
1788280575,5103.6,5
1788280576,5123.8,4
1788280577,5154.8,5
1788280578,5175.8,5
1788280579,5185.2,5
1788280580,5211.0,5
1788280581,5233.6,5
1788280582,5264.2,5
1788280583,5271.8,5
1788280584,5299.4,5
1788280585,5299.8,5
1788280586,5340.5,4
1788280587,5328.6,5
1788280588,5341.6,5
1788280589,5360.4,5
1788280590,5389.0,5
1788280591,5414.8,5
1788280592,5441.2,5
1788280593,5463.6,5
1788280594,5468.0,5
1788280595,5473.0,5
1788280596,5516.0,4
1788280597,5490.4,5
1788280598,5514.8,5
1788280599,5517.4,5
1788280600,5542.6,5
1788280601,7463.2,5
1788280602,5510.6,5
1788280603,5155.2,5
1788280604,5179.8,5
1788280605,5196.4,5
1788280606,5241.2,4
1788280607,5272.0,5
1788280608,5291.8,5
1788280609,5320.6,5
1788280610,5342.2,5
1788280611,5355.2,5
1788280612,5349.8,5
1788280613,5364.2,5
1788280614,5301.0,4
1788280615,5365.4,5
1788280616,5354.8,5
1788280617,5352.2,5
1788280618,5333.8,5
1788280619,5321.0,5
1788280620,5314.4,5
1788280621,5299.0,5
1788280622,5273.8,4
1788280623,5264.8,5
1788280624,5243.8,5
1788280625,5214.6,5
1788280626,5189.6,5
1788280627,5155.4,5
1788280628,5123.8,5
1788280629,5097.4,5
1788280630,5069.2,5
1788280631,5042.8,4
1788280632,5035.4,5
1788280633,5020.0,5
1788280634,5035.6,5
1788280635,5053.2,5
1788280636,5066.0,5
1788280637,5082.2,5
1788280638,5089.4,5
1788280639,5073.0,4
1788280640,5089.4,5
1788280641,5075.4,5
1788280642,5079.2,5
1788280643,5083.4,5
1788280644,5081.2,5
1788280645,5067.4,5
1788280646,5069.2,5
1788280647,5054.2,5
1788280648,5072.2,4
1788280649,5039.8,5
1788280650,5023.4,5
1788280651,5018.4,5
1788280652,5003.0,5
1788280653,4987.8,5
1788280654,4978.8,5
1788280655,4824.6,5
1788280656,3171.0,4
1788280657,4810.0,5
1788280658,5156.0,5
1788280659,5024.8,5
1788280660,4945.0,5
1788280661,4852.8,5
1788280662,4804.0,5
1788280663,4740.0,5
1788280664,4706.8,5
1788280665,4677.8,5
1788280666,4632.5,4
1788280667,4690.8,5
1788280668,4769.6,5
1788280669,4841.2,5
1788280670,4910.8,5
1788280671,4975.2,5
1788280672,5037.2,5
1788280673,5087.0,5
1788280674,5127.0,5
1788280675,5141.4,5
1788280676,5123.2,5
1788280677,5149.2,4
1788280678,5303.4,5
1788280679,5350.4,5
1788280680,5383.8,5
1788280681,5420.2,5
1788280682,5458.8,5
1788280683,5496.4,5
1788280684,5534.0,5
1788280685,5574.8,5
1788280686,5608.0,5
1788280687,5582.0,4
1788280688,5571.2,5
1788280689,5568.2,5
1788280690,5550.2,5
1788280691,5541.2,5
1788280692,5571.6,5
1788280693,5553.6,5
1788280694,5597.8,5
1788280695,5581.6,5
1788280696,5621.8,5
1788280697,5638.5,4
1788280698,5693.0,5
1788280699,5693.8,5
1788280700,5711.6,5
1788280701,5764.8,5
1788280702,5762.6,5
1788280703,5808.2,5
1788280704,5821.8,5
1788280705,5863.8,5
1788280706,5877.0,5
1788280707,5886.8,4
1788280708,5946.2,5
1788280709,5932.4,5
1788280710,5978.4,5
1788280711,5989.6,5
1788280712,6038.2,5
1788280713,7905.8,5
1788280714,5822.8,5
1788280715,5941.4,5
1788280716,6037.0,5
1788280717,6122.8,4
1788280718,6192.8,5
1788280719,6259.4,5
1788280720,6334.0,5
1788280721,6384.2,5
1788280722,6411.4,5
1788280723,6472.2,5
1788280724,6484.4,5
1788280725,6518.6,5
1788280726,6520.0,4
1788280727,6554.2,5
1788280728,6556.0,5
1788280729,6575.6,5
1788280730,6584.4,5
1788280731,6576.4,5
1788280732,6573.8,5
1788280733,6573.8,5
1788280734,6572.0,5
1788280735,6560.8,4
1788280736,6552.8,5
1788280737,6542.8,5
1788280738,6487.2,5
1788280739,6437.6,5
1788280740,6349.0,5
1788280741,6299.8,5
1788280742,6247.2,5
1788280743,6202.6,5
1788280744,6166.2,4
1788280745,6128.4,5
1788280746,6101.6,5
1788280747,6061.8,5
1788280748,6037.6,5
1788280749,5988.2,5
1788280750,5955.2,5
1788280751,5934.8,5
1788280752,5887.2,5
1788280753,5857.0,4
1788280754,5848.0,5
1788280755,5816.4,5
1788280756,5781.0,5
1788280757,5767.2,5
1788280758,5748.2,5
1788280759,5707.2,5
1788280760,5694.4,5
1788280761,5654.2,5
1788280762,5650.5,4
1788280763,5622.2,5
1788280764,5594.6,5
1788280765,3954.4,5
1788280766,5612.8,5
1788280767,5829.6,5
1788280768,5805.6,5
1788280769,5689.6,5
1788280770,5667.6,5
1788280771,5660.0,4
1788280772,5647.8,5
1788280773,5660.2,5
1788280774,5652.8,5
1788280775,5669.6,5
1788280776,5662.6,5
1788280777,5617.0,5
1788280778,5618.8,5
1788280779,5640.2,5
1788280780,5653.4,5
1788280781,5680.4,5
1788280782,5702.8,4
1788280783,5722.4,5
1788280784,5747.8,5
1788280785,5768.4,5
1788280786,5788.0,5
1788280787,5821.6,5
1788280788,5841.8,5
1788280789,5868.2,5
1788280790,5884.4,5
1788280791,5904.4,5
1788280792,5889.5,4
1788280793,5926.6,5
1788280794,5921.0,5
1788280795,5954.6,5
1788280796,5968.2,5
1788280797,6005.0,5
1788280798,6002.4,5
1788280799,6039.2,5
1788280800,6058.6,5
1788280801,6012.4,5
1788280802,6036.0,4
1788280803,6212.0,5
1788280804,6223.4,5
1788280805,6223.6,5
1788280806,6244.4,5
1788280807,6233.0,5
1788280808,7142.2,5
1788280809,5586.2,5
1788280810,6073.2,5
1788280811,6261.0,5
1788280812,6247.5,4
1788280813,8384.6,5
1788280814,6445.0,5
1788280815,6062.4,5
1788280816,6164.4,5
1788280817,6235.4,5
1788280818,6301.4,5
1788280819,6385.4,5
1788280820,6416.8,5
1788280821,6404.6,5
1788280822,6404.8,4
1788280823,6515.4,5
1788280824,6599.0,5
1788280825,6600.8,5
1788280826,6614.4,5
1788280827,6622.6,5
1788280828,6619.0,5
1788280829,6620.8,5
1788280830,6620.4,5
1788280831,6603.4,5
1788280832,6596.2,4
1788280833,6593.8,5
1788280834,6580.2,5
1788280835,6556.2,5
1788280836,6536.4,5
1788280837,6503.2,5
1788280838,6481.8,5
1788280839,6486.4,5
1788280840,6414.0,5
1788280841,6426.2,4
1788280842,6365.6,5
1788280843,6333.6,5
1788280844,6353.8,5
1788280845,6268.8,5
1788280846,6291.8,5
1788280847,6214.2,5
1788280848,6256.0,5
1788280849,6181.2,5
1788280850,6209.2,4
1788280851,6194.6,5
1788280852,6153.2,5
1788280853,6206.4,5
1788280854,6112.4,5
1788280855,6052.4,5
1788280856,5993.2,5
1788280857,5998.8,5
1788280858,5980.6,5
1788280859,5970.2,4
1788280860,5912.2,5
1788280861,5907.0,5
1788280862,5899.4,5
1788280863,5866.6,5
1788280864,5723.2,5
1788280865,3916.2,5
1788280866,5761.0,5
1788280867,5869.6,5
1788280868,5891.8,4
1788280869,5775.0,5
1788280870,5834.0,5
1788280871,5670.2,5
1788280872,5576.0,5
1788280873,5324.4,5
1788280874,5290.8,5
1788280875,5226.6,5
1788280876,5205.6,5
1788280877,5175.2,5
1788280878,5143.8,4
1788280879,5124.8,5
1788280880,5096.2,5
1788280881,5087.2,5
1788280882,5063.0,5
1788280883,5055.0,5
1788280884,5034.8,5
1788280885,5033.0,5
1788280886,5031.6,5
1788280887,5028.6,5
1788280888,5033.0,5
1788280889,5038.0,4
1788280890,5047.8,5
1788280891,5045.0,5
1788280892,5060.4,5
1788280893,5071.2,5
1788280894,5089.8,5
1788280895,5102.8,5
1788280896,5114.8,5
1788280897,5118.6,5
1788280898,5149.8,5
1788280899,5193.2,4
1788280900,5236.0,5
1788280901,5282.0,5
1788280902,5308.8,5
1788280903,5334.2,5
1788280904,5392.2,5
1788280905,5395.8,5
1788280906,5413.2,5
1788280907,5421.8,5
1788280908,5449.6,5
1788280909,5468.5,4
1788280910,5482.2,5
1788280911,5479.8,5
1788280912,5495.4,5
1788280913,5546.4,5
1788280914,5550.4,5
1788280915,5523.6,5
1788280916,5521.0,5
1788280917,5553.6,5
1788280918,5563.6,5
1788280919,5666.0,4
1788280920,5706.0,5
1788280921,5681.2,5
1788280922,5683.8,5
1788280923,5724.8,5
1788280924,5719.8,5
1788280925,7828.6,5
1788280926,5371.2,5
1788280927,5347.0,5
1788280928,5334.5,4
1788280929,5322.8,5
1788280930,5339.6,5
1788280931,5348.6,5
1788280932,5329.0,5
1788280933,5396.8,5
1788280934,5478.2,5
1788280935,5466.4,5
1788280936,5464.8,5
1788280937,5471.8,4
1788280938,5454.4,5
1788280939,5432.8,5
1788280940,5422.2,5
1788280941,5421.8,5
1788280942,5413.8,5
1788280943,5384.4,5
1788280944,5380.4,5
1788280945,5369.0,4
1788280946,5362.4,5
1788280947,5345.8,5
1788280948,5325.6,5
1788280949,5419.8,5
1788280950,5381.0,5
1788280951,5268.6,5
1788280952,5283.4,5
1788280953,5292.6,5
1788280954,5302.5,4
1788280955,5290.0,5
1788280956,5297.6,5
1788280957,5276.4,5
1788280958,5275.6,5
1788280959,5240.8,5
1788280960,5239.0,5
1788280961,5203.6,5
1788280962,5198.8,4
1788280963,5158.2,5
1788280964,5143.0,5
1788280965,5109.2,5
1788280966,5098.6,5
1788280967,5067.0,5
1788280968,5039.6,5
1788280969,5020.2,5
1788280970,4994.6,5
1788280971,4983.8,4
1788280972,4978.6,5
1788280973,4954.4,5
1788280974,3431.6,5
1788280975,4700.0,5
1788280976,5135.2,5
1788280977,5027.8,5
1788280978,4939.0,5
1788280979,4890.0,4
1788280980,4807.8,5
1788280981,4753.4,5
1788280982,4705.2,5
1788280983,4678.6,5
1788280984,4647.6,5
1788280985,4671.2,5
1788280986,4748.8,5
1788280987,4825.0,5
1788280988,4898.6,5
1788280989,4946.8,5
1788280990,5004.2,4
1788280991,5034.2,5
1788280992,5062.6,5
1788280993,5095.4,5
1788280994,5114.4,5
1788280995,5132.8,5
1788280996,5110.6,5
1788280997,5149.4,5
1788280998,5143.6,5
1788280999,5233.4,5
1788281000,5311.8,4
1788281001,5345.0,5
1788281002,5371.8,5
1788281003,5412.8,5
1788281004,5446.0,5
1788281005,5465.0,5
1788281006,5471.6,5
1788281007,5487.0,5
1788281008,5368.2,5
1788281009,5447.4,5
1788281010,5436.5,4
1788281011,5463.2,5
1788281012,5458.8,5
1788281013,5496.0,5
1788281014,5505.4,5
1788281015,5537.4,5
1788281016,5576.2,5
1788281017,5581.4,5
1788281018,5606.4,5
1788281019,5618.6,5
1788281020,5669.0,4
1788281021,5655.2,5
1788281022,5705.4,5
1788281023,5741.4,5
1788281024,5739.6,5
1788281025,5796.8,5
1788281026,5809.8,5
1788281027,5841.4,5
1788281028,5864.4,5
1788281029,5905.6,5
1788281030,5921.8,4
1788281031,6890.6,5
1788281032,6783.2,5
1788281033,5760.0,5
1788281034,5862.4,5
1788281035,5994.6,5
1788281036,6080.6,5
1788281037,6147.8,5
1788281038,6208.4,5
1788281039,6263.2,4
1788281040,6315.0,5
1788281041,6378.8,5
1788281042,6413.4,5
1788281043,6445.6,5
1788281044,6479.0,5
1788281045,6508.4,5
1788281046,6519.0,5
1788281047,6543.8,5
1788281048,6550.2,5
1788281049,6553.5,4
1788281050,6548.0,5
1788281051,6556.0,5
1788281052,6560.4,5
1788281053,6537.8,5
1788281054,6535.4,5
1788281055,6516.4,5
1788281056,6489.8,5
1788281057,6429.2,5
1788281058,6363.2,4
1788281059,6304.4,5
1788281060,6244.0,5
1788281061,6193.2,5
1788281062,6133.4,5
1788281063,6106.6,5
1788281064,6043.4,5
1788281065,6029.0,5
1788281066,5985.0,4
1788281067,5937.8,5
1788281068,5921.6,5
1788281069,5898.8,5
1788281070,5847.2,5
1788281071,5831.2,5
1788281072,5783.0,5
1788281073,5766.8,5
1788281074,5746.0,5
1788281075,5737.8,4
1788281076,5695.6,5
1788281077,5672.0,5
1788281078,5641.4,5
1788281079,5626.4,5
1788281080,5614.2,5
1788281081,5615.8,5
1788281082,5619.0,5
1788281083,5141.2,5
1788281084,3669.8,4
1788281085,5637.2,5
1788281086,5765.4,5
1788281087,5731.6,5
1788281088,5619.2,5
1788281089,5620.0,5
1788281090,5578.0,5
1788281091,5567.0,5
1788281092,5569.8,5
1788281093,5571.6,5
1788281094,5566.2,4
1788281095,5577.2,5
1788281096,5580.6,5
1788281097,5586.2,5
1788281098,5593.4,5
1788281099,5611.6,5
1788281100,5620.0,5
1788281101,5638.6,5
1788281102,5663.0,5
1788281103,5676.8,5
1788281104,5714.2,5
1788281105,5736.5,4
1788281106,5750.8,5
1788281107,5988.8,5
1788281108,5904.8,5
1788281109,5548.6,5
1788281110,5579.4,5
1788281111,5536.2,5
1788281112,5418.6,5
1788281113,5203.4,5
1788281114,5251.6,5
1788281115,5566.8,4
1788281116,5571.6,5
1788281117,5756.2,5
1788281118,5467.2,5
1788281119,5707.0,5
1788281120,5766.2,5
1788281121,5784.8,5
1788281122,5828.4,5
1788281123,5855.2,5
1788281124,5882.0,5
1788281125,5882.8,4
1788281126,6014.6,5
1788281127,5817.4,5
1788281128,5965.4,5
1788281129,5992.0,5
1788281130,6089.4,5
1788281131,7752.4,5
1788281132,5769.4,5
1788281133,5849.8,5
1788281134,5936.4,5
1788281135,6014.0,4
1788281136,6084.2,5
1788281137,6145.0,5
1788281138,6217.4,5
1788281139,6229.4,5
1788281140,6247.6,5
1788281141,6265.4,5
1788281142,6309.8,5
1788281143,6338.2,5
1788281144,6352.2,4
1788281145,6380.2,5
1788281146,6392.2,5
1788281147,6393.0,5
1788281148,6402.0,5
1788281149,6406.8,5
1788281150,6425.6,5
1788281151,6418.4,5
1788281152,6405.6,5
1788281153,6406.0,5
1788281154,6388.5,4
1788281155,6392.8,5
1788281156,6161.4,5
1788281157,6342.0,5
1788281158,6347.4,5
1788281159,6371.2,5
1788281160,6308.4,5
1788281161,6322.4,5
1788281162,6252.2,5
1788281163,6291.0,4
1788281164,6220.0,5
1788281165,6231.6,5
1788281166,6191.6,5
1788281167,6176.6,5
1788281168,6180.8,5
1788281169,6219.4,5
1788281170,6112.8,5
1788281171,6055.0,5
1788281172,5991.2,4
1788281173,6001.8,5
1788281174,6003.6,5
1788281175,5945.2,5
1788281176,5922.6,5
1788281177,5909.2,5
1788281178,5898.0,5
1788281179,5859.4,5
1788281180,5824.2,5
1788281181,5125.0,4
1788281182,4363.2,5
1788281183,5761.2,5
1788281184,5816.0,5
1788281185,5899.2,5
1788281186,5808.0,5
1788281187,5615.8,5
1788281188,5555.6,5
1788281189,5319.6,5
1788281190,5275.5,4
1788281191,5222.2,5
1788281192,5209.8,5
1788281193,5172.0,5
1788281194,5156.0,5
1788281195,5126.6,5
1788281196,5094.8,5
1788281197,5078.8,5
1788281198,5187.0,5
1788281199,4895.8,5
1788281200,5035.8,4
1788281201,5024.6,5
1788281202,5032.0,5
1788281203,5027.2,5
1788281204,5035.8,5
1788281205,5038.8,5
1788281206,5051.8,5
1788281207,5054.2,5
1788281208,5061.6,5
1788281209,5079.8,5
1788281210,5092.5,4
1788281211,5101.2,5
1788281212,5107.0,5
1788281213,5123.2,5
1788281214,5155.4,5
1788281215,5193.8,5
1788281216,5250.8,5
1788281217,5286.6,5
1788281218,5338.6,5
1788281219,5360.6,5
1788281220,5394.4,5
1788281221,5444.8,4
1788281222,5437.4,5
1788281223,5471.4,5
1788281224,5499.2,5
1788281225,5516.2,5
1788281226,5520.2,5
1788281227,5530.6,5
1788281228,5538.8,5
1788281229,5551.4,5
1788281230,5577.8,5
1788281231,5521.2,4
1788281232,5565.4,5
1788281233,5617.8,5
1788281234,5675.4,5
1788281235,5714.6,5
1788281236,5717.6,5
1788281237,5713.6,5
1788281238,5751.0,5
1788281239,5721.2,5
1788281240,5839.8,5
1788281241,5887.2,4
1788281242,7758.4,5
1788281243,5357.4,5
1788281244,5312.8,5
1788281245,5375.4,5
1788281246,5392.0,5
1788281247,5428.8,5
1788281248,5441.0,5
1788281249,5463.2,4
1788281250,5468.0,5
1788281251,5497.4,5
1788281252,5485.2,5
1788281253,5480.8,5
1788281254,5480.0,5
1788281255,5464.0,5
1788281256,5455.0,5
1788281257,5432.8,5
1788281258,5414.5,4
1788281259,5402.8,5
1788281260,5499.6,5
1788281261,5339.0,5
1788281262,5387.0,5
1788281263,5333.4,5
1788281264,5252.2,5
1788281265,5242.0,5
1788281266,5230.5,4
1788281267,5213.8,5
1788281268,5199.0,5
1788281269,5173.6,5
1788281270,5157.4,5
1788281271,5140.4,5
1788281272,5105.6,5
1788281273,5105.4,5
1788281274,5124.8,5
1788281275,5113.5,4
1788281276,5119.0,5
1788281277,5108.8,5
1788281278,5107.2,5
1788281279,5097.6,5
1788281280,5095.8,5
1788281281,5084.4,5
1788281282,5036.6,5
1788281283,5019.2,4
1788281284,5031.6,5
1788281285,4852.0,5
1788281286,4903.0,5
1788281287,4870.6,5
1788281288,4864.6,5
1788281289,4846.0,5
1788281290,4823.2,5
1788281291,4800.4,5
1788281292,4779.0,4
1788281293,4757.2,5
1788281294,4747.0,5
1788281295,4729.6,5
1788281296,4727.8,5
1788281297,3071.4,5
1788281298,4718.6,5
1788281299,5008.2,5
1788281300,4653.0,5
1788281301,4719.2,4
1788281302,4648.0,5
1788281303,4664.6,5
1788281304,4599.4,5
1788281305,4593.8,5
1788281306,4424.2,5
1788281307,4414.8,5
1788281308,4443.0,5
1788281309,4517.0,5
1788281310,4565.0,5
1788281311,4590.5,4
1788281312,4585.6,5
1788281313,4787.0,5
1788281314,4869.6,5
1788281315,4916.0,5
1788281316,4957.4,5
1788281317,4988.6,5
1788281318,5034.6,5
1788281319,5072.0,5
1788281320,5100.2,5
1788281321,5142.2,4
1788281322,5143.2,5
1788281323,5145.4,5
1788281324,5130.6,5
1788281325,5292.6,5
1788281326,5386.2,5
1788281327,5424.8,5
1788281328,5400.2,5
1788281329,5411.6,5
1788281330,5355.2,5
1788281331,5390.2,5
1788281332,5357.8,4
1788281333,5401.8,5
1788281334,5419.2,5
1788281335,5423.6,5
1788281336,5466.0,5
1788281337,5484.4,5
1788281338,5498.4,5
1788281339,5556.2,5
1788281340,5548.8,5
1788281341,5576.6,5
1788281342,5592.2,4
1788281343,5645.2,5
1788281344,5639.0,5
1788281345,5669.8,5
1788281346,5714.2,5
1788281347,5705.0,5
1788281348,5763.6,5
1788281349,5764.0,5
1788281350,5824.4,5
1788281351,5810.0,5
1788281352,5858.5,4
1788281353,5880.2,5
1788281354,7793.4,5
1788281355,5613.8,5
1788281356,5796.6,5
1788281357,5883.2,5
1788281358,5995.0,5
1788281359,6097.4,5
1788281360,6154.8,5
1788281361,6225.0,4
1788281362,6280.6,5
1788281363,6316.2,5
1788281364,6363.0,5
1788281365,6388.0,5
1788281366,6430.6,5
1788281367,6429.2,5
1788281368,6454.8,5
1788281369,6456.0,5
1788281370,6469.0,5
1788281371,6465.2,4
1788281372,6483.0,5
1788281373,6477.0,5
1788281374,6493.6,5
1788281375,6482.6,5
1788281376,6457.4,5
1788281377,6471.6,5
1788281378,6420.6,5
1788281379,6360.4,5
1788281380,6297.8,4
1788281381,6247.0,5
1788281382,6186.2,5
1788281383,6149.8,5
1788281384,6110.2,5
1788281385,6068.8,5
1788281386,6032.6,5
1788281387,6004.4,5
1788281388,5970.8,5
1788281389,5932.8,4
1788281390,6120.4,5
1788281391,5696.6,5
1788281392,5597.4,5
1788281393,5589.4,5
1788281394,5611.2,5
1788281395,5655.4,5
1788281396,5637.6,5
1788281397,5595.0,4
1788281398,5603.4,5
1788281399,5602.6,5
1788281400,5607.8,5
1788281401,5615.0,5
1788281402,5471.4,5
1788281403,5443.8,5
1788281404,5432.2,5
1788281405,3942.4,5
1788281406,4773.8,4
1788281407,5699.4,5
1788281408,5705.4,5
1788281409,5589.2,5
1788281410,5554.0,5
1788281411,5501.4,5
1788281412,5492.4,5
1788281413,5431.8,5
1788281414,5436.4,5
1788281415,5441.4,5
1788281416,5434.0,4
1788281417,5451.0,5
1788281418,5466.0,5
1788281419,5493.6,5
1788281420,5467.0,5
1788281421,5514.2,5
1788281422,5525.4,5
1788281423,5523.2,5
1788281424,5542.6,5
1788281425,5561.4,5
1788281426,5575.0,5
1788281427,5594.5,4
1788281428,5604.6,5
1788281429,5621.4,5
1788281430,5647.4,5
1788281431,5665.0,5
1788281432,5687.4,5
1788281433,5707.0,5
1788281434,5742.4,5
1788281435,5780.2,5
1788281436,5795.4,5
1788281437,5801.0,4
1788281438,5857.2,5
1788281439,5891.6,5
1788281440,5890.8,5
1788281441,5936.2,5
1788281442,5959.4,5
1788281443,5974.2,5
1788281444,5977.6,5
1788281445,6014.0,5
1788281446,6028.4,5
1788281447,6028.5,4
1788281448,6011.8,5
1788281449,6143.4,5
1788281450,6202.8,5
1788281451,6227.2,5
1788281452,6228.6,5
1788281453,7878.0,5
1788281454,6691.6,5
1788281455,5984.6,5
1788281456,6054.4,5
1788281457,6134.5,4
1788281458,6206.2,5
1788281459,6276.8,5
1788281460,6353.8,5
1788281461,6372.4,5
1788281462,6400.4,5
1788281463,6400.0,5
1788281464,6451.4,5
1788281465,6604.2,5
1788281466,6610.0,5
1788281467,6637.2,4
1788281468,6641.0,5
1788281469,6644.6,5
1788281470,6651.2,5
1788281471,6637.4,5
1788281472,6632.8,5
1788281473,6625.2,5
1788281474,6602.6,5
1788281475,6586.0,5
1788281476,6553.4,5
1788281477,6539.0,4
1788281478,6522.8,5
1788281479,6523.6,5
1788281480,6473.8,5
1788281481,6457.2,5
1788281482,6411.8,5
1788281483,6411.6,5
1788281484,6371.2,5
1788281485,6369.0,5
1788281486,6362.2,4
1788281487,6302.8,5
1788281488,6309.6,5
1788281489,6271.6,5
1788281490,6226.8,5
1788281491,6227.6,5
1788281492,6208.8,5
1788281493,6167.2,5
1788281494,6176.2,5
1788281495,6201.2,4
1788281496,6160.4,5
1788281497,6098.6,5
1788281498,6005.4,5
1788281499,6021.4,5
1788281500,5987.2,5
1788281501,5950.8,5
1788281502,5938.8,5
1788281503,5905.8,5
1788281504,5900.5,4
1788281505,2877.4,5
1788281506,55.8,5
1788281507,33.4,5
1788281508,25.8,5
1788281509,28.5,4
1788281510,36.4,5
1788281511,56.6,5
1788281512,28.6,5
1788281513,23.6,5
1788281514,21.5,4
1788281515,21.0,5
1788281516,28.8,5
1788281517,30.4,5
1788281518,57.2,5
1788281519,1899.0,4
1788281520,58.0,5
1788281521,23.0,5
1788281522,29.8,5
1788281523,24.0,4
1788281524,32.6,5
1788281525,22.0,5
1788281526,37.0,5
1788281527,23.0,5
1788281528,28.8,4
1788281529,24.8,5
1788281530,23.0,5
1788281531,27.6,5
1788281532,29.6,5
1788281533,106.5,4
1788281534,121.4,5
1788281535,50.8,5
1788281536,27.0,5
1788281537,26.2,4
1788281538,24.6,5
1788281539,47.8,5
1788281540,152.6,5
1788281541,27.8,5
1788281542,28.8,4
1788281543,23.8,5
1788281544,29.6,5
1788281545,21.8,5
1788281546,26.2,4
1788281547,29.6,5
1788281548,33.6,5
1788281549,26.8,5
1788281550,23.8,5
1788281551,32.2,4
1788281552,30.4,5
1788281553,21.0,5
1788281554,21.0,5
1788281555,19.0,5
1788281556,51.0,4
1788281557,22.8,5
1788281558,28.6,5
1788281559,29.0,5
1788281560,25.2,4
1788281561,27.6,5
1788281562,28.8,5
1788281563,20.0,5
1788281564,22.0,5
1788281565,23.8,4
1788281566,22.8,5
1788281567,23.0,5
1788281568,25.6,5
1788281569,48.0,5
1788281570,21.5,4
1788281571,29.0,5
1788281572,28.8,5
1788281573,23.0,5
1788281574,23.0,5
1788281575,21.5,4
1788281576,29.8,5
1788281577,26.8,5
1788281578,27.8,5
1788281579,57.8,4
1788281580,28.6,5
1788281581,24.0,5
1788281582,31.6,5
1788281583,23.0,5
1788281584,29.8,4
1788281585,20.0,5
1788281586,40.0,5
1788281587,25.6,5
1788281588,23.0,5
1788281589,38.5,4
1788281590,56.2,5
1788281591,30.0,5
1788281592,35.6,5
1788281593,26.2,4
1788281594,22.0,5
1788281595,22.0,5
1788281596,24.0,5
1788281597,22.0,5
1788281598,21.5,4
1788281599,30.6,5
1788281600,43.8,5
1788281601,25.8,5
1788281602,34.4,5
1788281603,24.0,4
1788281604,57.6,5
1788281605,25.8,5
1788281606,28.8,5
1788281607,28.8,4
1788281608,107.8,5
1788281609,25.8,5
1788281610,22.8,5
1788281611,24.2,5
1788281612,31.0,4
1788281613,30.8,5
1788281614,22.8,5
1788281615,21.0,5
1788281616,33.6,5
1788281617,26.2,4
1788281618,24.8,5
1788281619,251.0,5
1788281620,23.0,5
1788281621,20.2,4
1788281622,30.6,5
1788281623,26.6,5
1788281624,23.8,5
1788281625,21.5,4
1788281626,29.6,5
1788281627,24.0,5
1788281628,22.0,5
1788281629,24.8,5
1788281630,16.5,4
1788281631,30.6,5
1788281632,24.0,5
1788281633,26.8,5
1788281634,20.2,5
1788281635,20.2,4
1788281636,24.8,5
1788281637,23.8,5
1788281638,24.0,5
1788281639,57.4,5
1788281640,20.2,4
1788281641,26.8,5
1788281642,27.8,5
1788281643,25.8,5
1788281644,20.2,4
1788281645,26.8,5
1788281646,36.4,5
1788281647,21.0,5
1788281648,24.8,5
1788281649,22.8,4
1788281650,21.8,5
1788281651,27.6,5
1788281652,30.6,5
1788281653,26.2,4
1788281654,132.2,5
1788281655,78.4,5
1788281656,72.2,5
1788281657,23.8,5
1788281658,21.5,4
1788281659,29.6,5
1788281660,174.8,5
1788281661,23.0,5
1788281662,22.0,5
1788281663,30.0,4
1788281664,22.8,5
1788281665,26.8,5
1788281666,29.6,5
1788281667,30.6,5
1788281668,21.5,4
1788281669,26.8,5
1788281670,24.0,5
1788281671,24.0,5
1788281672,27.6,5
1788281673,26.2,4
1788281674,22.0,5
1788281675,24.0,5
1788281676,34.4,5
1788281677,31.0,4
1788281678,23.8,5
1788281679,28.8,5
1788281680,25.8,5
1788281681,25.0,5
1788281682,20.2,4
1788281683,29.6,5
1788281684,21.8,5
1788281685,31.6,5
1788281686,23.8,5
1788281687,22.8,4
1788281688,38.2,5
1788281689,26.6,5
1788281690,28.8,5
1788281691,24.0,4
1788281692,29.6,5
1788281693,29.6,5
1788281694,24.8,5
1788281695,25.8,5
1788281696,20.2,4
1788281697,24.8,5
1788281698,23.8,5
1788281699,37.4,5
1788281700,25.8,5
1788281701,21.2,4
1788281702,23.0,5
1788281703,29.4,5
1788281704,26.8,5
1788281705,17.8,4
1788281706,37.4,5
1788281707,22.8,5
1788281708,23.8,5
1788281709,27.8,5
1788281710,22.8,4
1788281711,23.8,5
1788281712,27.6,5
1788281713,33.4,5
1788281714,23.8,4
1788281715,24.0,5
1788281716,26.0,5
1788281717,22.8,5
1788281718,22.0,5
1788281719,28.5,4
1788281720,57.4,5
1788281721,26.0,5
1788281722,22.8,5
1788281723,29.4,5
1788281724,21.5,4
1788281725,22.0,5
1788281726,22.0,5
1788281727,25.6,5
1788281728,32.0,4
1788281729,24.8,5
1788281730,23.8,5
1788281731,24.8,5
1788281732,22.8,5
1788281733,37.0,4
1788281734,22.8,5
1788281735,26.8,5
1788281736,31.6,5
1788281737,27.5,4
1788281738,22.0,5
1788281739,26.0,5
1788281740,27.8,5
1788281741,24.8,5
1788281742,24.0,4
1788281743,30.6,5
1788281744,25.8,5
1788281745,24.0,5
1788281746,22.8,4
1788281747,24.0,5
1788281748,21.8,5
1788281749,24.6,5
1788281750,969.4,5
1788281751,538.5,4
1788281752,50.4,5
1788281753,77.6,5
1788281754,110.2,5
1788281755,31.2,5
1788281756,31.0,4
1788281757,27.8,5
1788281758,120.2,5
1788281759,31.4,5
1788281760,45.8,5
1788281761,327.2,4
1788281762,39.2,5
1788281763,29.8,5
1788281764,24.8,5
1788281765,60.0,4
1788281766,46.8,5
1788281767,26.8,5
1788281768,31.8,5
1788281769,94.0,5
1788281770,28.8,4
1788281771,1730.2,5
1788281772,3510.8,5
1788281773,2779.4,5
1788281774,110.4,5
1788281775,180.4,5
1788281776,35.0,4
1788281777,62.0,5
1788281778,22.0,5
1788281779,28.6,5
1788281780,33.8,4
1788281781,445.4,5
1788281782,28.6,5
1788281783,49.6,5
1788281784,35.8,5
1788281785,35.0,4
1788281786,36.6,5
1788281787,32.6,5
1788281788,42.8,5
1788281789,32.6,5
1788281790,26.2,4
1788281791,136.2,5
1788281792,26.8,5
1788281793,2189.8,5
1788281794,10850.2,5
1788281795,18280.2,5
1788281796,20423.2,4
1788281797,20623.2,5
1788281798,19895.6,5
1788281799,19961.8,5
1788281800,20960.2,5
1788281801,21034.0,5
1788281802,19397.4,5
1788281803,20553.8,5
1788281804,19846.4,5
1788281805,13192.0,5
1788281806,36.0,4
1788281807,32.4,5
1788281808,26.8,5
1788281809,25.8,5
1788281810,27.5,4
1788281811,25.8,5
1788281812,24.8,5
1788281813,33.4,5
1788281814,28.8,5
1788281815,37.0,4
1788281816,23.0,5
1788281817,23.8,5
1788281818,56.6,5
1788281819,50.2,4
1788281820,43.2,5
1788281821,36.4,5
1788281822,32.6,5
1788281823,34.6,5
1788281824,24.0,4
1788281825,27.8,5
1788281826,41.2,5
1788281827,69.6,5
1788281828,71.8,5
1788281829,26.2,4
1788281830,3398.8,5
1788281831,15183.8,5
1788281832,18226.4,5
1788281833,20636.6,5
1788281834,20832.2,5
1788281835,19299.4,5
1788281836,20991.4,5
1788281837,20976.4,5
1788281838,20153.0,4
1788281839,9515.2,5
1788281840,13478.0,5
1788281841,14382.0,5
1788281842,19817.0,5
1788281843,18484.4,5
1788281844,17847.0,5
1788281845,17381.6,5
1788281846,16991.4,5
1788281847,16698.8,5
1788281848,16554.8,4
1788281849,16250.4,5
1788281850,16049.8,5
1788281851,15808.4,5
1788281852,8730.6,5
1788281853,19200.6,5
1788281854,17755.2,5
1788281855,17424.0,5
1788281856,17145.4,5
1788281857,17022.0,4
1788281858,16798.2,5
1788281859,14448.8,5
1788281860,11649.6,5
1788281861,17655.4,5
1788281862,16752.4,5
1788281863,16453.4,5
1788281864,16403.6,5
1788281865,16250.0,5
1788281866,16097.2,4
1788281867,11709.2,5
1788281868,4627.6,5
1788281869,9194.8,5
1788281870,17032.2,5
1788281871,7924.2,5
1788281872,19384.0,5
1788281873,17316.4,5
1788281874,16751.2,5
1788281875,5222.4,5
1788281876,13207.0,4
1788281877,16383.6,5
1788281878,8137.8,5
1788281879,20224.2,5
1788281880,17362.8,5
1788281881,15326.0,5
1788281882,1682.2,5
1788281883,1008.0,5
1788281884,936.8,4
1788281885,39.2,5
1788281886,45.0,5
1788281887,25.8,5
1788281888,77.8,5
1788281889,35.8,4
1788281890,79.4,5
1788281891,576.4,5
1788281892,53.6,5
1788281893,43.2,4
1788281894,30.8,5
1788281895,34.6,5
1788281896,219.4,5
1788281897,182.8,5
1788281898,31.2,4
1788281899,33.6,5
1788281900,122.2,5
1788281901,29.6,5
1788281902,2496.8,5
1788281903,5397.0,4
1788281904,13638.0,5
1788281905,16263.0,5
1788281906,5526.2,5
1788281907,7532.0,5
1788281908,14319.6,5
1788281909,5601.6,5
1788281910,10469.2,5
1788281911,331.0,5
1788281912,27.5,4
1788281913,43.0,5
1788281914,27.6,5
1788281915,27.8,5
1788281916,51.2,4
1788281917,35.2,5
1788281918,27.0,5
1788281919,37.0,5
1788281920,24.8,5
1788281921,32.5,4
1788281922,27.6,5
1788281923,33.2,5
1788281924,29.6,5
1788281925,277.2,4
1788281926,28.8,5
1788281927,45.6,5
1788281928,27.8,5
1788281929,33.6,5
1788281930,38.2,4
1788281931,28.8,5
1788281932,33.8,5
1788281933,31.4,5
1788281934,32.6,5
1788281935,74.5,4
1788281936,24.8,5
1788281937,219.8,5
1788281938,5086.4,5
1788281939,12359.4,5
1788281940,16303.0,5
1788281941,13185.2,5
1788281942,13677.0,4
1788281943,8362.6,5
1788281944,44.0,5
1788281945,64.0,5
1788281946,36.4,5
1788281947,29.8,4
1788281948,27.8,5
1788281949,29.6,5
1788281950,40.0,5
1788281951,29.8,5
1788281952,31.2,4
1788281953,24.8,5
1788281954,39.2,5
1788281955,24.0,5
1788281956,31.0,4
1788281957,26.8,5
1788281958,23.0,5
1788281959,29.4,5
1788281960,29.6,5
1788281961,55.2,4
1788281962,46.0,5
1788281963,31.4,5
1788281964,39.4,5
1788281965,35.2,5
1788281966,38.2,4
1788281967,29.8,5
1788281968,32.6,5
1788281969,33.2,5
1788281970,30.0,4
1788281971,64.2,5
1788281972,25.0,5
1788281973,137.6,5
1788281974,28.8,5
1788281975,53.8,4
1788281976,51.6,5
1788281977,30.8,5
1788281978,30.8,5
1788281979,28.6,5
1788281980,30.0,4
1788281981,32.4,5
1788281982,29.8,5
1788281983,35.4,5
1788281984,589.2,5
1788281985,32.5,4
1788281986,1735.2,5
1788281987,7582.8,5
1788281988,14171.0,5
1788281989,16578.2,5
1788281990,10501.4,5
1788281991,33.4,5
1788281992,41.8,4
1788281993,29.4,5
1788281994,25.8,5
1788281995,22.8,5
1788281996,26.2,4
1788281997,74.6,5
1788281998,698.4,5
1788281999,51.8,5
1788282000,27.0,5
1788282001,50.8,4
1788282002,31.2,5
1788282003,66.2,5
1788282004,56.6,5
1788282005,34.5,4
1788282006,51.6,5
1788282007,28.8,5
1788282008,34.4,5
1788282009,119.4,5
1788282010,70.8,4
1788282011,2321.6,5
1788282012,14730.4,5
1788282013,18358.2,5
1788282014,17700.8,5
1788282015,20850.6,5
1788282016,20924.2,5
1788282017,21009.6,5
1788282018,20903.0,5
1788282019,19948.2,4
1788282020,19313.4,5
1788282021,19078.2,5
1788282022,18605.0,5
1788282023,7531.6,5
1788282024,53.8,5
1788282025,32.8,5
1788282026,25.0,4
1788282027,46.8,5
1788282028,31.4,5
1788282029,22.0,5
1788282030,25.2,4
1788282031,27.6,5
1788282032,25.8,5
1788282033,26.8,5
1788282034,35.6,5
1788282035,24.0,4
1788282036,37.8,5
1788282037,25.0,5
1788282038,23.0,5
1788282039,32.0,5
1788282040,31.2,4
1788282041,40.2,5
1788282042,44.4,5
1788282043,30.4,5
1788282044,38.5,4
1788282045,44.2,5
1788282046,144.6,5
1788282047,38.0,5
1788282048,29.6,5
1788282049,32.5,4
1788282050,27.8,5
1788282051,32.6,5
1788282052,24.8,5
1788282053,29.8,5
1788282054,39.8,4
1788282055,30.6,5
1788282056,117.2,5
1788282057,1020.8,5
1788282058,4702.2,5
1788282059,4080.4,5
1788282060,4951.0,4
1788282061,4414.4,5
1788282062,5447.8,5
1788282063,15361.0,5
1788282064,20273.6,5
1788282065,20634.2,5
1788282066,11219.2,5
1788282067,7201.8,5
1788282068,6410.0,5
1788282069,6753.6,5
1788282070,15189.8,4
1788282071,20012.2,5
1788282072,19316.0,5
1788282073,10258.0,5
1788282074,5274.0,5
1788282075,5101.0,5
1788282076,5692.6,5
1788282077,10675.6,5
1788282078,20757.2,5
1788282079,19306.8,4
1788282080,17147.2,5
1788282081,7420.4,5
1788282082,7337.4,5
1788282083,5072.4,5
1788282084,5725.0,5
1788282085,19498.2,5
1788282086,17620.4,5
1788282087,15884.2,5
1788282088,5763.0,4
1788282089,5504.4,5
1788282090,5780.4,5
1788282091,2267.4,5
1788282092,5171.6,5
1788282093,17467.0,5
1788282094,18759.4,5
1788282095,17248.8,5
1788282096,10041.4,5
1788282097,11536.2,5
1788282098,12625.5,4
1788282099,11352.6,5
1788282100,8056.0,5
1788282101,13855.4,5
1788282102,6962.0,5
1788282103,12773.8,5
1788282104,11731.0,5
1788282105,7729.4,5
1788282106,9433.4,5
1788282107,17067.5,4
1788282108,5938.8,5
1788282109,10490.2,5
1788282110,13798.4,5
1788282111,5882.0,5
1788282112,14042.8,5
1788282113,10346.8,5
1788282114,7110.4,5
1788282115,17873.4,5
1788282116,9785.6,5
1788282117,7149.8,4
1788282118,18281.0,5
1788282119,9250.4,5
1788282120,10010.8,5
1788282121,14111.2,5
1788282122,5946.4,5
1788282123,15286.0,5
1788282124,8204.2,5
1788282125,9208.8,5
1788282126,14367.0,5
1788282127,5870.5,4
1788282128,13444.0,5
1788282129,10269.4,5
1788282130,6583.8,5
1788282131,17014.6,5
1788282132,5927.6,5
1788282133,5760.8,5
1788282134,10584.4,5
1788282135,17458.4,5
1788282136,16045.8,4
1788282137,11177.6,5
1788282138,6142.0,5
1788282139,6090.2,5
1788282140,6108.6,5
1788282141,18078.0,5
1788282142,16087.2,5
1788282143,13431.4,5
1788282144,6118.0,5
1788282145,5630.0,5
1788282146,5946.5,4
1788282147,12445.6,5
1788282148,16696.6,5
1788282149,15563.4,5
1788282150,9447.0,5
1788282151,5810.2,5
1788282152,5863.2,5
1788282153,5927.6,5
1788282154,18185.4,5
1788282155,15928.2,4
1788282156,14371.6,5
1788282157,6032.2,5
1788282158,5369.4,5
1788282159,5785.0,5
1788282160,13047.8,5
1788282161,16481.8,5
1788282162,15348.6,5
1788282163,7558.8,5
1788282164,4930.4,5
1788282165,31.5,4
1788282166,176.0,5
1788282167,24.0,5
1788282168,33.6,5
1788282169,55.0,4
1788282170,37.2,5
1788282171,28.6,5
1788282172,28.8,5
1788282173,30.6,5
1788282174,31.0,4
1788282175,30.2,5
1788282176,30.6,5
1788282177,26.8,5
1788282178,39.5,4
1788282179,24.8,5
1788282180,46.0,5
1788282181,29.8,5
1788282182,32.6,5
1788282183,32.2,4
1788282184,31.6,5
1788282185,30.6,5
1788282186,37.2,5
1788282187,24.8,5
1788282188,22.8,4
1788282189,23.8,5
1788282190,72.8,5
1788282191,65.2,5
1788282192,26.2,4
1788282193,39.0,5
1788282194,32.6,5
1788282195,27.6,5
1788282196,34.4,5
1788282197,21.5,4
1788282198,26.0,5
1788282199,24.8,5
1788282200,38.4,5
1788282201,43.2,5
1788282202,22.5,4
1788282203,1942.4,5
1788282204,439.4,5
1788282205,37.0,5
1788282206,31.6,5
1788282207,27.5,4
1788282208,37.4,5
1788282209,26.8,5
1788282210,28.4,5
1788282211,29.8,4
1788282212,25.8,5
1788282213,31.6,5
1788282214,35.4,5
1788282215,31.6,5
1788282216,61.0,4
1788282217,25.8,5
1788282218,28.2,5
1788282219,29.8,5
1788282220,22.8,4
1788282221,26.8,5
1788282222,28.8,5
1788282223,28.8,5
1788282224,34.6,5
1788282225,24.0,4
1788282226,24.8,5
1788282227,24.8,5
1788282228,25.0,5
1788282229,38.4,5
1788282230,22.8,4
1788282231,25.8,5
1788282232,25.8,5
1788282233,26.6,5
1788282234,29.6,5
1788282235,21.5,4
1788282236,27.6,5
1788282237,27.8,5
1788282238,27.6,5
1788282239,32.2,4
1788282240,29.8,5
1788282241,23.8,5
1788282242,32.4,5
1788282243,24.8,5
1788282244,38.0,4
1788282245,52.0,5
1788282246,50.2,5
1788282247,25.8,5
1788282248,27.8,5
1788282249,26.2,4
1788282250,24.8,5
1788282251,28.6,5
1788282252,27.6,5
1788282253,27.2,4
1788282254,34.4,5
1788282255,25.8,5
1788282256,26.6,5
1788282257,26.8,5
1788282258,26.2,4
1788282259,25.8,5
1788282260,25.8,5
1788282261,179.2,5
1788282262,34.5,4
1788282263,49.8,5
1788282264,27.8,5
1788282265,24.8,5
1788282266,31.6,5
1788282267,32.5,4
1788282268,30.8,5
1788282269,28.6,5
1788282270,98.2,5
1788282271,28.8,4
1788282272,28.6,5
1788282273,25.8,5
1788282274,33.4,5
1788282275,24.0,5
1788282276,43.0,4
1788282277,32.6,5
1788282278,36.4,5
1788282279,24.8,5
1788282280,28.6,5
1788282281,35.8,4
1788282282,25.8,5
1788282283,25.0,5
1788282284,37.2,5
1788282285,21.0,5
1788282286,26.5,4
1788282287,130.6,5
1788282288,25.0,5
1788282289,25.6,5
1788282290,43.2,4
1788282291,26.8,5
1788282292,24.6,5
1788282293,26.8,5
1788282294,36.4,5
1788282295,37.0,4
1788282296,26.8,5
1788282297,25.0,5
1788282298,25.0,5
1788282299,27.0,4
1788282300,32.4,5
1788282301,26.8,5
1788282302,62.2,5
1788282303,22.8,5
1788282304,26.2,4
1788282305,27.8,5
1788282306,40.2,5
1788282307,28.8,5
1788282308,23.0,5
1788282309,27.2,4
1788282310,31.6,5
1788282311,25.0,5
1788282312,26.0,5
1788282313,24.0,5
1788282314,28.5,4
1788282315,30.6,5
1788282316,25.8,5
1788282317,22.0,5
1788282318,31.0,4
1788282319,25.8,5
1788282320,24.8,5
1788282321,26.8,5
1788282322,21.0,5
1788282323,23.5,4
1788282324,28.8,5
1788282325,29.8,5
1788282326,29.6,5
1788282327,27.5,4
1788282328,31.4,5
1788282329,24.6,5
1788282330,24.8,5
1788282331,27.0,5
1788282332,31.0,4
1788282333,29.4,5
1788282334,25.8,5
1788282335,31.4,5
1788282336,37.2,4
1788282337,23.8,5
1788282338,23.0,5
1788282339,21.2,5
1788282340,47.0,5
1788282341,35.0,4
1788282342,28.8,5
1788282343,28.8,5
1788282344,25.8,5
1788282345,31.2,5
1788282346,27.5,4
1788282347,26.8,5
1788282348,28.8,5
1788282349,23.8,5
1788282350,32.2,4
1788282351,30.6,5
1788282352,23.8,5
1788282353,27.8,5
1788282354,24.6,5
1788282355,44.0,4
1788282356,24.8,5
1788282357,25.8,5
1788282358,23.8,5
1788282359,85.2,5
1788282360,31.0,4
1788282361,31.6,5
1788282362,30.0,5
1788282363,29.6,5
1788282364,27.2,4
1788282365,29.4,5
1788282366,37.2,5
1788282367,24.8,5
1788282368,24.0,5
1788282369,25.2,4
1788282370,30.6,5
1788282371,24.8,5
1788282372,28.4,5
1788282373,25.6,5
1788282374,35.8,4
1788282375,28.6,5
1788282376,23.0,5
1788282377,26.8,5
1788282378,33.2,4
1788282379,21.0,5
1788282380,27.0,5
1788282381,24.6,5
1788282382,173.2,5
1788282383,28.5,4
1788282384,72.8,5
1788282385,33.4,5
1788282386,28.6,5
1788282387,26.5,4
1788282388,29.0,5
1788282389,26.8,5
1788282390,26.8,5
1788282391,25.6,5
1788282392,34.8,4
1788282393,32.6,5
1788282394,23.0,5
1788282395,30.4,5
1788282396,35.4,5
1788282397,28.8,4
1788282398,25.8,5
1788282399,26.8,5
1788282400,32.6,5
1788282401,30.8,4
1788282402,28.6,5
1788282403,26.8,5
1788282404,33.6,5
1788282405,33.5,4
1788282406,25.8,5
1788282407,139.4,5
1788282408,28.6,5
1788282409,21.8,5
1788282410,28.5,4
1788282411,24.8,5
1788282412,26.6,5
1788282413,25.8,5
1788282414,25.8,5
1788282415,33.2,4
1788282416,63.4,5
1788282417,37.2,5
1788282418,33.6,5
1788282419,27.5,4
1788282420,27.6,5
1788282421,23.8,5
1788282422,31.8,5
1788282423,21.8,5
1788282424,31.2,4
1788282425,32.4,5
1788282426,34.4,5
1788282427,29.8,5
1788282428,27.5,4
1788282429,22.0,5
1788282430,27.8,5
1788282431,25.8,5
1788282432,25.8,5
1788282433,27.5,4
1788282434,23.6,5
1788282435,30.6,5
1788282436,27.6,5
1788282437,29.0,5
1788282438,26.0,4
1788282439,23.0,5
1788282440,34.4,5
1788282441,23.0,5
1788282442,23.8,4
1788282443,24.8,5
1788282444,22.0,5
1788282445,28.4,5
1788282446,25.8,5
1788282447,35.8,4
1788282448,32.8,5
1788282449,30.6,5
1788282450,27.6,5
1788282451,23.0,5
1788282452,34.8,4
1788282453,44.8,5
1788282454,25.8,5
1788282455,32.4,5
1788282456,43.0,4
1788282457,26.8,5
1788282458,24.0,5
1788282459,26.8,5
1788282460,27.5,4
1788282461,296.2,5
1788282462,26.8,5
1788282463,26.8,5
1788282464,28.6,5
1788282465,32.2,4
1788282466,23.8,5
1788282467,24.8,5
1788282468,25.8,5
1788282469,41.0,5
1788282470,27.5,4
1788282471,35.2,5
1788282472,27.6,5
1788282473,53.8,5
1788282474,30.0,4
1788282475,26.8,5
1788282476,25.0,5
1788282477,25.8,5
1788282478,24.6,5
1788282479,33.5,4
1788282480,27.8,5
1788282481,24.0,5
1788282482,40.8,5
1788282483,26.0,4
1788282484,23.0,5
1788282485,32.8,5
1788282486,35.4,5
1788282487,32.6,5
1788282488,26.0,4
1788282489,25.8,5
1788282490,26.8,5
1788282491,54.6,5
1788282492,24.0,5
1788282493,31.0,4
1788282494,34.6,5
1788282495,30.6,5
1788282496,25.8,5
1788282497,22.8,4
1788282498,24.0,5
1788282499,25.8,5
1788282500,26.8,5
1788282501,36.4,5
1788282502,28.8,4
1788282503,173.8,5
1788282504,77.2,5
1788282505,33.4,5
1788282506,25.8,5
1788282507,27.5,4
1788282508,38.2,5
1788282509,23.0,5
1788282510,34.6,5
1788282511,24.8,5
1788282512,37.0,4
1788282513,24.0,5
1788282514,30.6,5
1788282515,28.8,5
1788282516,43.0,4
1788282517,27.8,5
1788282518,23.8,5
1788282519,23.0,5
1788282520,25.6,5
1788282521,24.0,4
1788282522,23.0,5
1788282523,40.2,5
1788282524,26.0,5
1788282525,41.4,5
1788282526,27.5,4
1788282527,76.6,5
1788282528,76.0,5
1788282529,25.0,5
1788282530,31.0,4
1788282531,24.8,5
1788282532,24.8,5
1788282533,59.2,5
1788282534,23.8,5
1788282535,32.2,4
1788282536,25.6,5
1788282537,24.6,5
1788282538,29.8,5
1788282539,24.8,5
1788282540,38.0,4
1788282541,24.8,5
1788282542,33.4,5
1788282543,25.0,5
1788282544,26.2,4
1788282545,33.4,5
1788282546,37.2,5
1788282547,37.2,5
1788282548,22.0,5
1788282549,25.0,4
1788282550,27.4,5
1788282551,24.6,5
1788282552,23.8,5
1788282553,27.5,4
1788282554,30.6,5
1788282555,33.4,5
1788282556,22.0,5
1788282557,23.8,5
1788282558,25.2,4
1788282559,23.8,5
1788282560,24.8,5
1788282561,27.6,5
1788282562,22.5,4
1788282563,27.0,5
1788282564,24.0,5
1788282565,26.8,5
1788282566,21.0,5
1788282567,32.2,4
1788282568,28.6,5
1788282569,30.4,5
1788282570,28.4,5
1788282571,23.8,5
1788282572,37.0,4
1788282573,87.4,5
1788282574,402.4,5
1788282575,37.0,5
1788282576,39.5,4
1788282577,25.8,5
1788282578,23.8,5
1788282579,59.2,5
1788282580,34.4,5
1788282581,54.8,4
1788282582,26.8,5
1788282583,30.4,5
1788282584,1355.0,5
1788282585,3492.8,5
1788282586,1810.4,5
1788282587,20.2,4
1788282588,1295.4,5
1788282589,4376.0,5
1788282590,5055.0,5
1788282591,5788.8,5
1788282592,5751.2,5
1788282593,5596.8,5
1788282594,5748.8,5
1788282595,5625.0,4
1788282596,5564.2,5
1788282597,5865.8,5
1788282598,5594.2,5
1788282599,5791.4,5
1788282600,5579.4,5
1788282601,5761.0,5
1788282602,5573.6,5
1788282603,5764.4,5
1788282604,5580.8,5
1788282605,5790.0,5
1788282606,5567.8,4
1788282607,5687.4,5
1788282608,5676.0,5
1788282609,5725.8,5
1788282610,5686.4,5
1788282611,5713.0,5
1788282612,5668.2,5
1788282613,5684.4,5
1788282614,5697.6,5
1788282615,5684.0,5
1788282616,5695.4,5
1788282617,5607.2,4
1788282618,5818.2,5
1788282619,5543.6,5
1788282620,5649.6,5
1788282621,5601.2,5
1788282622,5604.6,5
1788282623,5619.2,5
1788282624,5779.2,5
1788282625,5650.6,5
1788282626,5640.2,5
1788282627,5635.8,4
1788282628,5637.2,5
1788282629,5632.8,5
1788282630,5619.8,5
1788282631,5644.6,5
1788282632,5632.2,5
1788282633,5619.6,5
1788282634,5630.6,5
1788282635,5616.0,5
1788282636,5631.8,4
1788282637,5655.4,5
1788282638,5641.4,5
1788282639,5651.4,5
1788282640,5674.0,5
1788282641,5743.6,5
1788282642,5732.0,5
1788282643,5747.2,5
1788282644,5741.2,5
1788282645,5698.5,4
1788282646,5727.8,5
1788282647,5759.4,5
1788282648,6001.8,5
1788282649,5726.4,5
1788282650,5740.2,5
1788282651,5744.6,5
1788282652,5717.8,5
1788282653,5727.4,5
1788282654,5742.4,5
1788282655,5729.8,5
1788282656,5777.8,4
1788282657,5712.2,5
1788282658,5784.2,5
1788282659,5740.6,5
1788282660,5728.8,5
1788282661,5729.4,5
1788282662,5743.6,5
1788282663,5740.2,5
1788282664,5780.6,5
1788282665,5743.6,5
1788282666,5688.2,4
1788282667,5734.2,5
1788282668,5722.4,5
1788282669,5744.8,5
1788282670,5729.8,5
1788282671,5720.8,5
1788282672,5724.2,5
1788282673,5750.8,5
1788282674,5747.0,5
1788282675,5762.4,5
1788282676,5738.0,5
1788282677,5783.8,4
1788282678,5763.4,5
1788282679,5733.8,5
1788282680,5751.8,5
1788282681,5762.0,5
1788282682,5737.0,5
1788282683,5751.2,5
1788282684,5730.2,5
1788282685,5757.4,5
1788282686,5729.0,5
1788282687,5684.5,4
1788282688,5732.6,5
1788282689,5765.8,5
1788282690,5743.2,5
1788282691,5780.4,5
1788282692,5734.0,5
1788282693,15080.0,5
1788282694,19688.8,5
1788282695,19629.6,5
1788282696,18871.8,4
1788282697,18017.6,5
1788282698,17445.0,5
1788282699,17075.6,5
1788282700,16563.0,5
1788282701,16083.8,5
1788282702,15824.4,5
1788282703,15567.0,5
1788282704,15428.4,5
1788282705,15046.0,4
1788282706,14872.6,5
1788282707,14693.6,5
1788282708,14637.0,5
1788282709,14438.4,5
1788282710,14402.6,5
1788282711,14199.0,5
1788282712,14105.6,5
1788282713,14008.4,5
1788282714,13965.2,4
1788282715,13877.4,5
1788282716,13951.2,5
1788282717,13986.4,5
1788282718,14044.8,5
1788282719,14013.2,5
1788282720,13974.4,5
1788282721,13970.8,5
1788282722,13948.0,5
1788282723,13873.8,4
1788282724,13899.6,5
1788282725,13835.0,5
1788282726,13815.8,5
1788282727,13793.8,5
1788282728,13775.8,5
1788282729,13715.6,5
1788282730,13718.8,5
1788282731,13709.0,5
1788282732,13601.8,5
1788282733,13573.8,4
1788282734,13575.6,5
1788282735,13573.2,5
1788282736,13541.0,5
1788282737,13494.0,5
1788282738,13457.0,5
1788282739,13470.2,5
1788282740,13473.4,5
1788282741,10859.8,5
1788282742,7318.0,4
1788282743,7305.8,5
1788282744,7424.2,5
1788282745,7446.8,5
1788282746,7353.8,5
1788282747,7340.0,5
1788282748,7257.6,5
1788282749,7308.8,5
1788282750,7344.0,5
1788282751,7280.4,5
1788282752,7293.8,4
1788282753,7216.0,5
1788282754,7033.4,5
1788282755,7003.0,5
1788282756,7067.6,5
1788282757,7048.4,5
1788282758,7053.6,5
1788282759,7002.6,5
1788282760,7010.6,5
1788282761,7000.4,5
1788282762,6990.2,4
1788282763,6987.6,5
1788282764,6977.0,5
1788282765,6990.4,5
1788282766,7004.8,5
1788282767,6982.4,5
1788282768,7201.6,5
1788282769,7010.6,5
1788282770,7010.8,5
1788282771,7009.8,5
1788282772,6980.0,5
1788282773,6959.8,4
1788282774,7123.8,5
1788282775,7227.8,5
1788282776,7230.4,5
1788282777,7237.6,5
1788282778,7239.4,5
1788282779,7270.2,5
1788282780,7230.8,5
1788282781,7229.2,5
1788282782,7231.2,5
1788282783,7297.5,4
1788282784,7251.6,5
1788282785,7214.2,5
1788282786,7263.2,5
1788282787,7211.2,5
1788282788,7352.8,5
1788282789,7372.8,5
1788282790,7221.8,5
1788282791,7249.4,5
1788282792,7324.8,4
1788282793,7924.0,5
1788282794,7332.6,5
1788282795,7232.6,5
1788282796,7214.2,5
1788282797,7217.6,5
1788282798,7265.8,5
1788282799,7229.8,5
1788282800,7197.6,5
1788282801,10628.2,5
1788282802,21721.8,4
1788282803,19478.2,5
1788282804,18705.4,5
1788282805,18304.0,5
1788282806,17713.2,5
1788282807,17055.4,5
1788282808,16331.4,5
1788282809,16163.0,5
1788282810,15862.2,5
1788282811,15730.8,5
1788282812,15578.5,4
1788282813,15352.4,5
1788282814,15904.2,5
1788282815,15792.8,5
1788282816,15618.4,5
1788282817,15427.0,5
1788282818,14937.0,5
1788282819,14734.0,5
1788282820,14837.4,5
1788282821,14755.2,4
1788282822,14713.2,5
1788282823,14248.4,5
1788282824,14302.8,5
1788282825,14067.6,5
1788282826,14106.6,5
1788282827,14130.4,5
1788282828,14320.0,5
1788282829,14535.8,5
1788282830,13985.0,4
1788282831,13718.6,5
1788282832,13420.0,5
1788282833,13339.6,5
1788282834,13108.8,5
1788282835,12744.4,5
1788282836,12569.0,5
1788282837,12350.8,5
1788282838,12203.6,5
1788282839,12016.2,5
1788282840,11879.5,4
1788282841,11750.4,5
1788282842,11591.8,5
1788282843,11471.6,5
1788282844,11406.6,5
1788282845,11127.0,5
1788282846,10894.6,5
1788282847,10763.0,5
1788282848,10620.6,5
1788282849,10496.5,4
1788282850,10325.8,5
1788282851,10236.8,5
1788282852,10103.0,5
1788282853,9970.8,5
1788282854,8107.4,5
1788282855,8409.0,5
1788282856,8449.8,5
1788282857,8273.6,5
1788282858,8332.6,5
1788282859,8275.5,4
1788282860,8432.2,5
1788282861,8406.8,5
1788282862,8488.4,5
1788282863,8472.6,5
1788282864,8435.4,5
1788282865,8523.6,5
1788282866,8613.6,5
1788282867,8467.6,5
1788282868,8439.6,5
1788282869,8484.2,4
1788282870,8417.2,5
1788282871,8447.2,5
1788282872,8437.4,5
1788282873,8452.6,5
1788282874,8475.6,5
1788282875,8409.4,5
1788282876,8394.0,5
1788282877,8360.6,5
1788282878,8125.8,4
1788282879,7755.0,5
1788282880,7451.0,5
1788282881,7390.4,5
1788282882,7363.2,5
1788282883,7349.8,5
1788282884,7307.6,5
1788282885,7309.8,5
1788282886,7277.6,5
1788282887,7248.8,5
1788282888,7331.8,4
1788282889,7089.4,5
1788282890,7160.8,5
1788282891,7103.2,5
1788282892,7095.8,5
1788282893,7063.6,5
1788282894,7042.4,5
1788282895,7010.2,5
1788282896,7017.0,5
1788282897,6949.4,5
1788282898,6977.5,4
1788282899,6946.0,5
1788282900,6933.0,5
1788282901,6911.2,5
1788282902,6900.8,5
1788282903,6906.6,5
1788282904,8904.8,5
1788282905,6592.4,5
1788282906,6320.6,5
1788282907,6258.0,4
1788282908,6238.6,5
1788282909,6227.8,5
1788282910,6221.8,5
1788282911,6222.4,5
1788282912,6228.4,5
1788282913,6229.0,5
1788282914,6231.2,5
1788282915,6250.8,4
1788282916,6221.4,5
1788282917,6239.0,5
1788282918,6224.8,5
1788282919,6208.0,5
1788282920,6202.4,5
1788282921,6179.2,5
1788282922,6160.4,5
1788282923,6142.2,4
1788282924,6123.0,5
1788282925,6095.2,5
1788282926,6077.8,5
1788282927,6031.0,5
1788282928,6014.0,5
1788282929,6016.0,5
1788282930,6030.0,5
1788282931,6086.0,4
1788282932,6092.0,5
1788282933,6103.8,5
1788282934,6125.2,5
1788282935,6110.8,5
1788282936,6111.0,5
1788282937,6111.0,5
1788282938,6100.6,5
1788282939,6065.0,5
1788282940,6064.2,4
1788282941,6038.0,5
1788282942,6025.2,5
1788282943,6003.2,5
1788282944,5983.0,5
1788282945,5963.6,5
1788282946,5945.8,5
1788282947,5945.8,5
1788282948,5925.5,4
1788282949,5904.6,5
1788282950,5902.0,5
1788282951,5894.8,5
1788282952,3595.6,5
1788282953,5752.4,5
1788282954,5686.4,5
1788282955,5936.4,5
1788282956,5695.0,5
1788282957,5848.2,4
1788282958,7215.0,5
1788282959,5190.4,5
1788282960,5820.2,5
1788282961,5601.2,5
1788282962,5753.2,5
1788282963,5721.4,5
1788282964,5685.8,5
1788282965,5690.0,5
1788282966,5654.0,5
1788282967,5741.5,4
1788282968,5566.8,5
1788282969,5582.4,5
1788282970,5577.6,5
1788282971,5492.8,5
1788282972,5638.0,5
1788282973,5398.2,5
1788282974,5651.0,5
1788282975,5460.4,5
1788282976,5557.8,5
1788282977,5633.0,4
1788282978,5412.4,5
1788282979,5563.8,5
1788282980,5548.0,5
1788282981,5461.0,5
1788282982,5516.6,5
1788282983,5433.2,5
1788282984,5431.8,5
1788282985,5423.0,5
1788282986,5253.2,5
1788282987,5171.2,4
1788282988,5145.2,5
1788282989,5129.4,5
1788282990,5113.4,5
1788282991,5123.2,5
1788282992,5048.6,5
1788282993,5074.2,5
1788282994,5066.8,5
1788282995,5069.6,5
1788282996,5063.0,5
1788282997,5070.0,4
1788282998,5063.6,5
1788282999,5060.4,5
1788283000,5055.0,5
1788283001,5057.4,5
1788283002,5042.6,5
1788283003,5086.6,5
1788283004,5135.4,5
1788283005,5213.0,5
1788283006,5320.8,4
1788283007,5308.6,5
1788283008,5398.4,5
1788283009,5439.6,5
1788283010,5430.4,5
1788283011,5450.6,5
1788283012,5447.0,5
1788283013,5463.2,5
1788283014,5512.0,5
1788283015,5483.0,5
1788283016,5520.0,5
1788283017,5435.2,4
1788283018,5498.6,5
1788283019,5590.8,5
1788283020,5556.8,5
1788283021,5582.4,5
1788283022,5612.8,5
1788283023,5613.2,5
1788283024,5633.6,5
1788283025,5649.6,5
1788283026,5692.0,5
1788283027,5685.2,4
1788283028,5665.2,5
1788283029,5671.0,5
1788283030,5679.2,5
1788283031,5726.0,5
1788283032,5753.2,5
1788283033,5787.0,5
1788283034,5803.6,5
1788283035,5857.6,5
1788283036,5783.0,5
1788283037,5878.5,4
1788283038,5817.0,5
1788283039,5802.8,5
1788283040,5806.0,5
1788283041,5780.0,5
1788283042,5787.6,5
1788283043,5793.6,5
1788283044,5808.2,5
1788283045,5788.2,5
1788283046,5832.8,5
1788283047,5810.6,5
1788283048,5704.0,4
1788283049,5815.2,5
1788283050,5779.8,5
1788283051,5816.8,5
1788283052,5818.0,5
1788283053,5805.6,5
1788283054,5821.6,5
1788283055,5795.4,5
1788283056,8352.6,5
1788283057,6038.4,5
1788283058,5463.2,4
1788283059,5210.6,5
1788283060,5147.0,5
1788283061,5118.6,5
1788283062,5119.6,5
1788283063,5103.2,5
1788283064,5094.2,5
1788283065,5079.8,5
1788283066,5085.0,4
1788283067,5056.6,5
1788283068,5041.0,5
1788283069,5019.0,5
1788283070,4993.0,5
1788283071,4965.4,5
1788283072,4932.6,5
1788283073,4898.5,4
1788283074,4874.0,5
1788283075,4836.8,5
1788283076,4805.8,5
1788283077,4777.8,5
1788283078,4753.2,5
1788283079,4720.0,5
1788283080,4684.4,5
1788283081,4662.5,4
1788283082,4638.0,5
1788283083,4608.4,5
1788283084,4656.2,5
1788283085,4737.2,5
1788283086,4777.4,5
1788283087,4818.6,5
1788283088,4857.6,5
1788283089,4875.2,4
1788283090,4892.4,5
1788283091,4895.6,5
1788283092,4887.2,5
1788283093,4878.0,5
1788283094,4859.6,5
1788283095,4846.8,5
1788283096,4828.0,5
1788283097,4821.8,5
1788283098,4830.8,4
1788283099,4813.2,5
1788283100,4807.4,5
1788283101,4804.4,5
1788283102,4805.0,5
1788283103,4803.0,5
1788283104,4791.2,5
1788283105,4816.6,5
1788283106,4812.0,4
1788283107,4814.4,5
1788283108,4813.0,5
1788283109,4826.2,5
1788283110,4846.6,5
1788283111,4851.6,5
1788283112,4867.2,5
1788283113,4873.6,5
1788283114,4887.4,5
1788283115,3404.0,4
1788283116,4649.2,5
1788283117,5154.8,5
1788283118,5180.0,5
1788283119,5164.4,5
1788283120,5077.8,5
1788283121,5048.6,5
1788283122,5046.0,5
1788283123,5019.4,5
1788283124,5158.0,4
1788283125,4854.8,5
1788283126,5004.6,5
1788283127,5001.4,5
1788283128,4992.4,5
1788283129,5014.6,5
1788283130,4991.6,5
1788283131,4991.6,5
1788283132,4990.2,5
1788283133,4995.6,5
1788283134,5003.5,4
1788283135,5010.6,5
1788283136,4995.4,5
1788283137,5052.2,5
1788283138,5110.0,5
1788283139,5211.2,5
1788283140,5235.8,5
1788283141,5273.4,5
1788283142,5309.6,5
1788283143,5356.2,5
1788283144,5384.5,4
1788283145,5424.6,5
1788283146,5464.2,5
1788283147,5508.6,5
1788283148,5555.6,5
1788283149,5620.8,5
1788283150,5714.2,5
1788283151,5791.8,5
1788283152,5794.4,5
1788283153,5783.6,5
1788283154,6029.8,4
1788283155,6082.0,5
1788283156,6127.4,5
1788283157,6170.4,5
1788283158,6219.8,5
1788283159,6263.4,5
1788283160,6300.8,5
1788283161,6344.0,5
1788283162,6378.6,5
1788283163,6426.8,5
1788283164,6455.2,5
1788283165,6490.0,4
1788283166,6539.2,5
1788283167,6571.8,5
1788283168,6599.2,5
1788283169,6630.2,5
1788283170,6674.4,5
1788283171,6690.2,5
1788283172,6734.0,5
1788283173,6745.8,5
1788283174,6782.2,4
1788283175,6781.2,5
1788283176,6765.8,5
1788283177,8806.8,5
1788283178,6502.8,5
1788283179,6549.8,5
1788283180,6573.8,5
1788283181,6609.4,5
1788283182,6670.0,5
1788283183,6699.2,5
1788283184,6749.0,4
1788283185,6754.4,5
1788283186,6793.6,5
1788283187,6802.8,5
1788283188,6796.8,5
1788283189,6832.0,5
1788283190,6806.2,5
1788283191,6832.0,5
1788283192,6824.0,4
1788283193,6801.8,5
1788283194,6803.4,5
1788283195,6791.6,5
1788283196,6771.6,5
1788283197,6750.2,5
1788283198,6748.8,5
1788283199,6719.2,5
1788283200,6692.2,5
1788283201,6680.2,4
1788283202,6673.2,5
1788283203,6685.8,5
1788283204,6689.4,5
1788283205,6707.8,5
1788283206,6696.8,5
1788283207,6695.2,5
1788283208,6700.8,5
1788283209,6679.4,5
1788283210,6693.2,4
1788283211,6639.8,5
1788283212,6634.4,5
1788283213,6626.2,5
1788283214,6587.8,5
1788283215,6574.8,5
1788283216,6537.4,5
1788283217,6527.2,5
1788283218,6501.8,4
1788283219,6498.0,5
1788283220,6459.2,5
1788283221,6442.6,5
1788283222,6416.0,5
1788283223,6400.6,5
1788283224,6387.2,5
1788283225,6378.0,5
1788283226,6348.4,5
1788283227,6358.5,4
1788283228,5343.8,5
1788283229,5742.6,5
1788283230,6592.0,5
1788283231,6554.2,5
1788283232,6539.0,5
1788283233,6503.6,5
1788283234,6479.6,5
1788283235,6373.2,5
1788283236,6268.2,4
1788283237,6174.2,5
1788283238,6084.4,5
1788283239,6017.4,5
1788283240,5988.4,5
1788283241,5996.0,5
1788283242,5992.8,5
1788283243,5809.0,5
1788283244,5804.4,5
1788283245,5806.8,5
1788283246,5820.0,4
1788283247,5805.6,5
1788283248,5821.6,5
1788283249,5824.0,5
1788283250,5820.0,5
1788283251,5822.6,5
1788283252,5831.2,5
1788283253,5829.2,5
1788283254,5844.6,5
1788283255,5834.0,5
1788283256,5839.5,4
1788283257,5858.0,5
1788283258,6172.2,5
1788283259,6217.8,5
1788283260,6288.8,5
1788283261,6318.6,5
1788283262,6364.8,5
1788283263,6400.2,5
1788283264,6452.4,5
1788283265,6480.0,4
1788283266,6487.8,5
1788283267,6475.4,5
1788283268,6503.6,5
1788283269,6536.6,5
1788283270,6580.8,5
1788283271,6587.6,5
1788283272,6601.6,5
1788283273,6586.4,5
1788283274,6682.8,5
1788283275,7086.0,4
1788283276,6554.0,5
1788283277,6789.4,5
1788283278,6844.2,5
1788283279,8867.8,5
1788283280,6517.4,5
1788283281,6333.8,5
1788283282,6301.0,5
1788283283,6300.2,5
1788283284,6282.0,4
1788283285,6304.2,5
1788283286,6321.8,5
1788283287,6324.6,5
1788283288,6330.6,5
1788283289,6348.4,5
1788283290,6349.6,5
1788283291,6353.4,5
1788283292,6354.5,4
1788283293,6341.6,5
1788283294,6318.8,5
1788283295,6322.4,5
1788283296,6295.0,5
1788283297,6257.6,5
1788283298,6235.6,5
1788283299,6208.6,5
1788283300,6173.0,4
1788283301,6145.4,5
1788283302,6125.0,5
1788283303,6086.2,5
1788283304,6058.0,5
1788283305,6019.6,5
1788283306,5972.4,5
1788283307,5941.4,5
1788283308,5915.5,4
1788283309,5876.6,5
1788283310,5853.8,5
1788283311,5860.4,5
1788283312,5911.2,5
1788283313,5919.0,5
1788283314,5945.0,5
1788283315,5957.2,5
1788283316,5954.5,4
1788283317,5942.2,5
1788283318,5947.8,5
1788283319,5938.6,5
1788283320,5921.8,5
1788283321,5918.4,5
1788283322,5898.2,5
1788283323,5887.2,5
1788283324,5862.4,5
1788283325,5862.2,4
1788283326,5845.4,5
1788283327,5836.2,5
1788283328,5819.2,5
1788283329,5818.0,5
1788283330,5824.6,5
1788283331,5800.2,5
1788283332,5796.4,5
1788283333,4857.0,4
1788283334,4310.6,5
1788283335,5562.6,5
1788283336,5852.6,5
1788283337,5712.8,5
1788283338,5882.8,5
1788283339,5708.0,5
1788283340,5865.2,5
1788283341,5737.2,5
1788283342,5880.8,5
1788283343,5871.5,4
1788283344,5697.4,5
1788283345,5910.2,5
1788283346,5675.2,5
1788283347,5846.0,5
1788283348,5605.4,5
1788283349,5678.2,5
1788283350,5426.2,5
1788283351,5516.4,5
1788283352,5515.4,5
1788283353,5441.8,4
1788283354,5519.0,5
1788283355,5508.0,5
1788283356,5420.2,5
1788283357,5582.4,5
1788283358,5320.2,5
1788283359,5552.0,5
1788283360,5419.0,5
1788283361,5454.8,5
1788283362,5649.6,5
1788283363,5284.0,4
1788283364,5419.4,5
1788283365,5386.0,5
1788283366,5224.0,5
1788283367,5174.4,5
1788283368,5132.2,5
1788283369,5098.0,5
1788283370,5062.2,5
1788283371,5049.0,5
1788283372,5033.0,5
1788283373,5022.0,4
1788283374,5005.4,5
1788283375,5000.0,5
1788283376,4988.0,5
1788283377,4982.4,5
1788283378,4970.8,5
1788283379,4976.0,5
1788283380,4955.4,5
1788283381,4945.0,5
1788283382,4940.8,4
1788283383,4923.8,5
1788283384,4927.6,5
1788283385,4997.6,5
1788283386,5023.0,5
1788283387,5160.2,5
1788283388,5214.8,5
1788283389,5251.4,5
1788283390,5266.6,5
1788283391,5278.2,5
1788283392,5392.2,4
1788283393,5307.2,5
1788283394,5336.8,5
1788283395,5399.2,5
1788283396,5402.8,5
1788283397,5403.0,5
1788283398,5349.8,5
1788283399,5380.6,5
1788283400,5363.8,5
1788283401,5442.4,5
1788283402,5388.0,4
1788283403,5403.8,5
1788283404,5461.6,5
1788283405,5474.2,5
1788283406,5446.2,5
1788283407,5434.2,5
1788283408,5464.8,5
1788283409,5449.4,5
1788283410,5494.2,5
1788283411,5571.2,5
1788283412,5556.8,4
1788283413,5599.0,5
1788283414,5662.2,5
1788283415,5623.2,5
1788283416,5664.8,5
1788283417,5639.8,5
1788283418,5671.6,5
1788283419,5671.4,5
1788283420,5649.6,5
1788283421,5698.0,5
1788283422,5675.5,4
1788283423,5680.2,5
1788283424,5713.0,5
1788283425,5704.4,5
1788283426,5664.6,5
1788283427,5710.6,5
1788283428,5803.2,5
1788283429,5727.4,5
1788283430,5761.2,5
1788283431,5770.8,5
1788283432,5730.8,4
1788283433,5724.4,5
1788283434,5768.4,5
1788283435,5719.0,5
1788283436,5750.6,5
1788283437,5726.4,5
1788283438,5762.6,5
1788283439,8090.8,5
1788283440,5224.4,5
1788283441,5032.5,4
1788283442,4997.0,5
1788283443,4965.8,5
1788283444,4964.0,5
1788283445,4956.6,5
1788283446,4937.0,5
1788283447,4927.8,5
1788283448,4921.6,5
1788283449,4907.5,4
1788283450,4903.0,5
1788283451,4880.6,5
1788283452,4868.6,5
1788283453,4846.0,5
1788283454,4805.6,5
1788283455,4780.2,5
1788283456,4754.2,5
1788283457,4713.2,4
1788283458,4689.0,5
1788283459,4660.6,5
1788283460,4603.0,5
1788283461,4571.2,5
1788283462,4536.6,5
1788283463,4491.8,5
1788283464,4490.2,5
1788283465,4490.8,4
1788283466,4502.6,5
1788283467,4443.4,5
1788283468,4578.0,5
1788283469,4692.6,5
1788283470,4478.4,5
1788283471,4429.8,5
1788283472,4449.4,5
1788283473,4467.0,4
1788283474,4436.4,5
1788283475,4466.4,5
1788283476,4751.0,5
1788283477,4719.2,5
1788283478,4708.6,5
1788283479,4678.8,5
1788283480,4664.8,5
1788283481,4670.2,4
1788283482,4654.0,5
1788283483,4670.6,5
1788283484,4647.2,5
1788283485,4644.0,5
1788283486,4654.4,5
1788283487,4645.2,5
1788283488,4655.2,5
1788283489,4644.4,5
1788283490,4648.2,4
1788283491,4653.2,5
1788283492,4659.6,5
1788283493,4671.6,5
1788283494,4678.6,5
1788283495,4670.6,5
1788283496,4697.6,5
1788283497,4689.8,5
1788283498,4698.2,4
1788283499,3621.2,5
1788283500,4325.8,5
1788283501,4967.2,5
1788283502,4931.8,5
1788283503,4903.6,5
1788283504,4875.2,5
1788283505,4847.0,5
1788283506,4838.4,5
1788283507,4831.0,5
1788283508,4818.0,4
1788283509,4817.2,5
1788283510,4824.6,5
1788283511,4822.2,5
1788283512,4846.6,5
1788283513,4826.2,5
1788283514,4827.2,5
1788283515,4804.8,5
1788283516,4807.8,5
1788283517,4802.6,5
1788283518,4814.5,4
1788283519,4815.4,5
1788283520,4835.4,5
1788283521,4863.0,5
1788283522,4885.8,5
1788283523,4927.2,5
1788283524,4950.0,5
1788283525,4980.0,5
1788283526,4978.8,5
1788283527,4989.5,4
1788283528,4975.6,5
1788283529,5150.8,5
1788283530,5204.2,5
1788283531,5243.8,5
1788283532,5268.2,5
1788283533,5313.8,5
1788283534,5376.8,5
1788283535,5464.0,5
1788283536,5537.0,5
1788283537,5587.5,4
1788283538,5657.4,5
1788283539,5705.6,5
1788283540,5751.4,5
1788283541,5804.6,5
1788283542,5781.4,5
1788283543,5791.8,5
1788283544,5915.4,5
1788283545,6030.0,5
1788283546,6043.8,4
1788283547,6062.0,5
1788283548,6090.6,5
1788283549,6122.6,5
1788283550,6153.6,5
1788283551,6188.6,5
1788283552,6209.2,5
1788283553,6237.0,5
1788283554,6257.0,5
1788283555,6281.0,5
1788283556,6320.0,4
1788283557,6343.2,5
1788283558,6369.4,5
1788283559,6382.8,5
1788283560,6414.8,5
1788283561,8370.8,5
1788283562,6084.6,5
1788283563,6115.4,5
1788283564,6129.0,5
1788283565,6150.5,4
1788283566,6192.6,5
1788283567,6232.0,5
1788283568,6268.0,5
1788283569,6294.4,5
1788283570,6329.4,5
1788283571,6368.8,5
1788283572,6372.8,5
1788283573,6385.2,5
1788283574,6410.2,4
1788283575,6417.0,5
1788283576,6427.2,5
1788283577,6422.6,5
1788283578,6420.8,5
1788283579,6418.4,5
1788283580,6427.6,5
1788283581,6410.0,5
1788283582,6409.8,5
1788283583,6408.5,4
1788283584,6372.2,5
1788283585,6367.8,5
1788283586,6365.8,5
1788283587,6376.8,5
1788283588,6368.2,5
1788283589,6350.6,5
1788283590,6384.8,5
1788283591,6269.0,4
1788283592,6253.4,5
1788283593,6287.6,5
1788283594,6276.2,5
1788283595,6244.6,5
1788283596,6218.0,5
1788283597,6210.0,5
1788283598,6198.0,5
1788283599,6162.6,5
1788283600,6147.0,4
1788283601,6163.2,5
1788283602,6128.4,5
1788283603,6158.4,5
1788283604,6159.8,5
1788283605,6013.6,5
1788283606,6002.6,5
1788283607,6002.6,5
1788283608,5971.8,5
1788283609,5983.8,4
1788283610,5942.6,5
1788283611,5932.8,5
1788283612,4279.8,5
1788283613,5982.0,5
1788283614,6245.0,5
1788283615,6206.6,5
1788283616,6187.0,5
1788283617,6124.2,5
1788283618,6098.0,4
1788283619,6022.8,5
1788283620,5993.6,5
1788283621,5882.2,5
1788283622,5663.4,5
1788283623,5611.8,5
1788283624,5562.4,5
1788283625,5525.4,5
1788283626,5490.4,5
1788283627,5466.2,4
1788283628,5459.8,5
1788283629,5443.2,5
1788283630,5433.8,5
1788283631,5428.8,5
1788283632,5422.8,5
1788283633,5419.6,5
1788283634,5428.6,5
1788283635,5430.2,5
1788283636,5426.8,5
1788283637,5438.8,4
1788283638,5453.4,5
1788283639,5469.8,5
1788283640,5581.0,5
1788283641,5681.2,5
1788283642,5753.2,5
1788283643,5835.2,5
1788283644,5857.4,5
1788283645,5864.2,5
1788283646,5901.4,5
1788283647,6061.5,4
1788283648,6090.0,5
1788283649,6139.4,5
1788283650,6163.0,5
1788283651,6195.2,5
1788283652,6217.0,5
1788283653,6251.8,5
1788283654,6283.6,5
1788283655,6295.8,5
1788283656,6318.2,5
1788283657,6351.8,4
1788283658,6376.0,5
1788283659,6397.2,5
1788283660,6433.4,5
1788283661,6462.0,5
1788283662,7609.6,5
1788283663,7045.0,5
1788283664,6038.4,5
1788283665,6004.4,5
1788283666,5999.8,4
1788283667,5992.0,5
1788283668,6022.4,5
1788283669,6010.2,5
1788283670,6033.4,5
1788283671,6035.8,5
1788283672,6054.6,5
1788283673,6047.0,5
1788283674,6053.2,4
1788283675,6034.8,5
1788283676,6032.0,5
1788283677,6018.0,5
1788283678,6018.2,5
1788283679,5992.4,5
1788283680,5975.4,5
1788283681,5949.2,4
1788283682,5936.2,5
1788283683,5913.2,5
1788283684,5901.4,5
1788283685,5871.8,5
1788283686,5854.4,5
1788283687,5874.2,5
1788283688,5915.0,5
1788283689,5975.2,4
1788283690,5985.2,5
1788283691,6019.8,5
1788283692,6045.8,5
1788283693,6064.8,5
1788283694,6080.8,5
1788283695,6104.8,5
1788283696,6096.4,5
1788283697,6106.2,5
1788283698,6111.8,4
1788283699,6106.4,5
1788283700,6089.2,5
1788283701,6090.0,5
1788283702,6092.0,5
1788283703,6066.0,5
1788283704,6050.0,5
1788283705,6059.0,5
1788283706,6027.5,4
1788283707,6015.0,5
1788283708,6020.8,5
1788283709,5644.0,5
1788283710,4024.6,5
1788283711,5823.8,5
1788283712,5778.8,5
1788283713,5794.2,5
1788283714,5762.0,5
1788283715,5829.0,5
1788283716,5679.8,4
1788283717,5915.0,5
1788283718,5709.6,5
1788283719,5912.6,5
1788283720,5662.6,5
1788283721,6277.0,5
1788283722,6447.6,5
1788283723,5729.0,5
1788283724,5741.4,5
1788283725,5826.6,5
1788283726,5854.5,4
1788283727,5652.8,5
1788283728,5933.2,5
1788283729,5918.4,5
1788283730,5940.6,5
1788283731,5613.2,5
1788283732,5860.2,5
1788283733,5588.8,5
1788283734,5755.8,5
1788283735,5626.0,5
1788283736,5597.0,4
1788283737,5725.0,5
1788283738,5536.2,5
1788283739,5524.4,5
1788283740,5455.2,5
1788283741,5412.0,5
1788283742,5410.4,5
1788283743,5296.6,5
1788283744,5150.4,5
1788283745,5130.8,4
1788283746,5099.8,5
1788283747,5082.4,5
1788283748,5066.8,5
1788283749,5052.0,5
1788283750,5037.4,5
1788283751,5035.4,5
1788283752,5013.0,5
1788283753,5012.8,5
1788283754,4998.2,5
1788283755,4984.5,4
1788283756,4980.8,5
1788283757,4972.0,5
1788283758,4968.8,5
1788283759,4964.4,5
1788283760,4984.2,5
1788283761,5009.6,5
1788283762,5136.4,5
1788283763,5197.6,5
1788283764,5183.5,4
1788283765,5291.0,5
1788283766,5312.8,5
1788283767,5313.2,5
1788283768,5315.2,5
1788283769,5347.4,5
1788283770,5400.6,5
1788283771,5417.6,5
1788283772,5431.0,5
1788283773,5367.8,5
1788283774,5406.4,5
1788283775,5474.2,4
1788283776,5410.6,5
1788283777,5393.2,5
1788283778,5433.8,5
1788283779,5490.4,5
1788283780,5468.6,5
1788283781,5470.8,5
1788283782,5430.6,5
1788283783,5455.0,5
1788283784,5478.6,5
1788283785,5621.2,4
1788283786,5572.8,5
1788283787,5553.6,5
1788283788,5578.8,5
1788283789,5596.0,5
1788283790,5618.0,5
1788283791,5630.2,5
1788283792,5662.0,5
1788283793,5665.0,5
1788283794,5676.2,5
1788283795,5566.8,4
1788283796,5692.0,5
1788283797,5665.6,5
1788283798,5702.6,5
1788283799,5663.6,5
1788283800,5720.0,5
1788283801,5804.8,5
1788283802,5722.4,5
1788283803,5759.4,5
1788283804,5772.6,5
1788283805,5663.5,4
1788283806,5781.0,5
1788283807,5758.2,5
1788283808,5763.0,5
1788283809,5769.6,5
1788283810,5748.2,5
1788283811,5771.6,5
1788283812,5759.6,5
1788283813,5746.4,5
1788283814,7761.6,5
1788283815,6179.5,4
1788283816,5144.0,5
1788283817,5021.0,5
1788283818,4995.2,5
1788283819,4981.0,5
1788283820,4967.2,5
1788283821,4963.8,5
1788283822,4952.2,5
1788283823,4948.2,4
1788283824,4932.6,5
1788283825,4914.0,5
1788283826,4887.0,5
1788283827,4872.0,5
1788283828,4833.2,5
1788283829,4801.0,5
1788283830,4780.6,5
1788283831,4846.8,4
1788283832,4608.2,5
1788283833,4680.8,5
1788283834,4624.0,5
1788283835,4604.0,5
1788283836,4547.6,5
1788283837,4517.6,5
1788283838,4492.6,5
1788283839,4501.2,4
1788283840,4488.6,5
1788283841,4491.0,5
1788283842,4475.4,5
1788283843,4451.2,5
1788283844,4479.6,5
1788283845,4438.2,5
1788283846,4424.4,5
1788283847,4434.8,4
1788283848,4469.6,5
1788283849,4535.6,5
1788283850,4420.2,5
1788283851,4564.8,5
1788283852,4707.6,5
1788283853,4699.4,5
1788283854,4692.0,5
1788283855,4700.8,4
1788283856,4685.4,5
1788283857,4695.0,5
1788283858,4694.0,5
1788283859,4703.0,5
1788283860,4686.2,5
1788283861,4677.2,5
1788283862,4674.0,5
1788283863,4676.2,5
1788283864,4683.2,4
1788283865,4674.4,5
1788283866,4670.6,5
1788283867,4673.4,5
1788283868,4680.6,5
1788283869,4685.2,5
1788283870,4703.2,5
1788283871,4700.0,5
1788283872,4712.0,4
1788283873,4712.4,5
1788283874,4454.4,5
1788283875,3553.0,5
1788283876,4919.2,5
1788283877,5005.2,5
1788283878,4960.4,5
1788283879,4930.4,5
1788283880,4896.2,5
1788283881,4863.2,4
1788283882,4856.2,5
1788283883,4846.2,5
1788283884,4827.2,5
1788283885,4833.6,5
1788283886,4824.2,5
1788283887,4837.0,5
1788283888,4837.2,5
1788283889,4825.4,5
1788283890,4806.6,5
1788283891,4801.2,4
1788283892,4796.2,5
1788283893,4812.8,5
1788283894,4816.6,5
1788283895,4850.2,5
1788283896,4862.4,5
1788283897,4889.4,5
1788283898,4924.6,5
1788283899,4949.2,5
1788283900,4980.0,4
1788283901,4995.8,5
1788283902,4980.2,5
1788283903,4992.2,5
1788283904,5111.8,5
1788283905,5195.4,5
1788283906,5226.2,5
1788283907,5259.4,5
1788283908,5287.8,5
1788283909,5357.0,5
1788283910,5414.0,4
1788283911,5491.0,5
1788283912,5559.4,5
1788283913,5612.2,5
1788283914,5679.0,5
1788283915,5728.2,5
1788283916,5748.8,5
1788283917,5787.2,5
1788283918,5871.2,5
1788283919,5797.5,4
1788283920,5886.6,5
1788283921,5831.4,5
1788283922,6030.6,5
1788283923,6057.2,5
1788283924,6087.0,5
1788283925,6113.8,5
1788283926,6137.4,5
1788283927,6170.8,5
1788283928,6189.2,5
1788283929,6223.0,5
1788283930,6231.2,4
1788283931,6273.0,5
1788283932,6294.4,5
1788283933,6338.2,5
1788283934,6339.8,5
1788283935,6383.0,5
1788283936,6400.0,5
1788283937,8185.6,5
1788283938,6071.4,5
1788283939,6109.2,4
1788283940,6117.4,5
1788283941,6172.4,5
1788283942,6214.4,5
1788283943,6252.6,5
1788283944,6277.4,5
1788283945,6317.8,5
1788283946,6325.8,5
1788283947,6378.2,4
1788283948,6364.6,5
1788283949,6388.8,5
1788283950,6398.0,5
1788283951,6392.4,5
1788283952,6384.4,5
1788283953,6387.8,5
1788283954,6384.0,5
1788283955,6366.6,5
1788283956,6354.2,4
1788283957,6364.4,5
1788283958,6333.2,5
1788283959,6325.8,5
1788283960,6307.2,5
1788283961,6289.6,5
1788283962,6270.6,5
1788283963,6277.2,5
1788283964,6261.8,4
1788283965,6292.4,5
1788283966,6305.0,5
1788283967,6276.6,5
1788283968,6320.4,5
1788283969,6331.0,5
1788283970,6207.6,5
1788283971,6255.4,5
1788283972,6243.0,5
1788283973,6222.5,4
1788283974,6189.4,5
1788283975,6185.8,5
1788283976,6170.0,5
1788283977,6151.0,5
1788283978,6165.6,5
1788283979,6160.0,5
1788283980,6168.6,5
1788283981,6122.6,5
1788283982,6034.0,4
1788283983,6020.0,5
1788283984,6021.0,5
1788283985,6013.0,5
1788283986,5984.8,5
1788283987,5955.0,5
1788283988,5947.6,5
1788283989,4638.8,5
1788283990,5475.8,4
1788283991,6159.2,5
1788283992,6217.6,5
1788283993,6191.0,5
1788283994,6132.0,5
1788283995,6077.8,5
1788283996,6011.4,5
1788283997,5985.4,5
1788283998,5945.8,5
1788283999,5656.2,5
1788284000,5597.0,4
1788284001,5547.2,5
1788284002,5515.2,5
1788284003,5477.8,5
1788284004,5445.8,5
1788284005,5424.4,5
1788284006,5422.4,5
1788284007,5432.0,5
1788284008,5436.4,5
1788284009,5456.0,5
1788284010,5444.0,4
1788284011,5448.0,5
1788284012,5464.4,5
1788284013,5461.6,5
1788284014,5472.4,5
1788284015,5493.6,5
1788284016,5486.4,5
1788284017,5585.2,5
1788284018,5673.4,5
1788284019,5748.8,4
1788284020,5774.0,5
1788284021,5830.2,5
1788284022,5850.2,5
1788284023,5859.4,5
1788284024,6019.0,5
1788284025,6119.4,5
1788284026,6153.0,5
1788284027,6176.8,5
1788284028,6197.4,5
1788284029,6229.0,5
1788284030,6251.0,4
1788284031,6282.6,5
1788284032,6313.0,5
1788284033,6328.8,5
1788284034,6343.2,5
1788284035,6376.4,5
1788284036,6399.4,5
1788284037,6430.4,5
1788284038,6465.2,5
1788284039,6474.5,4
1788284040,8287.0,5
1788284041,6231.6,5
1788284042,6029.2,5
1788284043,5995.6,5
1788284044,5995.2,5
1788284045,5994.6,5
1788284046,6021.6,5
1788284047,6026.8,4
1788284048,6040.0,5
1788284049,6052.0,5
1788284050,6062.2,5
1788284051,6060.8,5
1788284052,6064.6,5
1788284053,6070.6,5
1788284054,6062.0,5
1788284055,6068.8,4
1788284056,6067.2,5
1788284057,6046.0,5
1788284058,6022.0,5
1788284059,5990.4,5
1788284060,5985.6,5
1788284061,5962.4,5
1788284062,5928.4,5
1788284063,5917.8,4
1788284064,5895.6,5
1788284065,5855.2,5
1788284066,5844.4,5
1788284067,5821.4,5
1788284068,5875.2,5
1788284069,5895.0,5
1788284070,5943.4,5
1788284071,5973.2,4
1788284072,5980.2,5
1788284073,5974.6,5
1788284074,5971.2,5
1788284075,5978.8,5
1788284076,5961.4,5
1788284077,5953.0,5
1788284078,5953.8,5
1788284079,5935.4,5
1788284080,5953.2,4
1788284081,5932.6,5
1788284082,5912.4,5
1788284083,5920.4,5
1788284084,5904.4,5
1788284085,5888.0,5
1788284086,5872.6,5
1788284087,5863.6,5
1788284088,5866.5,4
1788284089,5843.6,5
1788284090,4314.6,5
1788284091,4939.2,5
1788284092,5798.8,5
1788284093,5748.4,5
1788284094,5790.6,5
1788284095,5799.0,5
1788284096,5794.6,5
1788284097,5793.0,5
1788284098,5700.0,4
1788284099,5924.2,5
1788284100,5691.4,5
1788284101,5911.2,5
1788284102,5682.0,5
1788284103,5913.8,5
1788284104,5656.4,5
1788284105,5944.0,5
1788284106,5542.0,5
1788284107,5728.0,5
1788284108,5593.8,4
1788284109,5339.6,5
1788284110,5615.4,5
1788284111,5391.2,5
1788284112,5477.4,5
1788284113,5519.6,5
1788284114,5389.4,5
1788284115,5597.2,5
1788284116,5307.4,5
1788284117,5501.6,5
1788284118,5441.8,4
1788284119,5312.4,5
1788284120,5391.6,5
1788284121,5409.2,5
1788284122,5222.8,5
1788284123,5164.4,5
1788284124,5104.2,5
1788284125,5060.2,5
1788284126,5021.8,5
1788284127,5001.2,4
1788284128,4970.2,5
1788284129,4930.8,5
1788284130,4908.4,5
1788284131,4910.6,5
1788284132,4908.0,5
1788284133,4906.4,5
1788284134,4889.0,5
1788284135,4888.6,5
1788284136,4871.8,4
1788284137,4868.6,5
1788284138,4859.0,5
1788284139,4845.8,5
1788284140,4854.6,5
1788284141,4862.0,5
1788284142,4875.4,5
1788284143,4977.0,5
1788284144,5080.4,5
1788284145,5160.4,5
1788284146,5123.2,4
1788284147,5222.8,5
1788284148,5232.8,5
1788284149,5240.2,5
1788284150,5268.4,5
1788284151,5327.0,5
1788284152,5349.8,5
1788284153,5340.4,5
1788284154,5341.2,5
1788284155,5322.2,5
1788284156,5418.2,4
1788284157,5345.0,5
1788284158,5475.4,5
1788284159,5269.6,5
1788284160,5417.4,5
1788284161,5409.8,5
1788284162,5376.2,5
1788284163,5421.6,5
1788284164,5359.8,5
1788284165,5434.2,5
1788284166,5447.4,5
1788284167,5369.8,4
1788284168,5481.0,5
1788284169,5469.6,5
1788284170,5478.0,5
1788284171,5435.2,5
1788284172,5489.4,5
1788284173,5470.8,5
1788284174,5470.8,5
1788284175,5543.2,5
1788284176,5598.0,5
1788284177,5526.8,4
1788284178,5610.6,5
1788284179,5633.4,5
1788284180,5627.0,5
1788284181,5641.2,5
1788284182,5643.2,5
1788284183,5622.0,5
1788284184,5635.8,5
1788284185,5638.4,5
1788284186,5675.8,5
1788284187,5746.0,4
1788284188,5646.8,5
1788284189,5665.0,5
1788284190,5666.6,5
1788284191,5689.8,5
1788284192,5673.4,5
1788284193,5726.2,5
1788284194,5728.8,5
1788284195,5750.6,5
1788284196,8189.6,5
1788284197,5372.0,4
1788284198,5066.8,5
1788284199,5013.0,5
1788284200,4994.6,5
1788284201,4986.2,5
1788284202,4971.8,5
1788284203,4968.8,5
1788284204,4972.6,5
1788284205,4954.0,4
1788284206,4941.4,5
1788284207,4932.2,5
1788284208,4900.0,5
1788284209,4870.6,5
1788284210,4835.8,5
1788284211,4803.6,5
1788284212,4759.0,4
1788284213,4745.0,5
1788284214,4706.6,5
1788284215,4670.2,5
1788284216,4641.2,5
1788284217,4599.0,5
1788284218,4569.2,5
1788284219,4550.4,5
1788284220,4498.0,4
1788284221,4485.4,5
1788284222,4511.8,5
1788284223,4504.2,5
1788284224,4446.2,5
1788284225,4424.6,5
1788284226,4455.6,5
1788284227,4471.0,5
1788284228,4457.5,4
1788284229,4416.8,5
1788284230,4568.8,5
1788284231,4696.6,5
1788284232,4684.6,5
1788284233,4666.8,5
1788284234,4659.8,5
1788284235,4647.4,5
1788284236,4668.5,4
1788284237,4637.0,5
1788284238,4606.8,5
1788284239,4622.2,5
1788284240,4601.2,5
1788284241,4608.4,5
1788284242,4601.2,5
1788284243,4611.8,5
1788284244,4626.0,5
1788284245,4638.0,4
1788284246,4649.2,5
1788284247,4637.0,5
1788284248,4646.2,5
1788284249,4641.0,5
1788284250,4657.0,5
1788284251,4658.6,5
1788284252,4662.6,5
1788284253,4665.5,4
1788284254,4677.8,5
1788284255,4690.6,5
1788284256,3271.2,5
1788284257,4835.2,5
1788284258,4961.6,5
1788284259,4928.0,5
1788284260,4882.2,5
1788284261,4839.0,5
1788284262,4801.8,5
1788284263,4771.5,4
1788284264,4772.8,5
1788284265,4759.0,5
1788284266,4773.4,5
1788284267,4762.0,5
1788284268,4785.2,5
1788284269,4786.8,5
1788284270,4800.2,5
1788284271,4783.4,5
1788284272,4786.0,4
1788284273,4793.4,5
1788284274,4802.8,5
1788284275,4805.8,5
1788284276,4821.0,5
1788284277,4823.8,5
1788284278,4839.8,5
1788284279,4848.2,5
1788284280,4857.2,5
1788284281,4864.8,5
1788284282,4882.8,5
1788284283,4953.5,4
1788284284,4799.6,5
1788284285,4907.8,5
1788284286,4927.6,5
1788284287,4949.6,5
1788284288,4972.2,5
1788284289,4983.0,5
1788284290,5069.8,5
1788284291,5110.4,5
1788284292,5145.2,5
1788284293,5198.0,4
1788284294,5166.4,5
1788284295,5421.0,5
1788284296,5483.2,5
1788284297,5516.8,5
1788284298,5574.4,5
1788284299,5607.4,5
1788284300,5634.8,5
1788284301,5693.0,5
1788284302,5724.8,5
1788284303,5736.8,4
1788284304,5792.2,5
1788284305,5800.6,5
1788284306,5798.6,5
1788284307,5806.2,5
1788284308,5883.0,5
1788284309,6028.8,5
1788284310,6045.4,5
1788284311,6080.4,5
1788284312,6090.2,5
1788284313,6134.8,4
1788284314,6155.8,5
1788284315,6192.6,5
1788284316,6196.6,5
1788284317,6240.0,5
1788284318,8073.8,5
1788284319,6113.4,5
1788284320,5926.0,5
1788284321,5971.4,5
1788284322,6012.8,4
1788284323,6060.6,5
1788284324,6054.2,5
1788284325,6129.6,5
1788284326,6161.8,5
1788284327,6190.0,5
1788284328,6221.0,5
1788284329,6240.2,5
1788284330,6255.0,4
1788284331,6249.8,5
1788284332,6269.2,5
1788284333,6278.0,5
1788284334,6268.8,5
1788284335,6272.0,5
1788284336,6269.6,5
1788284337,6253.8,5
1788284338,6241.4,5
1788284339,6239.0,4
1788284340,6199.6,5
1788284341,6189.8,5
1788284342,6181.8,5
1788284343,6157.6,5
1788284344,6143.4,5
1788284345,6158.2,5
1788284346,6153.0,5
1788284347,6139.2,4
1788284348,6167.8,5
1788284349,6162.4,5
1788284350,6186.6,5
1788284351,6141.6,5
1788284352,6172.6,5
1788284353,6146.4,5
1788284354,6145.6,5
1788284355,6130.0,5
1788284356,6075.5,4
1788284357,6030.0,5
1788284358,6023.0,5
1788284359,6015.4,5
1788284360,5984.6,5
1788284361,5985.0,5
1788284362,5978.2,5
1788284363,5950.8,5
1788284364,5950.8,5
1788284365,5928.8,4
1788284366,5926.0,5
1788284367,5904.0,5
1788284368,5908.0,5
1788284369,5887.2,5
1788284370,5870.2,5
1788284371,4880.4,5
1788284372,5221.2,5
1788284373,6055.4,5
1788284374,6174.0,4
1788284375,6126.0,5
1788284376,6075.0,5
1788284377,6044.6,5
1788284378,6004.8,5
1788284379,5983.6,5
1788284380,5876.2,5
1788284381,5625.2,5
1788284382,5543.6,5
1788284383,5490.2,4
1788284384,5457.8,5
1788284385,5427.0,5
1788284386,5412.0,5
1788284387,5404.4,5
1788284388,5394.6,5
1788284389,5399.6,5
1788284390,5395.4,5
1788284391,5402.6,5
1788284392,5391.8,5
1788284393,5391.0,4
1788284394,5390.2,5
1788284395,5401.8,5
1788284396,5403.8,5
1788284397,5413.6,5
1788284398,5424.0,5
1788284399,5504.6,5
1788284400,5596.0,5
1788284401,5674.6,5
1788284402,5772.4,5
1788284403,5817.5,4
1788284404,5869.6,5
1788284405,5853.4,5
1788284406,5853.6,5
1788284407,5958.6,5
1788284408,6066.6,5
1788284409,6087.0,5
1788284410,6136.2,5
1788284411,6155.6,5
1788284412,6167.8,5
1788284413,6194.5,4
1788284414,6213.6,5
1788284415,6250.0,5
1788284416,6281.0,5
1788284417,6289.4,5
1788284418,6319.2,5
1788284419,6346.6,5
1788284420,6370.8,5
1788284421,6412.6,5
1788284422,8204.0,5
1788284423,6221.0,4
1788284424,5952.2,5
1788284425,5936.8,5
1788284426,5913.4,5
1788284427,5924.0,5
1788284428,5942.8,5
1788284429,5961.8,5
1788284430,5970.8,5
1788284431,5986.2,4
1788284432,5998.8,5
1788284433,6001.4,5
1788284434,5995.6,5
1788284435,6005.0,5
1788284436,5990.2,5
1788284437,5997.0,5
1788284438,5974.0,5
1788284439,5966.8,4
1788284440,5951.6,5
1788284441,5938.6,5
1788284442,5918.4,5
1788284443,5908.0,5
1788284444,5876.4,5
1788284445,5881.0,5
1788284446,5890.5,4
1788284447,5713.4,5
1788284448,5773.0,5
1788284449,5757.8,5
1788284450,5731.8,5
1788284451,5701.0,5
1788284452,5665.6,5
1788284453,5752.4,5
1788284454,5745.8,4
1788284455,5735.4,5
1788284456,5734.4,5
1788284457,5742.8,5
1788284458,5820.4,5
1788284459,5842.6,5
1788284460,5843.4,5
1788284461,5831.6,5
1788284462,5847.4,5
1788284463,5846.2,4
1788284464,5837.8,5
1788284465,5849.0,5
1788284466,5842.2,5
1788284467,5844.4,5
1788284468,5826.2,5
1788284469,5833.0,5
1788284470,5800.4,5
1788284471,5796.0,4
1788284472,5797.0,5
1788284473,5780.2,5
1788284474,5758.8,5
1788284475,5759.4,5
1788284476,3499.8,5
1788284477,5089.6,5
1788284478,5165.6,5
1788284479,5174.4,5
1788284480,5227.8,4
1788284481,5261.0,5
1788284482,5231.6,5
1788284483,5230.8,5
1788284484,5238.8,5
1788284485,5240.2,5
1788284486,5240.0,5
1788284487,5239.8,5
1788284488,5207.4,5
1788284489,5234.2,5
1788284490,5239.6,5
1788284491,5241.8,4
1788284492,5238.0,5
1788284493,5233.0,5
1788284494,5235.8,5
1788284495,5243.4,5
1788284496,5204.6,5
1788284497,5241.8,5
1788284498,5240.4,5
1788284499,5234.6,5
1788284500,5193.8,5
1788284501,5177.0,5
1788284502,5215.0,4
1788284503,5291.4,5
1788284504,5217.8,5
1788284505,5155.6,5
1788284506,5175.2,5
1788284507,5170.2,5
1788284508,5192.0,5
1788284509,5168.4,5
1788284510,5177.2,5
1788284511,5157.4,5
1788284512,5155.5,4
1788284513,5190.0,5
1788284514,5168.6,5
1788284515,5158.8,5
1788284516,5141.0,5
1788284517,5157.0,5
1788284518,5160.4,5
1788284519,5157.8,5
1788284520,5170.0,5
1788284521,5212.0,5
1788284522,15569.0,4
1788284523,13773.0,5
1788284524,12344.0,5
1788284525,10977.4,5
1788284526,10300.8,5
1788284527,9319.8,5
1788284528,8981.8,5
1788284529,8254.4,5
1788284530,7919.2,5
1788284531,7647.0,5
1788284532,7487.5,4
1788284533,7467.0,5
1788284534,7036.6,5
1788284535,6906.0,5
1788284536,6770.2,5
1788284537,6662.6,5
1788284538,6564.4,5
1788284539,6456.0,5
1788284540,6362.4,5
1788284541,6296.5,4
1788284542,6287.4,5
1788284543,6282.8,5
1788284544,6116.6,5
1788284545,5987.8,5
1788284546,5905.2,5
1788284547,5844.0,5
1788284548,5757.6,5
1788284549,5712.8,5
1788284550,5664.2,5
1788284551,5605.5,4
1788284552,5563.2,5
1788284553,5513.4,5
1788284554,5475.6,5
1788284555,5439.0,5
1788284556,5403.2,5
1788284557,5359.8,5
1788284558,5341.2,5
1788284559,5329.0,5
1788284560,5294.8,4
1788284561,5294.4,5
1788284562,5277.4,5
1788284563,5252.6,5
1788284564,5226.8,5
1788284565,5224.2,5
1788284566,3865.2,5
1788284567,4840.6,5
1788284568,5540.2,5
1788284569,5466.2,4
1788284570,5472.6,5
1788284571,5436.2,5
1788284572,5398.0,5
1788284573,5381.8,5
1788284574,5379.4,5
1788284575,5371.0,5
1788284576,5367.4,5
1788284577,5384.2,5
1788284578,5380.6,5
1788284579,5387.0,5
1788284580,5407.2,4
1788284581,5419.2,5
1788284582,5453.2,5
1788284583,5397.4,5
1788284584,5462.6,5
1788284585,5468.0,5
1788284586,5505.6,5
1788284587,5522.4,5
1788284588,5554.2,5
1788284589,5578.8,5
1788284590,5578.6,5
1788284591,5624.2,4
1788284592,5623.8,5
1788284593,5655.4,5
1788284594,5686.0,5
1788284595,5695.2,5
1788284596,5720.0,5
1788284597,5724.4,5
1788284598,5728.4,5
1788284599,5726.6,5
1788284600,5919.2,5
1788284601,5935.0,4
1788284602,5926.0,5
1788284603,5943.0,5
1788284604,5942.2,5
1788284605,6057.8,5
1788284606,6062.6,5
1788284607,6050.4,5
1788284608,6059.0,5
1788284609,6087.6,5
1788284610,6076.2,5
1788284611,8414.6,5
1788284612,6801.5,4
1788284613,5914.2,5
1788284614,5987.0,5
1788284615,6092.4,5
1788284616,6183.0,5
1788284617,6246.0,5
1788284618,6327.6,5
1788284619,6379.6,5
1788284620,6419.8,4
1788284621,6449.8,5
1788284622,6472.8,5
1788284623,6524.0,5
1788284624,6490.6,5
1788284625,6508.0,5
1788284626,6521.8,5
1788284627,6527.4,5
1788284628,6542.0,5
1788284629,6547.8,4
1788284630,6560.0,5
1788284631,6557.4,5
1788284632,6542.4,5
1788284633,6532.6,5
1788284634,6527.4,5
1788284635,6527.8,5
1788284636,6524.4,5
1788284637,6518.2,4
1788284638,6487.6,5
1788284639,6476.4,5
1788284640,6459.6,5
1788284641,6446.6,5
1788284642,6420.4,5
1788284643,6421.0,5
1788284644,6398.0,5
1788284645,6380.8,4
1788284646,6368.6,5
1788284647,6346.2,5
1788284648,6329.2,5
1788284649,6326.6,5
1788284650,6299.0,5
1788284651,6268.6,5
1788284652,6268.4,5
1788284653,6230.2,4
1788284654,6240.4,5
1788284655,6200.4,5
1788284656,6200.0,5
1788284657,6165.2,5
1788284658,6160.6,5
1788284659,6151.8,5
1788284660,6122.8,5
1788284661,6121.8,4
1788284662,6126.6,5
1788284663,6095.2,5
1788284664,6087.0,5
1788284665,4434.6,5
1788284666,6053.8,5
1788284667,6289.0,5
1788284668,6224.0,5
1788284669,6152.8,5
1788284670,6101.6,5
1788284671,6052.8,4
1788284672,6007.0,5
1788284673,5976.0,5
1788284674,5938.6,5
1788284675,5919.0,5
1788284676,5912.6,5
1788284677,5888.2,5
1788284678,5891.8,5
1788284679,5882.6,5
1788284680,5895.8,5
1788284681,5888.0,5
1788284682,5905.2,4
1788284683,5907.4,5
1788284684,5918.8,5
1788284685,6040.6,5
1788284686,5992.0,5
1788284687,5848.2,5
1788284688,5867.0,5
1788284689,5884.2,5
1788284690,5899.2,5
1788284691,6007.2,5
1788284692,5826.2,4
1788284693,5949.4,5
1788284694,5981.0,5
1788284695,5999.2,5
1788284696,5993.4,5
1788284697,6043.6,5
1788284698,6042.4,5
1788284699,6031.2,5
1788284700,6025.4,5
1788284701,6163.4,5
1788284702,6176.6,5
1788284703,6191.2,4
1788284704,6224.4,5
1788284705,8108.8,5
1788284706,5922.8,5
1788284707,6003.4,5
1788284708,6095.6,5
1788284709,6178.8,5
1788284710,6259.6,5
1788284711,6336.2,5
1788284712,6371.5,4
1788284713,6405.4,5
1788284714,6460.8,5
1788284715,6505.2,5
1788284716,6538.4,5
1788284717,6577.8,5
1788284718,6602.6,5
1788284719,6621.4,5
1788284720,6627.2,5
1788284721,6628.6,5
1788284722,6647.8,4
1788284723,6641.2,5
1788284724,6645.0,5
1788284725,6656.0,5
1788284726,6644.4,5
1788284727,6637.8,5
1788284728,6633.2,5
1788284729,6625.8,5
1788284730,6616.4,5
1788284731,6603.0,5
1788284732,6584.0,4
1788284733,6541.0,5
1788284734,6511.8,5
1788284735,6474.8,5
1788284736,6443.2,5
1788284737,6413.6,5
1788284738,6378.4,5
1788284739,6360.6,5
1788284740,6335.2,5
1788284741,6315.8,4
1788284742,6289.6,5
1788284743,6255.6,5
1788284744,6223.8,5
1788284745,6164.0,5
1788284746,6155.8,5
1788284747,6143.8,5
1788284748,6135.0,5
1788284749,6125.8,5
1788284750,6110.8,4
1788284751,6093.0,5
1788284752,5565.8,5
1788284753,4068.6,5
1788284754,5154.8,5
1788284755,5167.0,5
1788284756,5179.8,5
1788284757,5233.2,5
1788284758,5240.0,5
1788284759,5226.2,5
1788284760,5263.0,4
1788284761,5234.0,5
1788284762,5231.4,5
1788284763,5299.0,5
1788284764,5216.8,5
1788284765,5213.6,5
1788284766,5252.0,5
1788284767,5221.0,5
1788284768,5223.4,5
1788284769,5232.6,5
1788284770,5220.2,4
1788284771,5250.2,5
1788284772,5238.6,5
1788284773,5248.2,5
1788284774,5222.2,5
1788284775,5218.0,5
1788284776,5194.6,5
1788284777,5177.4,5
1788284778,5159.6,5
1788284779,5173.0,5
1788284780,5152.8,5
1788284781,5193.8,4
1788284782,5180.8,5
1788284783,5177.8,5
1788284784,5185.4,5
1788284785,5142.6,5
1788284786,5174.8,5
1788284787,5158.8,5
1788284788,5148.0,5
1788284789,5174.8,5
1788284790,5156.2,5
1788284791,5179.8,4
1788284792,5162.2,5
1788284793,5168.0,5
1788284794,5181.4,5
1788284795,5161.6,5
1788284796,5170.6,5
1788284797,5166.2,5
1788284798,5184.2,5
1788284799,16876.2,5
1788284800,12883.4,5
1788284801,11903.2,5
1788284802,10719.8,4
1788284803,10124.2,5
1788284804,9325.4,5
1788284805,8671.6,5
1788284806,8131.6,5
1788284807,7816.0,5
1788284808,7549.6,5
1788284809,7495.8,5
1788284810,7188.2,5
1788284811,6936.2,5
1788284812,6814.2,4
1788284813,6704.0,5
1788284814,6600.8,5
1788284815,6511.2,5
1788284816,6421.8,5
1788284817,6350.2,5
1788284818,6284.4,5
1788284819,6297.0,5
1788284820,6276.6,5
1788284821,6036.0,5
1788284822,5993.2,4
1788284823,5947.4,5
1788284824,5887.4,5
1788284825,5850.2,5
1788284826,5788.4,5
1788284827,5746.4,5
1788284828,5684.8,5
1788284829,5637.6,5
1788284830,5576.6,5
1788284831,5547.5,4
1788284832,5508.6,5
1788284833,5469.6,5
1788284834,5430.2,5
1788284835,5401.4,5
1788284836,5362.0,5
1788284837,5339.6,5
1788284838,5324.8,5
1788284839,5302.2,5
1788284840,5285.0,5
1788284841,5285.0,4
1788284842,5243.8,5
1788284843,5241.2,5
1788284844,5235.2,5
1788284845,5218.2,5
1788284846,5224.6,5
1788284847,5206.0,5
1788284848,3878.2,5
1788284849,4714.0,4
1788284850,5562.6,5
1788284851,5542.0,5
1788284852,5496.0,5
1788284853,5472.0,5
1788284854,5452.6,5
1788284855,5435.8,5
1788284856,5415.2,5
1788284857,5407.2,5
1788284858,5419.8,5
1788284859,5420.2,5
1788284860,5416.8,4
1788284861,5441.2,5
1788284862,5448.2,5
1788284863,5459.2,5
1788284864,5477.0,5
1788284865,5469.2,5
1788284866,5495.2,5
1788284867,5515.0,5
1788284868,5556.4,5
1788284869,5578.4,5
1788284870,5616.4,5
1788284871,5641.2,4
1788284872,5670.0,5
1788284873,5703.4,5
1788284874,5709.6,5
1788284875,5735.4,5
1788284876,5696.4,5
1788284877,5720.8,5
1788284878,5715.6,5
1788284879,5743.6,5
1788284880,5724.0,5
1788284881,6056.0,5
1788284882,5719.0,4
1788284883,5826.0,5
1788284884,5842.2,5
1788284885,6078.8,5
1788284886,5901.8,5
1788284887,5962.4,5
1788284888,5957.0,5
1788284889,5932.8,5
1788284890,5956.0,5
1788284891,6166.4,5
1788284892,5844.2,5
1788284893,5882.5,4
1788284894,5996.6,5
1788284895,7912.4,5
1788284896,5749.8,5
1788284897,5745.6,5
1788284898,5762.0,5
1788284899,5975.6,5
1788284900,6115.6,5
1788284901,6171.2,4
1788284902,6163.8,5
1788284903,6233.6,5
1788284904,6301.2,5
1788284905,6341.0,5
1788284906,6390.2,5
1788284907,6405.0,5
1788284908,6446.6,5
1788284909,6472.6,5
1788284910,6502.8,4
1788284911,6518.6,5
1788284912,6538.2,5
1788284913,6566.8,5
1788284914,6563.4,5
1788284915,6576.2,5
1788284916,6585.6,5
1788284917,6583.8,5
1788284918,6587.2,5
1788284919,6574.8,4
1788284920,6569.4,5
1788284921,6573.2,5
1788284922,6560.8,5
1788284923,6543.4,5
1788284924,6530.8,5
1788284925,6518.8,5
1788284926,6527.6,5
1788284927,6483.2,4
1788284928,6487.8,5
1788284929,6464.8,5
1788284930,6458.8,5
1788284931,6446.2,5
1788284932,6431.8,5
1788284933,6397.4,5
1788284934,6391.8,5
1788284935,6385.0,4
1788284936,6373.0,5
1788284937,6372.4,5
1788284938,6359.0,5
1788284939,6351.8,5
1788284940,6317.2,5
1788284941,6309.6,5
1788284942,6264.0,5
1788284943,6258.8,4
1788284944,6248.6,5
1788284945,5749.0,5
1788284946,4863.4,5
1788284947,6491.8,5
1788284948,6418.6,5
1788284949,6346.2,5
1788284950,6293.4,5
1788284951,6223.6,5
1788284952,6179.0,5
1788284953,6144.0,4
1788284954,6112.2,5
1788284955,6071.8,5
1788284956,6036.2,5
1788284957,6005.6,5
1788284958,6221.0,5
1788284959,5675.6,5
1788284960,5953.0,5
1788284961,5938.2,5
1788284962,5938.8,5
1788284963,5939.8,5
1788284964,5931.5,4
1788284965,6014.8,5
1788284966,6344.0,5
1788284967,5751.4,5
1788284968,5742.0,5
1788284969,5875.8,5
1788284970,5888.0,5
1788284971,5899.6,5
1788284972,5927.8,5
1788284973,5938.6,5
1788284974,5945.8,4
1788284975,5968.2,5
1788284976,5983.0,5
1788284977,6001.2,5
1788284978,6027.0,5
1788284979,6032.4,5
1788284980,6037.6,5
1788284981,6020.2,5
1788284982,6131.6,5
1788284983,6221.8,5
1788284984,6244.8,5
1788284985,7949.4,5
1788284986,6374.0,4
1788284987,6019.4,5
1788284988,6109.6,5
1788284989,6175.4,5
1788284990,6246.0,5
1788284991,6327.8,5
1788284992,6385.0,5
1788284993,6430.2,5
1788284994,6444.2,5
1788284995,6262.8,4
1788284996,6305.0,5
1788284997,6333.2,5
1788284998,6368.8,5
1788284999,6410.0,5
1788285000,6439.8,5
1788285001,6481.8,5
1788285002,6489.6,5
1788285003,6505.2,5
1788285004,6506.5,4
1788285005,6514.4,5
1788285006,6518.0,5
1788285007,6507.4,5
1788285008,6512.2,5
1788285009,6511.2,5
1788285010,6500.4,5
1788285011,6480.8,5
1788285012,6469.0,5
1788285013,6440.8,5
1788285014,6426.2,4
1788285015,6390.4,5
1788285016,6382.8,5
1788285017,6311.4,5
1788285018,6305.6,5
1788285019,6260.8,5
1788285020,6234.8,5
1788285021,6187.0,5
1788285022,6174.0,5
1788285023,6139.2,4
1788285024,6131.2,5
1788285025,6156.6,5
1788285026,5979.0,5
1788285027,5990.6,5
1788285028,6007.2,5
1788285029,5974.0,5
1788285030,5992.6,5
1788285031,5955.2,5
1788285032,5928.4,5
1788285033,5938.8,4
1788285034,5901.8,5
1788285035,5914.2,5
1788285036,5920.4,5
1788285037,4762.6,5
1788285038,4280.4,5
1788285039,5141.8,5
1788285040,5151.2,5
1788285041,5197.2,5
1788285042,5248.8,5
1788285043,5221.2,4
1788285044,5231.0,5
1788285045,5229.6,5
1788285046,5215.6,5
1788285047,5249.0,5
1788285048,5226.0,5
1788285049,5222.4,5
1788285050,5227.8,5
1788285051,5235.6,5
1788285052,5219.2,5
1788285053,5214.0,5
1788285054,5219.8,4
1788285055,5211.2,5
1788285056,5210.4,5
1788285057,5225.8,5
1788285058,5242.6,5
1788285059,5227.8,5
1788285060,5237.0,5
1788285061,5190.6,5
1788285062,5189.0,5
1788285063,5162.8,5
1788285064,5155.4,5
1788285065,5231.5,4
1788285066,5171.8,5
1788285067,5163.0,5
1788285068,5160.0,5
1788285069,5157.4,5
1788285070,5152.2,5
1788285071,5163.6,5
1788285072,5178.4,5
1788285073,5183.2,5
1788285074,5165.6,5
1788285075,5170.8,4
1788285076,5142.4,5
1788285077,5170.8,5
1788285078,5202.4,5
1788285079,5158.0,5
1788285080,5153.8,5
1788285081,5584.2,5
1788285082,5167.0,5
1788285083,8610.4,5
1788285084,13661.4,5
1788285085,10930.0,4
1788285086,10377.6,5
1788285087,9330.8,5
1788285088,8925.2,5
1788285089,8176.0,5
1788285090,7817.8,5
1788285091,7525.8,5
1788285092,7479.0,5
1788285093,7087.2,5
1788285094,6879.6,5
1788285095,6747.6,5
1788285096,6627.8,4
1788285097,6532.6,5
1788285098,6456.8,5
1788285099,6366.0,5
1788285100,6307.8,5
1788285101,6280.8,5
1788285102,6279.8,5
1788285103,6131.0,5
1788285104,6007.8,5
1788285105,5970.5,4
1788285106,5942.2,5
1788285107,5896.6,5
1788285108,5859.6,5
1788285109,5816.0,5
1788285110,5787.4,5
1788285111,5726.2,5
1788285112,5670.4,5
1788285113,5630.6,5
1788285114,5582.8,5
1788285115,5527.8,4
1788285116,5501.8,5
1788285117,5465.0,5
1788285118,5433.2,5
1788285119,5410.2,5
1788285120,5379.6,5
1788285121,5370.8,5
1788285122,5346.6,5
1788285123,5332.2,5
1788285124,5330.5,4
1788285125,5312.8,5
1788285126,5296.6,5
1788285127,5292.4,5
1788285128,5278.0,5
1788285129,5272.0,5
1788285130,5276.2,5
1788285131,5268.0,5
1788285132,5269.6,5
1788285133,3826.5,4
1788285134,4684.8,5
1788285135,5591.6,5
1788285136,6246.8,5
1788285137,4730.8,5
1788285138,5418.0,5
1788285139,5449.2,5
1788285140,5446.0,5
1788285141,5440.0,5
1788285142,5434.0,5
1788285143,5450.5,4
1788285144,5534.4,5
1788285145,5370.4,5
1788285146,5417.2,5
1788285147,5431.6,5
1788285148,5448.8,5
1788285149,5483.4,5
1788285150,5513.2,5
1788285151,5543.0,5
1788285152,5574.8,5
1788285153,5595.8,4
1788285154,5603.0,5
1788285155,5632.8,5
1788285156,5656.8,5
1788285157,5671.4,5
1788285158,5700.4,5
1788285159,5712.8,5
1788285160,5753.0,5
1788285161,5737.8,5
1788285162,5732.0,5
1788285163,5911.4,5
1788285164,5919.8,4
1788285165,5928.8,5
1788285166,5941.4,5
1788285167,5940.6,5
1788285168,6018.8,5
1788285169,6078.0,5
1788285170,6080.8,5
1788285171,6062.2,5
1788285172,6070.6,5
1788285173,6072.4,5
1788285174,6070.0,4
1788285175,6099.6,5
1788285176,6046.4,5
1788285177,6073.8,5
1788285178,9154.2,5
1788285179,6045.0,5
1788285180,6110.4,5
1788285181,6121.0,5
1788285182,6206.6,5
1788285183,6255.2,4
1788285184,6316.4,5
1788285185,6354.4,5
1788285186,6403.0,5
1788285187,6423.8,5
1788285188,6432.8,5
1788285189,6442.6,5
1788285190,6458.4,5
1788285191,6469.6,5
1788285192,6479.8,4
1788285193,6472.0,5
1788285194,6495.8,5
1788285195,6503.8,5
1788285196,6507.6,5
1788285197,6499.0,5
1788285198,6513.8,5
1788285199,6512.8,5
1788285200,6510.8,5
1788285201,6507.0,4
1788285202,6498.8,5
1788285203,6468.6,5
1788285204,6472.8,5
1788285205,6432.4,5
1788285206,6424.0,5
1788285207,6413.6,5
1788285208,6391.8,5
1788285209,6364.5,4
1788285210,6355.0,5
1788285211,6350.8,5
1788285212,6340.2,5
1788285213,6313.2,5
1788285214,6279.0,5
1788285215,6274.0,5
1788285216,6236.0,5
1788285217,6229.5,4
1788285218,6224.8,5
1788285219,6204.4,5
1788285220,6197.2,5
1788285221,6188.8,5
1788285222,6172.0,5
1788285223,6158.2,5
1788285224,6159.0,5
1788285225,6140.0,5
1788285226,6147.2,4
1788285227,6119.0,5
1788285228,6114.8,5
1788285229,6108.4,5
1788285230,6090.2,5
1788285231,4879.6,5
1788285232,5508.6,5
1788285233,6326.6,5
1788285234,6271.8,4
1788285235,6227.4,5
1788285236,6167.6,5
1788285237,6120.6,5
1788285238,6091.2,5
1788285239,6055.2,5
1788285240,6035.8,5
1788285241,6018.0,5
1788285242,6001.6,5
1788285243,5981.6,5
1788285244,5961.4,5
1788285245,5960.6,5
1788285246,5934.5,4
1788285247,5930.2,5
1788285248,5929.0,5
1788285249,5938.4,5
1788285250,5939.4,5
1788285251,6028.4,5
1788285252,6051.0,5
1788285253,5980.4,5
1788285254,5917.2,5
1788285255,5923.8,5
1788285256,5952.8,5
1788285257,5964.2,4
1788285258,5997.4,5
1788285259,6015.0,5
1788285260,6032.4,5
1788285261,6039.0,5
1788285262,6051.6,5
1788285263,6042.4,5
1788285264,6066.0,5
1788285265,6208.8,5
1788285266,6223.2,5
1788285267,6183.8,5
1788285268,6220.8,4
1788285269,6229.8,5
1788285270,6260.4,5
1788285271,8124.0,5
1788285272,6135.8,5
1788285273,6075.0,5
1788285274,6163.6,5
1788285275,6253.6,5
1788285276,6338.2,5
1788285277,6402.6,5
1788285278,6483.2,5
1788285279,6532.5,4
1788285280,6564.6,5
1788285281,6618.8,5
1788285282,6634.6,5
1788285283,6676.6,5
1788285284,6691.4,5
1788285285,6705.4,5
1788285286,6712.4,5
1788285287,6717.2,5
1788285288,6710.2,4
1788285289,6719.4,5
1788285290,6718.6,5
1788285291,6709.4,5
1788285292,6695.4,5
1788285293,6689.2,5
1788285294,6676.8,5
1788285295,6657.8,5
1788285296,6668.2,5
1788285297,6646.4,5
1788285298,6633.8,4
1788285299,6601.6,5
1788285300,6581.2,5
1788285301,6558.2,5
1788285302,6512.8,5
1788285303,6477.2,5
1788285304,6451.0,5
1788285305,6415.8,5
1788285306,6389.8,5
1788285307,6365.2,4
1788285308,6341.6,5
1788285309,6321.0,5
1788285310,6300.4,5
1788285311,6282.0,5
1788285312,6264.2,5
1788285313,6238.6,5
1788285314,6225.2,5
1788285315,6201.6,5
1788285316,6167.8,5
1788285317,6168.0,4
1788285318,6149.6,5
1788285319,6141.6,5
1788285320,6130.0,5
1788285321,5351.4,5
1788285322,4308.2,5
1788285323,5158.8,5
1788285324,5158.6,5
1788285325,5179.6,5
1788285326,5226.6,5
1788285327,5236.2,4
1788285328,5366.2,5
1788285329,5283.0,5
1788285330,5255.6,5
1788285331,5245.0,5
1788285332,5690.8,5
1788285333,5233.0,5
1788285334,5230.4,5
1788285335,5227.2,5
1788285336,5223.6,5
1788285337,5215.6,5
1788285338,5250.0,4
1788285339,5251.8,5
1788285340,5247.4,5
1788285341,5244.6,5
1788285342,5239.6,5
1788285343,5234.4,5
1788285344,5235.8,5
1788285345,5222.6,5
1788285346,5168.2,5
1788285347,5171.8,5
1788285348,5165.4,5
1788285349,5171.8,4
1788285350,5162.2,5
1788285351,5165.0,5
1788285352,5172.0,5
1788285353,5186.0,5
1788285354,5178.4,5
1788285355,5174.4,5
1788285356,5142.6,5
1788285357,5163.6,5
1788285358,5213.0,5
1788285359,5145.5,4
1788285360,5159.6,5
1788285361,5185.8,5
1788285362,5170.2,5
1788285363,5176.0,5
1788285364,5193.2,5
1788285365,5165.2,5
1788285366,5155.8,5
1788285367,9133.8,5
1788285368,15017.2,5
1788285369,12356.2,4
1788285370,11364.4,5
1788285371,10541.4,5
1788285372,9504.0,5
1788285373,9119.0,5
1788285374,8424.0,5
1788285375,8033.2,5
1788285376,7730.8,5
1788285377,7523.8,5
1788285378,7484.2,5
1788285379,7195.5,4
1788285380,6995.4,5
1788285381,6881.8,5
1788285382,6771.2,5
1788285383,6672.8,5
1788285384,6588.6,5
1788285385,6511.6,5
1788285386,6442.2,5
1788285387,6521.2,5
1788285388,6286.8,5
1788285389,6182.5,4
1788285390,6107.2,5
1788285391,6062.2,5
1788285392,5999.2,5
1788285393,5965.8,5
1788285394,5928.6,5
1788285395,5886.8,5
1788285396,5841.4,5
1788285397,5783.6,5
1788285398,5745.8,4
1788285399,5710.2,5
1788285400,5663.0,5
1788285401,5643.2,5
1788285402,5617.2,5
1788285403,5573.4,5
1788285404,5556.2,5
1788285405,5524.8,5
1788285406,5502.4,5
1788285407,5477.5,4
1788285408,5472.8,5
1788285409,5463.8,5
1788285410,5450.0,5
1788285411,5442.6,5
1788285412,5422.8,5
1788285413,5417.2,5
1788285414,5415.4,5
1788285415,5410.4,5
1788285416,4369.2,4
1788285417,4467.8,5
1788285418,5720.4,5
1788285419,5719.6,5
1788285420,5777.6,5
1788285421,5730.0,5
1788285422,5664.6,5
1788285423,5639.6,5
1788285424,5635.4,5
1788285425,5618.6,5
1788285426,5620.0,4
1788285427,5609.2,5
1788285428,5616.4,5
1788285429,5614.2,5
1788285430,5636.6,5
1788285431,5634.4,5
1788285432,5639.0,5
1788285433,5652.6,5
1788285434,5678.6,5
1788285435,5701.0,5
1788285436,5676.2,4
1788285437,5719.8,5
1788285438,5712.4,5
1788285439,5716.2,5
1788285440,5892.2,5
1788285441,5905.4,5
1788285442,5919.0,5
1788285443,5934.6,5
1788285444,5923.0,5
1788285445,5930.4,5
1788285446,5947.8,5
1788285447,6053.2,4
1788285448,6035.2,5
1788285449,6071.2,5
1788285450,6069.0,5
1788285451,6073.8,5
1788285452,6065.8,5
1788285453,6056.2,5
1788285454,6101.4,5
1788285455,6060.6,5
1788285456,6062.8,5
1788285457,6075.2,4
1788285458,6108.6,5
1788285459,6047.0,5
1788285460,6054.0,5
1788285461,6069.8,5
1788285462,9085.0,5
1788285463,6849.6,5
1788285464,6423.2,5
1788285465,6446.8,5
1788285466,6486.4,5
1788285467,6513.5,4
1788285468,6572.6,5
1788285469,6592.0,5
1788285470,6642.8,5
1788285471,6656.0,5
1788285472,6689.6,5
1788285473,6691.8,5
1788285474,6714.0,5
1788285475,6713.2,5
1788285476,6715.5,4
1788285477,6713.6,5
1788285478,6714.4,5
1788285479,6713.6,5
1788285480,6691.8,5
1788285481,6699.2,5
1788285482,6680.8,5
1788285483,6688.8,5
1788285484,6670.2,4
1788285485,6650.8,5
1788285486,6648.6,5
1788285487,6625.4,5
1788285488,6622.6,5
1788285489,6602.4,5
1788285490,6600.4,5
1788285491,6586.2,5
1788285492,6564.2,4
1788285493,6549.2,5
1788285494,6521.6,5
1788285495,6513.4,5
1788285496,6499.4,5
1788285497,6470.2,5
1788285498,6467.8,5
1788285499,6463.2,5
1788285500,6442.8,4
1788285501,6411.6,5
1788285502,6407.6,5
1788285503,6380.2,5
1788285504,6354.4,5
1788285505,6350.6,5
1788285506,6322.8,5
1788285507,6303.2,5
1788285508,6298.5,4
1788285509,6285.0,5
1788285510,6271.4,5
1788285511,6251.6,5
1788285512,6249.8,5
1788285513,6234.4,5
1788285514,6225.0,5
1788285515,6218.4,5
1788285516,4175.2,4
1788285517,6126.0,5
1788285518,6404.6,5
1788285519,7558.6,5
1788285520,5007.8,5
1788285521,7526.8,5
1788285522,5021.6,5
1788285523,5090.4,5
1788285524,5179.4,5
1788285525,5321.0,5
1788285526,4705.8,5
1788285527,4966.2,4
1788285528,4958.8,5
1788285529,4926.6,5
1788285530,4882.4,5
1788285531,5265.6,5
1788285532,4819.6,5
1788285533,4703.2,5
1788285534,4681.4,5
1788285535,4696.4,5
1788285536,4321.2,5
1788285537,4703.6,5
1788285538,4643.2,4
1788285539,4681.6,5
1788285540,4697.0,5
1788285541,4615.8,5
1788285542,4286.4,5
1788285543,4761.2,5
1788285544,4170.2,5
1788285545,4796.2,5
1788285546,4772.6,5
1788285547,4889.6,5
1788285548,4966.8,5
1788285549,4987.2,4
1788285550,5014.6,5
1788285551,5029.6,5
1788285552,5040.4,5
1788285553,5052.6,5
1788285554,5075.4,5
1788285555,5110.4,5
1788285556,5156.2,5
1788285557,5168.0,5
1788285558,5216.4,5
1788285559,5265.4,5
1788285560,6784.6,5
1788285561,5313.2,5
1788285562,5149.0,4
1788285563,5218.2,5
1788285564,5286.8,5
1788285565,5336.8,5
1788285566,5421.4,5
1788285567,5467.0,5
1788285568,5531.4,5
1788285569,5578.2,5
1788285570,5643.6,5
1788285571,5687.0,5
1788285572,5715.8,4
1788285573,5728.6,5
1788285574,5732.6,5
1788285575,5727.6,5
1788285576,5832.6,5
1788285577,5832.6,5
1788285578,5876.8,5
1788285579,5908.6,5
1788285580,5899.4,5
1788285581,5915.6,5
1788285582,5933.2,5
1788285583,5951.2,4
1788285584,5965.4,5
1788285585,5971.6,5
1788285586,5970.6,5
1788285587,5958.0,5
1788285588,5969.4,5
1788285589,5981.8,5
1788285590,6001.4,5
1788285591,5985.0,5
1788285592,5979.6,5
1788285593,5976.6,5
1788285594,5979.0,4
1788285595,5954.8,5
1788285596,5974.6,5
1788285597,5951.8,5
1788285598,5945.6,5
1788285599,5952.2,5
1788285600,5955.8,5
1788285601,5966.2,5
1788285602,5953.4,5
1788285603,5957.8,5
1788285604,5953.0,4
1788285605,5953.8,5
1788285606,5967.8,5
1788285607,5941.2,5
1788285608,5947.4,5
1788285609,5951.8,5
1788285610,4828.2,5
1788285611,4562.0,5
1788285612,5313.2,5
1788285613,5312.8,5
1788285614,5367.6,5
1788285615,5364.4,5
1788285616,5373.5,4
1788285617,5382.8,5
1788285618,5369.4,5
1788285619,5408.8,5
1788285620,5394.4,5
1788285621,5392.8,5
1788285622,5395.8,5
1788285623,5402.0,5
1788285624,5387.6,5
1788285625,5393.2,5
1788285626,5390.2,5
1788285627,5365.6,5
1788285628,5406.2,4
1788285629,5410.0,5
1788285630,5356.8,5
1788285631,5366.0,5
1788285632,5351.6,5
1788285633,5335.0,5
1788285634,5319.4,5
1788285635,5348.6,5
1788285636,5272.0,5
1788285637,5287.4,5
1788285638,5289.8,5
1788285639,5275.0,5
1788285640,5283.0,5
1788285641,5289.5,4
1788285642,5274.2,5
1788285643,5299.8,5
1788285644,5281.8,5
1788285645,5271.6,5
1788285646,5286.2,5
1788285647,5274.4,5
1788285648,5260.6,5
1788285649,5279.6,5
1788285650,5285.8,5
1788285651,5341.2,5
1788285652,5607.8,5
1788285653,5284.8,4
1788285654,5395.6,5
1788285655,5410.4,5
1788285656,6873.0,5
1788285657,14804.2,5
1788285658,11285.6,5
1788285659,10574.4,5
1788285660,9475.8,5
1788285661,9116.2,5
1788285662,8384.0,5
1788285663,7961.2,5
1788285664,7686.6,5
1788285665,7510.8,4
1788285666,7479.4,5
1788285667,7071.6,5
1788285668,6929.6,5
1788285669,6811.8,5
1788285670,6717.8,5
1788285671,6641.0,5
1788285672,6547.0,5
1788285673,6486.4,5
1788285674,6418.4,5
1788285675,6374.0,5
1788285676,6347.4,5
1788285677,6363.5,4
1788285678,6281.4,5
1788285679,6105.4,5
1788285680,6061.0,5
1788285681,6001.2,5
1788285682,5984.6,5
1788285683,5941.2,5
1788285684,5900.4,5
1788285685,5873.6,5
1788285686,5834.8,5
1788285687,5797.6,5
1788285688,5790.8,4
1788285689,5756.8,5
1788285690,5741.0,5
1788285691,5719.4,5
1788285692,5693.4,5
1788285693,5674.6,5
1788285694,5657.0,5
1788285695,5636.0,5
1788285696,5617.4,5
1788285697,5611.0,5
1788285698,5580.4,5
1788285699,5587.2,4
1788285700,5566.8,5
1788285701,5563.0,5
1788285702,5552.8,5
1788285703,5547.2,5
1788285704,5546.8,5
1788285705,5532.8,5
1788285706,4099.0,5
1788285707,5266.6,5
1788285708,5846.6,5
1788285709,5854.8,5
1788285710,5846.0,4
1788285711,5772.0,5
1788285712,5730.4,5
1788285713,5704.2,5
1788285714,5699.0,5
1788285715,5686.6,5
1788285716,5694.2,5
1788285717,5694.8,5
1788285718,5705.8,5
1788285719,5712.8,5
1788285720,5731.0,5
1788285721,5727.4,5
1788285722,5746.6,5
1788285723,5775.8,4
1788285724,5771.8,5
1788285725,5799.2,5
1788285726,5793.8,5
1788285727,5793.8,5
1788285728,5828.4,5
1788285729,5807.8,5
1788285730,5836.6,5
1788285731,5827.2,5
1788285732,5921.0,5
1788285733,6044.0,5
1788285734,6016.2,5
1788285735,6016.2,4
1788285736,6067.4,5
1788285737,6126.0,5
1788285738,6119.4,5
1788285739,6131.4,5
1788285740,6153.2,5
1788285741,6351.6,5
1788285742,6367.6,5
1788285743,6151.8,5
1788285744,6132.0,5
1788285745,6107.6,5
1788285746,6136.0,5
1788285747,6174.0,5
1788285748,6123.8,4
1788285749,6165.4,5
1788285750,6120.2,5
1788285751,6135.6,5
1788285752,10927.6,5
1788285753,9430.6,5
1788285754,9087.0,5
1788285755,8975.2,5
1788285756,8888.0,5
1788285757,8867.2,5
1788285758,8879.4,5
1788285759,8908.6,5
1788285760,8938.5,4
1788285761,9000.8,5
1788285762,9077.6,5
1788285763,9153.8,5
1788285764,9252.6,5
1788285765,9338.6,5
1788285766,9435.0,5
1788285767,9523.0,5
1788285768,9609.0,5
1788285769,9688.8,5
1788285770,9784.0,5
1788285771,9874.0,4
1788285772,9950.0,5
1788285773,10028.6,5
1788285774,10063.4,5
1788285775,10070.6,5
1788285776,10372.2,5
1788285777,10454.8,5
1788285778,10538.0,5
1788285779,10617.8,5
1788285780,10679.6,5
1788285781,10785.4,5
1788285782,10777.6,5
1788285783,10840.0,4
1788285784,10909.4,5
1788285785,10985.4,5
1788285786,11064.0,5
1788285787,11138.8,5
1788285788,11212.4,5
1788285789,11278.6,5
1788285790,11345.2,5
1788285791,11389.6,5
1788285792,11434.4,5
1788285793,11502.4,5
1788285794,11536.2,5
1788285795,11578.2,4
1788285796,11608.0,5
1788285797,11668.6,5
1788285798,11687.8,5
1788285799,11746.8,5
1788285800,7234.8,5
1788285801,8298.0,5
1788285802,8404.8,5
1788285803,8198.4,5
1788285804,8261.2,5
1788285805,8429.4,5
1788285806,8652.6,5
1788285807,7732.2,5
1788285808,8072.8,4
1788285809,7518.4,5
1788285810,7332.0,5
1788285811,7447.6,5
1788285812,8042.2,5
1788285813,7578.0,5
1788285814,7347.4,5
1788285815,7251.2,5
1788285816,7089.8,5
1788285817,7108.4,5
1788285818,7123.0,5
1788285819,7251.2,5
1788285820,7607.5,4
1788285821,7744.0,5
1788285822,7599.6,5
1788285823,7601.4,5
1788285824,7604.4,5
1788285825,7586.8,5
1788285826,7623.2,5
1788285827,7572.0,5
1788285828,7566.8,5
1788285829,7582.0,5
1788285830,7575.2,5
1788285831,7574.0,5
1788285832,7579.5,4
1788285833,7578.0,5
1788285834,7556.2,5
1788285835,7568.8,5
1788285836,7553.6,5
1788285837,7546.4,5
1788285838,7558.4,5
1788285839,7602.2,5
1788285840,20837.0,5
1788285841,19164.6,5
1788285842,18291.0,5
1788285843,17525.6,5
1788285844,17043.2,5
1788285845,16750.5,4
1788285846,16590.2,5
1788285847,16158.6,5
1788285848,15961.6,5
1788285849,15789.6,5
1788285850,15661.4,5
1788285851,15554.6,5
1788285852,15397.2,5
1788285853,15311.4,5
1788285854,15194.4,5
1788285855,15122.4,5
1788285856,15071.8,5
1788285857,14921.0,4
1788285858,14912.0,5
1788285859,14867.8,5
1788285860,14861.2,5
1788285861,14799.8,5
1788285862,14906.8,5
1788285863,14887.4,5
1788285864,14801.0,5
1788285865,14682.6,5
1788285866,14644.0,5
1788285867,14562.0,5
1788285868,14543.4,5
1788285869,14543.8,5
1788285870,14488.2,4
1788285871,14434.2,5
1788285872,14446.0,5
1788285873,14352.8,5
1788285874,14385.0,5
1788285875,14337.2,5
1788285876,14293.6,5
1788285877,14299.4,5
1788285878,14259.6,5
1788285879,14213.2,5
1788285880,14191.6,5
1788285881,14131.0,5
1788285882,14175.5,4
1788285883,5907.2,5
1788285884,5702.4,5
1788285885,5668.8,5
1788285886,5656.8,5
1788285887,5630.0,5
1788285888,5597.6,5
1788285889,5610.2,5
1788285890,5688.4,5
1788285891,5666.0,5
1788285892,5689.4,5
1788285893,5876.2,5
1788285894,5645.5,4
1788285895,5647.0,5
1788285896,5656.8,5
1788285897,5641.6,5
1788285898,5644.6,5
1788285899,5638.2,5
1788285900,5637.4,5
1788285901,5623.8,5
1788285902,5627.4,5
1788285903,5620.8,5
1788285904,5642.2,5
1788285905,5628.0,5
1788285906,5604.8,4
1788285907,5618.6,5
1788285908,5622.8,5
1788285909,5606.6,5
1788285910,5575.8,5
1788285911,5607.8,5
1788285912,5526.4,5
1788285913,5561.0,5
1788285914,5586.6,5
1788285915,5528.4,5
1788285916,5545.8,5
1788285917,5531.6,5
1788285918,5494.8,4
1788285919,5508.0,5
1788285920,5513.2,5
1788285921,5497.4,5
1788285922,5523.0,5
1788285923,5533.0,5
1788285924,5499.0,5
1788285925,5520.2,5
1788285926,5495.8,5
1788285927,5490.8,5
1788285928,5512.2,5
1788285929,5511.4,5
1788285930,5503.2,5
1788285931,5491.5,4
1788285932,5518.0,5
1788285933,5497.6,5
1788285934,5722.2,5
1788285935,18910.6,5
1788285936,19223.4,5
1788285937,18758.2,5
1788285938,17759.4,5
1788285939,17274.4,5
1788285940,16836.8,5
1788285941,16659.4,5
1788285942,16225.6,5
1788285943,15974.5,4
1788285944,15673.6,5
1788285945,15492.0,5
1788285946,15285.8,5
1788285947,15095.2,5
1788285948,14980.2,5
1788285949,14857.8,5
1788285950,14830.2,5
1788285951,14615.6,5
1788285952,14542.4,5
1788285953,14449.4,5
1788285954,14345.8,4
1788285955,14386.8,5
1788285956,14517.4,5
1788285957,14513.0,5
1788285958,14401.4,5
1788285959,14376.6,5
1788285960,14329.2,5
1788285961,14281.6,5
1788285962,14250.0,5
1788285963,14180.6,5
1788285964,14184.2,5
1788285965,14077.2,5
1788285966,14084.2,4
1788285967,14081.0,5
1788285968,14052.6,5
1788285969,14021.6,5
1788285970,13988.4,5
1788285971,14018.2,5
1788285972,13960.2,5
1788285973,13892.6,5
1788285974,13889.2,5
1788285975,13872.0,5
1788285976,13840.6,5
1788285977,7537.0,5
1788285978,6645.0,4
1788285979,6595.0,5
1788285980,6598.0,5
1788285981,6590.0,5
1788285982,6573.8,5
1788285983,6588.8,5
1788285984,6510.8,5
1788285985,6484.2,5
1788285986,6494.6,5
1788285987,6466.6,5
1788285988,6472.6,5
1788285989,6459.4,5
1788285990,6611.0,4
1788285991,6573.4,5
1788285992,6453.6,5
1788285993,6444.4,5
1788285994,6442.2,5
1788285995,6438.0,5
1788285996,6474.4,5
1788285997,6445.8,5
1788285998,6425.6,5
1788285999,6413.2,5
1788286000,6432.5,4
1788286001,6433.8,5
1788286002,6418.8,5
1788286003,6418.0,5
1788286004,6430.4,5
1788286005,6465.6,5
1788286006,6490.8,5
1788286007,6505.2,5
1788286008,6484.4,5
1788286009,6452.6,5
1788286010,6460.8,4
1788286011,6422.0,5
1788286012,6450.6,5
1788286013,6678.0,5
1788286014,6567.6,5
1788286015,6705.2,5
1788286016,6491.6,5
1788286017,6439.4,5
1788286018,6447.0,5
1788286019,6432.2,5
1788286020,6682.5,4
1788286021,6472.4,5
1788286022,6521.0,5
1788286023,6456.4,5
1788286024,6488.8,5
1788286025,6466.0,5
1788286026,6445.0,5
1788286027,6477.4,5
1788286028,6673.2,5
1788286029,20915.6,5
1788286030,19062.5,4
1788286031,18303.4,5
1788286032,17392.2,5
1788286033,16780.0,5
1788286034,16451.4,5
1788286035,16207.4,5
1788286036,15809.2,5
1788286037,15718.8,5
1788286038,15416.4,5
1788286039,15347.0,5
1788286040,15212.2,4
1788286041,15101.0,5
1788286042,14938.0,5
1788286043,14864.8,5
1788286044,14779.0,5
1788286045,14715.0,5
1788286046,14656.8,5
1788286047,14597.4,5
1788286048,14570.8,5
1788286049,14505.0,5
1788286050,14399.5,4
1788286051,14450.8,5
1788286052,14422.4,5
1788286053,14388.2,5
1788286054,14321.2,5
1788286055,14287.4,5
1788286056,14321.2,5
1788286057,14211.6,5
1788286058,14200.2,5
1788286059,14185.6,5
1788286060,14171.0,4
1788286061,14164.6,5
1788286062,14142.2,5
1788286063,14036.0,5
1788286064,14052.4,5
1788286065,14028.2,5
1788286066,13983.8,5
1788286067,14027.2,5
1788286068,13976.8,5
1788286069,13959.0,4
1788286070,13914.2,5
1788286071,13936.6,5
1788286072,13907.6,5
1788286073,13846.6,5
1788286074,13932.6,5
1788286075,13229.8,5
1788286076,7672.6,5
1788286077,7546.8,5
1788286078,7532.0,5
1788286079,7507.5,4
1788286080,7480.0,5
1788286081,7491.0,5
1788286082,7471.0,5
1788286083,7495.8,5
1788286084,7486.2,5
1788286085,7461.6,5
1788286086,7469.6,5
1788286087,7440.4,5
1788286088,7469.6,5
1788286089,7432.0,4
1788286090,7453.2,5
1788286091,7447.2,5
1788286092,7436.2,5
1788286093,7491.6,5
1788286094,7437.8,5
1788286095,7438.4,5
1788286096,7480.8,5
1788286097,7709.2,5
1788286098,7800.4,5
1788286099,7877.6,5
1788286100,7818.5,4
1788286101,7777.2,5
1788286102,7780.8,5
1788286103,7792.2,5
1788286104,7784.8,5
1788286105,7806.2,5
1788286106,7799.8,5
1788286107,7773.6,5
1788286108,7792.0,5
1788286109,7795.0,4
1788286110,7760.8,5
1788286111,7784.4,5
1788286112,7760.2,5
1788286113,7757.4,5
1788286114,7758.2,5
1788286115,7784.2,5
1788286116,7758.8,5
1788286117,11797.6,5
1788286118,19977.4,5
1788286119,18276.5,4
1788286120,17319.0,5
1788286121,16974.6,5
1788286122,16313.6,5
1788286123,16146.4,5
1788286124,15898.8,5
1788286125,15664.2,5
1788286126,15511.0,5
1788286127,15332.8,5
1788286128,15213.4,5
1788286129,15154.5,4
1788286130,15086.8,5
1788286131,14964.6,5
1788286132,14896.4,5
1788286133,14910.6,5
1788286134,14702.2,5
1788286135,14697.4,5
1788286136,14775.0,5
1788286137,14714.0,5
1788286138,14506.8,5
1788286139,14465.5,4
1788286140,14451.6,5
1788286141,14523.4,5
1788286142,14502.6,5
1788286143,14421.8,5
1788286144,14422.4,5
1788286145,14371.4,5
1788286146,14369.2,5
1788286147,14287.0,5
1788286148,14296.8,4
1788286149,14266.2,5
1788286150,14244.8,5
1788286151,14206.4,5
1788286152,14189.0,5
1788286153,14172.4,5
1788286154,14143.8,5
1788286155,14151.0,5
1788286156,14112.6,5
1788286157,14078.0,5
1788286158,14101.2,4
1788286159,14095.2,5
1788286160,14092.8,5
1788286161,12640.6,5
1788286162,5776.6,5
1788286163,5676.4,5
1788286164,5640.0,5
1788286165,5646.2,5
1788286166,5644.4,5
1788286167,5600.4,5
1788286168,5581.8,4
1788286169,5658.6,5
1788286170,5635.0,5
1788286171,5662.4,5
1788286172,5643.4,5
1788286173,5621.4,5
1788286174,5652.4,5
1788286175,5641.2,5
1788286176,5610.8,5
1788286177,5626.8,5
1788286178,5639.5,4
1788286179,5613.4,5
1788286180,5630.6,5
1788286181,5622.2,5
1788286182,5595.6,5
1788286183,5616.8,5
1788286184,5617.0,5
1788286185,5594.8,5
1788286186,5608.2,5
1788286187,5617.5,4
1788286188,5582.6,5
1788286189,5549.0,5
1788286190,5510.2,5
1788286191,5500.8,5
1788286192,5536.8,5
1788286193,5577.0,5
1788286194,5490.6,5
1788286195,5500.8,5
1788286196,5493.0,5
1788286197,5519.0,4
1788286198,5508.4,5
1788286199,5508.2,5
1788286200,5495.4,5
1788286201,5498.0,5
1788286202,5501.4,5
1788286203,5487.0,5
1788286204,5510.0,5
1788286205,5529.2,5
1788286206,5492.2,5
1788286207,5499.5,4
1788286208,5507.8,5
1788286209,5476.8,5
1788286210,5485.0,5
1788286211,5499.4,5
1788286212,5478.6,5
1788286213,10198.4,5
1788286214,19014.0,5
1788286215,19284.4,5
1788286216,18475.2,4
1788286217,17796.8,5
1788286218,17361.2,5
1788286219,16933.4,5
1788286220,16628.4,5
1788286221,16399.8,5
1788286222,15951.4,5
1788286223,15817.8,5
1788286224,15574.6,5
1788286225,15399.4,5
1788286226,15206.0,4
1788286227,15082.0,5
1788286228,15049.4,5
1788286229,14885.4,5
1788286230,14881.2,5
1788286231,14690.2,5
1788286232,14627.4,5
1788286233,14481.8,5
1788286234,14474.0,5
1788286235,14353.8,4
1788286236,14526.2,5
1788286237,14555.6,5
1788286238,14562.6,5
1788286239,14557.6,5
1788286240,14512.2,5
1788286241,14411.2,5
1788286242,14400.4,5
1788286243,14311.6,5
1788286244,14283.6,5
1788286245,14259.0,4
1788286246,14287.6,5
1788286247,14258.4,5
1788286248,14206.6,5
1788286249,14187.6,5
1788286250,14135.6,5
1788286251,14102.8,5
1788286252,14130.6,5
1788286253,14058.8,5
1788286254,14110.4,5
1788286255,14051.8,4
1788286256,14017.8,5
1788286257,11093.8,5
1788286258,6688.4,5
1788286259,6574.0,5
1788286260,6576.6,5
1788286261,6561.6,5
1788286262,6555.0,5
1788286263,6531.8,5
1788286264,6520.0,5
1788286265,6499.2,4
1788286266,6463.2,5
1788286267,6488.6,5
1788286268,6458.0,5
1788286269,6436.0,5
1788286270,6443.4,5
1788286271,6508.8,5
1788286272,6433.2,5
1788286273,6448.6,5
1788286274,6431.0,5
1788286275,6429.8,4
1788286276,6415.8,5
1788286277,6443.8,5
1788286278,6414.0,5
1788286279,6431.8,5
1788286280,6413.0,5
1788286281,6401.2,5
1788286282,6413.8,5
1788286283,6404.8,5
1788286284,6418.8,5
1788286285,6483.5,4
1788286286,6519.8,5
1788286287,6434.8,5
1788286288,6448.4,5
1788286289,6443.0,5
1788286290,6442.4,5
1788286291,6452.6,5
1788286292,6446.6,5
1788286293,6411.8,5
1788286294,6468.6,5
1788286295,6440.0,4
1788286296,6427.4,5
1788286297,6445.8,5
1788286298,6505.6,5
1788286299,9643.0,5
1788286300,6361.4,5
1788286301,6339.6,5
1788286302,6419.8,5
1788286303,6325.8,5
1788286304,6338.0,5
1788286305,6309.8,4
1788286306,6299.4,5
1788286307,6316.2,5
1788286308,6297.6,5
1788286309,15591.0,5
1788286310,20832.0,5
1788286311,19299.8,5
1788286312,18603.4,5
1788286313,18176.2,5
1788286314,17657.8,4
1788286315,17288.0,5
1788286316,17052.8,5
1788286317,16788.8,5
1788286318,16629.0,5
1788286319,16376.8,5
1788286320,16345.2,5
1788286321,16167.2,5
1788286322,16003.2,5
1788286323,15911.0,4
1788286324,15855.6,5
1788286325,15836.4,5
1788286326,15673.8,5
1788286327,15619.8,5
1788286328,15588.8,5
1788286329,15472.0,5
1788286330,15456.6,5
1788286331,15454.6,5
1788286332,15417.8,4
1788286333,15330.4,5
1788286334,15347.0,5
1788286335,15254.2,5
1788286336,15191.4,5
1788286337,15152.2,5
1788286338,15191.2,5
1788286339,15151.0,5
1788286340,15138.0,5
1788286341,15029.0,5
1788286342,15037.8,4
1788286343,14997.2,5
1788286344,15055.8,5
1788286345,14901.0,5
1788286346,14962.8,5
1788286347,14915.4,5
1788286348,14911.4,5
1788286349,14949.8,5
1788286350,14963.2,5
1788286351,14812.0,5
1788286352,14816.0,4
1788286353,14839.6,5
1788286354,14865.8,5
1788286355,9741.6,5
1788286356,7517.4,5
1788286357,7402.2,5
1788286358,7379.6,5
1788286359,7416.0,5
1788286360,7402.8,5
1788286361,7413.8,5
1788286362,7826.8,5
1788286363,7362.2,4
1788286364,7337.6,5
1788286365,7409.4,5
1788286366,7387.4,5
1788286367,7343.4,5
1788286368,7341.8,5
1788286369,7361.2,5
1788286370,7294.0,5
1788286371,7352.2,5
1788286372,7342.8,5
1788286373,7308.5,4
1788286374,7503.6,5
1788286375,7320.6,5
1788286376,7616.2,5
1788286377,7694.6,5
1788286378,7840.0,5
1788286379,7725.8,5
1788286380,7717.6,5
1788286381,7665.0,5
1788286382,7663.2,5
1788286383,7690.6,5
1788286384,7671.8,4
1788286385,7647.6,5
1788286386,7685.0,5
1788286387,7679.2,5
1788286388,7658.8,5
1788286389,7629.2,5
1788286390,7693.4,5
1788286391,7662.6,5
1788286392,7656.0,5
1788286393,7700.8,5
1788286394,7655.8,4
1788286395,7679.0,5
1788286396,10344.6,5
1788286397,21691.6,5
1788286398,19804.2,5
1788286399,19043.0,5
1788286400,18276.4,5
1788286401,17736.8,5
1788286402,17420.8,5
1788286403,17205.8,5
1788286404,17002.0,4
1788286405,16747.0,5
1788286406,16534.2,5
1788286407,16431.6,5
1788286408,16284.0,5
1788286409,16187.2,5
1788286410,16091.6,5
1788286411,16020.2,5
1788286412,15924.6,5
1788286413,15884.2,5
1788286414,15825.5,4
1788286415,15795.8,5
1788286416,15687.4,5
1788286417,15609.2,5
1788286418,15649.8,5
1788286419,15616.6,5
1788286420,15544.8,5
1788286421,15543.6,5
1788286422,15468.2,5
1788286423,15457.0,5
1788286424,15406.0,4
1788286425,15341.8,5
1788286426,15367.4,5
1788286427,15325.8,5
1788286428,15285.8,5
1788286429,15265.8,5
1788286430,15184.6,5
1788286431,15179.8,5
1788286432,15120.8,5
1788286433,15149.2,5
1788286434,15111.5,4
1788286435,15140.2,5
1788286436,15058.0,5
1788286437,15100.8,5
1788286438,15004.8,5
1788286439,10180.0,5
1788286440,5616.0,5
1788286441,5545.0,5
1788286442,5527.4,5
1788286443,5488.6,5
1788286444,5518.2,4
1788286445,5459.6,5
1788286446,5489.4,5
1788286447,5537.8,5
1788286448,5517.2,5
1788286449,5516.0,5
1788286450,5497.8,5
1788286451,5512.4,5
1788286452,5497.6,5
1788286453,5500.8,4
1788286454,5493.6,5
1788286455,5504.4,5
1788286456,5696.4,5
1788286457,5587.8,5
1788286458,5565.2,5
1788286459,5471.2,5
1788286460,5487.0,5
1788286461,5484.4,5
1788286462,5458.2,5
1788286463,5487.4,5
1788286464,5469.5,4
1788286465,5445.8,5
1788286466,5500.0,5
1788286467,5395.4,5
1788286468,5386.8,5
1788286469,5381.4,5
1788286470,5369.8,5
1788286471,5411.8,5
1788286472,5378.0,5
1788286473,5343.4,5
1788286474,5398.2,4
1788286475,5356.6,5
1788286476,5371.8,5
1788286477,5363.4,5
1788286478,5372.8,5
1788286479,5360.8,5
1788286480,5354.8,5
1788286481,5359.0,5
1788286482,5363.2,5
1788286483,5348.0,5
1788286484,5368.8,4
1788286485,5337.6,5
1788286486,5381.4,5
1788286487,5372.2,5
1788286488,5355.4,5
1788286489,5374.4,5
1788286490,5345.0,5
1788286491,14163.0,5
1788286492,19348.4,5
1788286493,19540.2,5
1788286494,19636.5,4
1788286495,19251.2,5
1788286496,18484.2,5
1788286497,17953.8,5
1788286498,17691.0,5
1788286499,17518.4,5
1788286500,17217.6,5
1788286501,16966.0,5
1788286502,16807.4,5
1788286503,16586.5,4
1788286504,16539.8,5
1788286505,16285.8,5
1788286506,16074.6,5
1788286507,16041.0,5
1788286508,15899.0,5
1788286509,15716.4,5
1788286510,15724.2,5
1788286511,15703.2,5
1788286512,15916.2,5
1788286513,15801.2,4
1788286514,15752.8,5
1788286515,15737.4,5
1788286516,15621.2,5
1788286517,15545.6,5
1788286518,15504.2,5
1788286519,15430.2,5
1788286520,15412.0,5
1788286521,15353.6,5
1788286522,15262.4,5
1788286523,15239.0,4
1788286524,15287.4,5
1788286525,15197.8,5
1788286526,15113.0,5
1788286527,15129.6,5
1788286528,15049.6,5
1788286529,15056.2,5
1788286530,15012.6,5
1788286531,14984.4,5
1788286532,15017.0,4
1788286533,12037.4,5
1788286534,6487.8,5
1788286535,6458.2,5
1788286536,6435.4,5
1788286537,6397.2,5
1788286538,6400.4,5
1788286539,6412.4,5
1788286540,6356.6,5
1788286541,6363.6,5
1788286542,6331.8,4
1788286543,6378.6,5
1788286544,6349.8,5
1788286545,6337.6,5
1788286546,6438.0,5
1788286547,7952.8,5
1788286548,6334.4,5
1788286549,6323.4,5
1788286550,6305.0,5
1788286551,6330.4,5
1788286552,6306.5,4
1788286553,6339.4,5
1788286554,6314.2,5
1788286555,6317.0,5
1788286556,6309.0,5
1788286557,6279.2,5
1788286558,6290.4,5
1788286559,6294.0,5
1788286560,6297.2,5
1788286561,6286.6,5
1788286562,6306.8,5
1788286563,6309.5,4
1788286564,6302.8,5
1788286565,6320.2,5
1788286566,6308.2,5
1788286567,6281.8,5
1788286568,6349.2,5
1788286569,6297.0,5
1788286570,6284.6,5
1788286571,6278.6,5
1788286572,6352.4,5
1788286573,6265.2,4
1788286574,6275.4,5
1788286575,6293.2,5
1788286576,6248.4,5
1788286577,6286.4,5
1788286578,6262.8,5
1788286579,6300.0,5
1788286580,6261.8,5
1788286581,6317.0,5
1788286582,6278.4,5
1788286583,6264.2,5
1788286584,6273.5,4
1788286585,18302.6,5
1788286586,21253.0,5
1788286587,20306.2,5
1788286588,19425.0,5
1788286589,18878.2,5
1788286590,18579.0,5
1788286591,18322.0,5
1788286592,17834.0,5
1788286593,17573.2,4
1788286594,17372.6,5
1788286595,17206.8,5
1788286596,16984.4,5
1788286597,16827.6,5
1788286598,16709.8,5
1788286599,16862.6,5
1788286600,16462.6,5
1788286601,16352.2,5
1788286602,16353.5,4
1788286603,16201.4,5
1788286604,16124.0,5
1788286605,16032.0,5
1788286606,16012.2,5
1788286607,15990.0,5
1788286608,15937.0,5
1788286609,16071.2,5
1788286610,15802.2,5
1788286611,15706.0,5
1788286612,15661.2,4
1788286613,15629.6,5
1788286614,15575.2,5
1788286615,15632.0,5
1788286616,15539.2,5
1788286617,15530.2,5
1788286618,15421.2,5
1788286619,15539.6,5
1788286620,15426.0,5
1788286621,15409.2,5
1788286622,15319.5,4
1788286623,15300.2,5
1788286624,15367.2,5
1788286625,15308.6,5
1788286626,15268.4,5
1788286627,15205.4,5
1788286628,15236.4,5
1788286629,15258.2,5
1788286630,13628.2,5
1788286631,7569.0,4
1788286632,7429.4,5
1788286633,7416.8,5
1788286634,7412.4,5
1788286635,7376.6,5
1788286636,7382.4,5
1788286637,7394.4,5
1788286638,7356.0,5
1788286639,7323.4,5
1788286640,7357.0,5
1788286641,7386.5,4
1788286642,7328.2,5
1788286643,7323.2,5
1788286644,7312.4,5
1788286645,7292.2,5
1788286646,7353.8,5
1788286647,7338.8,5
1788286648,7283.6,5
1788286649,7297.8,5
1788286650,7318.0,5
1788286651,7618.4,5
1788286652,7693.0,4
1788286653,7677.8,5
1788286654,7643.8,5
1788286655,7661.0,5
1788286656,7671.4,5
1788286657,7635.6,5
1788286658,7638.4,5
1788286659,7649.6,5
1788286660,7637.0,5
1788286661,7653.0,5
1788286662,7640.2,4
1788286663,7631.6,5
1788286664,7648.6,5
1788286665,7672.4,5
1788286666,7675.6,5
1788286667,7638.0,5
1788286668,7651.6,5
1788286669,7617.0,5
1788286670,7668.2,5
1788286671,9780.0,5
1788286672,22039.2,4
1788286673,20680.6,5
1788286674,19548.2,5
1788286675,19031.6,5
1788286676,18364.4,5
1788286677,17930.6,5
1788286678,17603.4,5
1788286679,17394.6,5
1788286680,17097.8,5
1788286681,16988.4,5
1788286682,16841.6,5
1788286683,16569.0,4
1788286684,16571.8,5
1788286685,16450.0,5
1788286686,16282.0,5
1788286687,16274.8,5
1788286688,16172.2,5
1788286689,16124.4,5
1788286690,16025.8,5
1788286691,16023.6,5
1788286692,15873.4,5
1788286693,15958.5,4
1788286694,15962.6,5
1788286695,15855.0,5
1788286696,15794.2,5
1788286697,15645.4,5
1788286698,15688.0,5
1788286699,15624.8,5
1788286700,15594.0,5
1788286701,15567.8,5
1788286702,15536.4,5
1788286703,15553.5,4
1788286704,15476.2,5
1788286705,15438.0,5
1788286706,15430.2,5
1788286707,15396.4,5
1788286708,15438.0,5
1788286709,15330.4,5
1788286710,15321.2,5
1788286711,15358.0,5
1788286712,15308.6,5
1788286713,15293.5,4
1788286714,9016.6,5
1788286715,5552.8,5
1788286716,5520.2,5
1788286717,5489.4,5
1788286718,5501.6,5
1788286719,5453.4,5
1788286720,5437.6,5
1788286721,5487.6,5
1788286722,5528.8,5
1788286723,5542.8,4
1788286724,5536.2,5
1788286725,5530.2,5
1788286726,5516.4,5
1788286727,5520.2,5
1788286728,5498.0,5
1788286729,5491.6,5
1788286730,5491.6,5
1788286731,5474.4,5
1788286732,5463.4,5
1788286733,5480.8,5
1788286734,5490.5,4
1788286735,5510.6,5
1788286736,5450.8,5
1788286737,5456.0,5
1788286738,5469.0,5
1788286739,5473.0,5
1788286740,5578.4,5
1788286741,5458.4,5
1788286742,5989.2,5
1788286743,5386.5,4
1788286744,5415.0,5
1788286745,5358.8,5
1788286746,5353.0,5
1788286747,5384.4,5
1788286748,5345.6,5
1788286749,5353.0,5
1788286750,5356.6,5
1788286751,5343.4,5
1788286752,5351.6,5
1788286753,5334.0,4
1788286754,5421.4,5
1788286755,5370.4,5
1788286756,5344.4,5
1788286757,5355.8,5
1788286758,5336.6,5
1788286759,5345.6,5
1788286760,5350.4,5
1788286761,5367.4,5
1788286762,5326.4,5
1788286763,5377.8,4
1788286764,5339.4,5
1788286765,5343.8,5
1788286766,16950.0,5
1788286767,19395.2,5
1788286768,19513.4,5
1788286769,19543.8,5
1788286770,19332.0,5
1788286771,18592.0,5
1788286772,18208.6,5
1788286773,17878.0,4
1788286774,17648.0,5
1788286775,17372.6,5
1788286776,17246.4,5
1788286777,16997.6,5
1788286778,16904.6,5
1788286779,16703.4,5
1788286780,16532.4,5
1788286781,16245.0,5
1788286782,16158.6,5
1788286783,16142.0,4
1788286784,16047.0,5
1788286785,15977.4,5
1788286786,15840.4,5
1788286787,16244.0,5
1788286788,16107.2,5
1788286789,16070.0,5
1788286790,15956.4,5
1788286791,15875.6,5
1788286792,15865.2,4
1788286793,15796.2,5
1788286794,15746.4,5
1788286795,15649.0,5
1788286796,15602.4,5
1788286797,15526.8,5
1788286798,15507.2,5
1788286799,15472.0,5
1788286800,15469.6,5
1788286801,15372.8,5
1788286802,15405.8,4
1788286803,15317.8,5
1788286804,15310.8,5
1788286805,15274.8,5
1788286806,15261.0,5
1788286807,15187.2,5
1788286808,10241.4,5
1788286809,6465.2,5
1788286810,6423.4,5
1788286811,6407.6,5
1788286812,6402.8,4
1788286813,6433.2,5
1788286814,6433.8,5
1788286815,6384.0,5
1788286816,6357.0,5
1788286817,6359.0,5
1788286818,6403.0,5
1788286819,6338.0,5
1788286820,6332.0,5
1788286821,6314.6,5
1788286822,6294.8,4
1788286823,6322.0,5
1788286824,6296.6,5
1788286825,6286.4,5
1788286826,6323.2,5
1788286827,6346.2,5
1788286828,6305.2,5
1788286829,6492.6,5
1788286830,6273.4,5
1788286831,6266.8,5
1788286832,6268.4,5
1788286833,6285.2,4
1788286834,6267.6,5
1788286835,6262.2,5
1788286836,6311.0,5
1788286837,6311.0,5
1788286838,6286.2,5
1788286839,6307.4,5
1788286840,6295.8,5
1788286841,6291.4,5
1788286842,6283.2,5
1788286843,6299.5,4
1788286844,6288.0,5
1788286845,6282.8,5
1788286846,6275.8,5
1788286847,6313.0,5
1788286848,6269.4,5
1788286849,6295.4,5
1788286850,6252.2,5
1788286851,6261.6,5
1788286852,6267.2,5
1788286853,6282.8,4
1788286854,6293.4,5
1788286855,6274.0,5
1788286856,6254.8,5
1788286857,6292.0,5
1788286858,6270.2,5
1788286859,6316.0,5
1788286860,19525.6,5
1788286861,21185.8,5
1788286862,20443.6,5
1788286863,19590.2,4
1788286864,19154.6,5
1788286865,18703.0,5
1788286866,18479.8,5
1788286867,18219.8,5
1788286868,17778.6,5
1788286869,17578.6,5
1788286870,17402.0,5
1788286871,17199.0,5
1788286872,16998.8,4
1788286873,16969.8,5
1788286874,16835.6,5
1788286875,16716.8,5
1788286876,16644.8,5
1788286877,16528.2,5
1788286878,16577.8,5
1788286879,16522.8,5
1788286880,16142.6,5
1788286881,16068.2,4
1788286882,15834.8,5
1788286883,15888.2,5
1788286884,15805.2,5
1788286885,15937.2,5
1788286886,15745.2,5
1788286887,15680.4,5
1788286888,15685.2,5
1788286889,15676.4,5
1788286890,15641.6,5
1788286891,15716.8,4
1788286892,15574.6,5
1788286893,15532.2,5
1788286894,15561.2,5
1788286895,15525.8,5
1788286896,15523.0,5
1788286897,15489.4,5
1788286898,15398.2,5
1788286899,15427.8,5
1788286900,15428.0,5
1788286901,15319.5,4
1788286902,15372.4,5
1788286903,15376.4,5
1788286904,15313.0,5
1788286905,14437.6,5
1788286906,7492.6,5
1788286907,7412.4,5
1788286908,7417.6,5
1788286909,7420.0,5
1788286910,7393.8,5
1788286911,7342.5,4
1788286912,7321.2,5
1788286913,7385.0,5
1788286914,7350.6,5
1788286915,7436.6,5
1788286916,7363.4,5
1788286917,7330.8,5
1788286918,7396.0,5
1788286919,7296.2,5
1788286920,7337.2,5
1788286921,7303.6,5
1788286922,7349.2,4
1788286923,7302.8,5
1788286924,7310.4,5
1788286925,7284.8,5
1788286926,7299.0,5
1788286927,7679.2,5
1788286928,7655.2,5
1788286929,7654.0,5
1788286930,7663.6,5
1788286931,7690.2,5
1788286932,7645.6,5
1788286933,7639.0,4
1788286934,7654.0,5
1788286935,7661.8,5
1788286936,7636.4,5
1788286937,7654.0,5
1788286938,7690.2,5
1788286939,7645.4,5
1788286940,7698.6,5
1788286941,7636.2,5
1788286942,7669.6,5
1788286943,7626.2,4
1788286944,7637.8,5
1788286945,7565.4,5
1788286946,7646.2,5
1788286947,14006.2,5
1788286948,21767.4,5
1788286949,20105.2,5
1788286950,19396.2,5
1788286951,18899.0,5
1788286952,18290.6,5
1788286953,17921.5,4
1788286954,17699.0,5
1788286955,17447.0,5
1788286956,17160.8,5
1788286957,17003.0,5
1788286958,16974.0,5
1788286959,16703.8,5
1788286960,16585.4,5
1788286961,16466.4,5
1788286962,16404.2,5
1788286963,16254.0,5
1788286964,16275.5,4
1788286965,16169.2,5
1788286966,16119.8,5
1788286967,16035.4,5
1788286968,16089.4,5
1788286969,16080.6,5
1788286970,15879.6,5
1788286971,15936.6,5
1788286972,15836.8,5
1788286973,15835.6,5
1788286974,15790.5,4
1788286975,15751.6,5
1788286976,15704.2,5
1788286977,15719.8,5
1788286978,15613.0,5
1788286979,15648.4,5
1788286980,15527.8,5
1788286981,15541.2,5
1788286982,15657.4,5
1788286983,15492.4,5
1788286984,15410.5,4
1788286985,15415.0,5
1788286986,15426.8,5
1788286987,15387.2,5
1788286988,15371.2,5
1788286989,10607.6,5
1788286990,5559.8,5
1788286991,5539.4,5
1788286992,5503.4,5
1788286993,5559.4,5
1788286994,5482.0,4
1788286995,5476.2,5
1788286996,5509.2,5
1788286997,5554.6,5
1788286998,5541.0,5
1788286999,5523.8,5
1788287000,5501.2,5
1788287001,5498.0,5
1788287002,5500.2,5
1788287003,5508.2,5
1788287004,5493.0,5
1788287005,5469.2,4
1788287006,5492.8,5
1788287007,5499.8,5
1788287008,5470.0,5
1788287009,5492.6,5
1788287010,5491.2,5
1788287011,5498.0,5
1788287012,5475.4,5
1788287013,5460.6,5
1788287014,5464.8,5
1788287015,5464.5,4
1788287016,5455.0,5
1788287017,5384.0,5
1788287018,5391.2,5
1788287019,5360.8,5
1788287020,5364.6,5
1788287021,5364.2,5
1788287022,5372.4,5
1788287023,5351.0,5
1788287024,5352.4,5
1788287025,5392.0,4
1788287026,5341.8,5
1788287027,5369.6,5
1788287028,5363.4,5
1788287029,5341.6,5
1788287030,5348.6,5
1788287031,5361.0,5
1788287032,5334.4,5
1788287033,5342.4,5
1788287034,5351.6,5
1788287035,5351.0,4
1788287036,5360.8,5
1788287037,5329.0,5
1788287038,5356.0,5
1788287039,5339.8,5
1788287040,5317.8,5
1788287041,17662.4,5
1788287042,19325.2,5
1788287043,19472.8,5
1788287044,19541.2,4
1788287045,19396.6,5
1788287046,18663.0,5
1788287047,18218.4,5
1788287048,17993.2,5
1788287049,17593.0,5
1788287050,17437.0,5
1788287051,17291.6,5
1788287052,17040.6,5
1788287053,16933.0,5
1788287054,16821.8,4
1788287055,16688.0,5
1788287056,16335.4,5
1788287057,16302.6,5
1788287058,16194.8,5
1788287059,16013.8,5
1788287060,16004.2,5
1788287061,15898.4,5
1788287062,16215.6,5
1788287063,16162.0,5
1788287064,16028.5,4
1788287065,15962.2,5
1788287066,15884.0,5
1788287067,15883.4,5
1788287068,15775.4,5
1788287069,15751.2,5
1788287070,15710.0,5
1788287071,15611.0,5
1788287072,15538.0,5
1788287073,15480.5,4
1788287074,15503.6,5
1788287075,15410.8,5
1788287076,15430.0,5
1788287077,15351.8,5
1788287078,15333.4,5
1788287079,15302.0,5
1788287080,15275.2,5
1788287081,15530.0,5
1788287082,15369.0,5
1788287083,12342.8,5
1788287084,6492.5,4
1788287085,10816.4,5
1788287086,13321.0,5
1788287087,11664.8,5
1788287088,11983.6,5
1788287089,11128.8,5
1788287090,10160.8,5
1788287091,10095.4,5
1788287092,10071.6,5
1788287093,9499.8,5
1788287094,16759.4,5
1788287095,16745.8,5
1788287096,16025.2,5
1788287097,14165.8,4
1788287098,13454.2,5
1788287099,13362.6,5
1788287100,12780.0,5
1788287101,10846.0,5
1788287102,10034.2,5
1788287103,6767.4,5
1788287104,6879.6,5
1788287105,6829.2,5
1788287106,6809.6,5
1788287107,6775.8,5
1788287108,6788.4,5
1788287109,6744.2,4
1788287110,6775.4,5
1788287111,6810.8,5
1788287112,6782.6,5
1788287113,6809.8,5
1788287114,6830.0,5
1788287115,6855.8,5
1788287116,6799.2,5
1788287117,6845.6,5
1788287118,6744.4,5
1788287119,6758.8,5
1788287120,6824.4,5
1788287121,6791.2,4
1788287122,6703.0,5
1788287123,6897.2,5
1788287124,6435.2,5
1788287125,6426.6,5
1788287126,6443.2,5
1788287127,6437.4,5
1788287128,6422.4,5
1788287129,6435.2,5
1788287130,6441.8,5
1788287131,6489.4,5
1788287132,6423.6,5
1788287133,6418.4,5
1788287134,6460.0,4
1788287135,6416.8,5
1788287136,14836.4,5
1788287137,20753.4,5
1788287138,19200.0,5
1788287139,18523.8,5
1788287140,18077.2,5
1788287141,17541.2,5
1788287142,17159.6,5
1788287143,16852.8,5
1788287144,16616.0,5
1788287145,16429.6,5
1788287146,16311.6,5
1788287147,16239.8,4
1788287148,15953.0,5
1788287149,15875.4,5
1788287150,15773.0,5
1788287151,15706.4,5
1788287152,15602.4,5
1788287153,15550.0,5
1788287154,15441.4,5
1788287155,15387.8,5
1788287156,15335.8,5
1788287157,15317.8,5
1788287158,15389.4,5
1788287159,15312.5,4
1788287160,15203.8,5
1788287161,15110.6,5
1788287162,15085.0,5
1788287163,15063.6,5
1788287164,15088.2,5
1788287165,15047.6,5
1788287166,15062.4,5
1788287167,14966.6,5
1788287168,14978.0,5
1788287169,14949.2,5
1788287170,14906.6,5
1788287171,14915.5,4
1788287172,14891.6,5
1788287173,14882.0,5
1788287174,15068.2,5
1788287175,15060.4,5
1788287176,14872.6,5
1788287177,14971.8,5
1788287178,14665.2,5
1788287179,14612.0,5
1788287180,14677.8,5
1788287181,14688.2,5
1788287182,13910.6,5
1788287183,7791.8,4
1788287184,7530.4,5
1788287185,7455.8,5
1788287186,7460.0,5
1788287187,7422.8,5
1788287188,7457.6,5
1788287189,7419.2,5
1788287190,7394.2,5
1788287191,7414.0,5
1788287192,7421.2,5
1788287193,7447.0,5
1788287194,7404.8,5
1788287195,7396.8,5
1788287196,7397.0,4
1788287197,7379.0,5
1788287198,7385.8,5
1788287199,7352.4,5
1788287200,7377.6,5
1788287201,7370.8,5
1788287202,7358.0,5
1788287203,7352.0,5
1788287204,7474.2,5
1788287205,7708.4,5
1788287206,7729.2,5
1788287207,7724.6,5
1788287208,7689.0,4
1788287209,7705.8,5
1788287210,7720.6,5
1788287211,7696.4,5
1788287212,7714.2,5
1788287213,7728.6,5
1788287214,7694.0,5
1788287215,7689.0,5
1788287216,7993.8,5
1788287217,7686.0,5
1788287218,7717.8,5
1788287219,7687.2,5
1788287220,7714.0,5
1788287221,7706.0,4
1788287222,7691.0,5
1788287223,7702.0,5
1788287224,7744.2,5
1788287225,14884.2,5
1788287226,20808.0,5
1788287227,19145.8,5
1788287228,18597.4,5
1788287229,17841.2,5
1788287230,17391.0,5
1788287231,17078.2,5
1788287232,16947.2,5
1788287233,16596.0,4
1788287234,16423.4,5
1788287235,16258.4,5
1788287236,16162.0,5
1788287237,16001.0,5
1788287238,15911.6,5
1788287239,15827.6,5
1788287240,15704.2,5
1788287241,15676.6,5
1788287242,15586.6,5
1788287243,15499.0,5
1788287244,15440.6,5
1788287245,15390.8,5
1788287246,15372.5,4
1788287247,15298.2,5
1788287248,15416.6,5
1788287249,15322.8,5
1788287250,15258.0,5
1788287251,15196.2,5
1788287252,15197.4,5
1788287253,15192.2,5
1788287254,15087.8,5
1788287255,15061.2,5
1788287256,15035.2,5
1788287257,14940.2,5
1788287258,14961.5,4
1788287259,14939.2,5
1788287260,14910.0,5
1788287261,14875.0,5
1788287262,14867.2,5
1788287263,14843.8,5
1788287264,14801.0,5
1788287265,14818.6,5
1788287266,14764.6,5
1788287267,14729.6,5
1788287268,13551.0,5
1788287269,5569.2,5
1788287270,5624.0,4
1788287271,5504.4,5
1788287272,5489.8,5
1788287273,5536.8,5
1788287274,5451.6,5
1788287275,5464.2,5
1788287276,5517.0,5
1788287277,5416.8,5
1788287278,5445.4,5
1788287279,5484.2,5
1788287280,5484.8,5
1788287281,5481.6,5
1788287282,5470.6,5
1788287283,5431.2,4
1788287284,5473.6,5
1788287285,5484.8,5
1788287286,5516.2,5
1788287287,5457.6,5
1788287288,5460.8,5
1788287289,5847.6,5
1788287290,6640.0,5
1788287291,5454.2,5
1788287292,5494.8,5
1788287293,5469.2,5
1788287294,5438.0,5
1788287295,5416.2,4
1788287296,5436.6,5
1788287297,5435.0,5
1788287298,5416.4,5
1788287299,5408.0,5
1788287300,5398.2,5
1788287301,5372.0,5
1788287302,5390.2,5
1788287303,5383.2,5
1788287304,5368.6,5
1788287305,5359.8,5
1788287306,5388.0,5
1788287307,5346.2,4
1788287308,5387.6,5
1788287309,5352.2,5
1788287310,5388.8,5
1788287311,5371.0,5
1788287312,5376.6,5
1788287313,5347.0,5
1788287314,5379.2,5
1788287315,5372.4,5
1788287316,5343.6,5
1788287317,5443.8,5
1788287318,5396.8,5
1788287319,5369.6,5
1788287320,5349.0,4
1788287321,5372.6,5
1788287322,5363.6,5
1788287323,5358.2,5
1788287324,5334.8,5
1788287325,15222.6,5
1788287326,18469.2,5
1788287327,18637.8,5
1788287328,18710.0,5
1788287329,18695.6,5
1788287330,18839.2,5
1788287331,18313.2,5
1788287332,17851.8,4
1788287333,17660.2,5
1788287334,17343.8,5
1788287335,17119.2,5
1788287336,16948.6,5
1788287337,16806.6,5
1788287338,16644.4,5
1788287339,16558.6,5
1788287340,16365.2,5
1788287341,16333.4,5
1788287342,16210.4,5
1788287343,16179.8,5
1788287344,15983.8,4
1788287345,15914.4,5
1788287346,15904.8,5
1788287347,15933.8,5
1788287348,15833.2,5
1788287349,15700.4,5
1788287350,15719.8,5
1788287351,15574.0,5
1788287352,15550.0,5
1788287353,15501.2,5
1788287354,15457.2,5
1788287355,15337.8,5
1788287356,15363.0,4
1788287357,15309.2,5
1788287358,15230.8,5
1788287359,15185.2,5
1788287360,15168.8,5
1788287361,15110.0,5
1788287362,15134.6,5
1788287363,15096.4,5
1788287364,15022.6,5
1788287365,15029.2,5
1788287366,14931.2,5
1788287367,14435.4,5
1788287368,6305.0,4
1788287369,6261.4,5
1788287370,6281.0,5
1788287371,6252.6,5
1788287372,6178.6,5
1788287373,6200.8,5
1788287374,6227.6,5
1788287375,6152.2,5
1788287376,6168.2,5
1788287377,6235.2,5
1788287378,6196.2,5
1788287379,6183.8,5
1788287380,6150.8,4
1788287381,6140.4,5
1788287382,6131.2,5
1788287383,6188.6,5
1788287384,6136.8,5
1788287385,6138.2,5
1788287386,6131.2,5
1788287387,6169.6,5
1788287388,6102.0,5
1788287389,6113.6,5
1788287390,6119.4,5
1788287391,6086.6,5
1788287392,6100.6,5
1788287393,6107.2,4
1788287394,6078.2,5
1788287395,6109.0,5
1788287396,6094.6,5
1788287397,6084.2,5
1788287398,6114.4,5
1788287399,6075.8,5
1788287400,6629.6,5
1788287401,6220.2,5
1788287402,6137.4,5
1788287403,6164.6,5
1788287404,6089.4,5
1788287405,6140.6,5
1788287406,6098.5,4
1788287407,6088.2,5
1788287408,6109.4,5
1788287409,6093.6,5
1788287410,6181.8,5
1788287411,6132.6,5
1788287412,6197.0,5
1788287413,6202.4,5
1788287414,6079.0,5
1788287415,6118.4,5
1788287416,6093.4,5
1788287417,6119.0,5
1788287418,6097.8,4
1788287419,6103.6,5
1788287420,6077.6,5
1788287421,6126.2,5
1788287422,6078.8,5
1788287423,6127.2,5
1788287424,6084.4,5
1788287425,6098.2,5
1788287426,6063.6,5
1788287427,15454.8,5
1788287428,20917.0,5
1788287429,19583.2,5
1788287430,18751.8,5
1788287431,18266.0,4
1788287432,17993.8,5
1788287433,17534.4,5
1788287434,17082.4,5
1788287435,16810.0,5
1788287436,16564.8,5
1788287437,16359.0,5
1788287438,16200.2,5
1788287439,16130.6,5
1788287440,15863.6,5
1788287441,15786.8,5
1788287442,15680.2,5
1788287443,15574.2,4
1788287444,15476.8,5
1788287445,15401.4,5
1788287446,15367.2,5
1788287447,15280.6,5
1788287448,15216.4,5
1788287449,15449.2,5
1788287450,15256.6,5
1788287451,15226.8,5
1788287452,15185.0,5
1788287453,15225.0,5
1788287454,15158.0,5
1788287455,15078.0,4
1788287456,15070.6,5
1788287457,14954.6,5
1788287458,14940.2,5
1788287459,14847.2,5
1788287460,14893.2,5
1788287461,14920.0,5
1788287462,14838.0,5
1788287463,14823.6,5
1788287464,14712.2,5
1788287465,14778.0,5
1788287466,14750.0,4
1788287467,14680.2,5
1788287468,14667.0,5
1788287469,14615.4,5
1788287470,14690.6,5
1788287471,14598.4,5
1788287472,14608.6,5
1788287473,14566.8,5
1788287474,14577.0,5
1788287475,14551.0,5
1788287476,10503.2,4
1788287477,8080.0,5
1788287478,8145.0,5
1788287479,8150.2,5
1788287480,8245.0,5
1788287481,8371.6,5
1788287482,8390.0,5
1788287483,8276.6,5
1788287484,8159.0,5
1788287485,8074.4,5
1788287486,8101.8,4
1788287487,8090.0,5
1788287488,8120.4,5
1788287489,8112.8,5
1788287490,8087.8,5
1788287491,8089.4,5
1788287492,8080.8,5
1788287493,8095.0,5
1788287494,8067.4,5
1788287495,8079.4,5
1788287496,8094.2,4
1788287497,8149.4,5
1788287498,8139.4,5
1788287499,8155.6,5
1788287500,8125.4,5
1788287501,8131.8,5
1788287502,8142.4,5
1788287503,8196.8,5
1788287504,8154.0,5
1788287505,8161.8,5
1788287506,8130.0,4
1788287507,8131.8,5
1788287508,8100.6,5
1788287509,8140.2,5
1788287510,8122.6,5
1788287511,8136.2,5
1788287512,8104.4,5
1788287513,8159.2,5
1788287514,8099.2,5
1788287515,8118.6,5
1788287516,8171.0,4
1788287517,21459.2,5
1788287518,19176.6,5
1788287519,17977.8,5
1788287520,17587.2,5
1788287521,17016.8,5
1788287522,16734.8,5
1788287523,16478.8,5
1788287524,16297.0,5
1788287525,16105.0,5
1788287526,16008.0,4
1788287527,15836.0,5
1788287528,15690.4,5
1788287529,15650.6,5
1788287530,15552.6,5
1788287531,15439.4,5
1788287532,15416.6,5
1788287533,15366.6,5
1788287534,15436.0,5
1788287535,15084.8,4
1788287536,15073.2,5
1788287537,15018.8,5
1788287538,14983.4,5
1788287539,14952.6,5
1788287540,14946.8,5
1788287541,14943.6,5
1788287542,14895.8,5
1788287543,14816.4,5
1788287544,14821.0,5
1788287545,14771.0,4
1788287546,14733.6,5
1788287547,14739.8,5
1788287548,14717.6,5
1788287549,14690.6,5
1788287550,14626.0,5
1788287551,14611.4,5
1788287552,14579.0,5
1788287553,14573.8,5
1788287554,14550.8,5
1788287555,14586.8,4
1788287556,14511.2,5
1788287557,14503.4,5
1788287558,8351.6,5
1788287559,5581.0,5
1788287560,5551.6,5
1788287561,5507.4,5
1788287562,5550.6,5
1788287563,5480.0,5
1788287564,5493.2,4
1788287565,5522.6,5
1788287566,5457.0,5
1788287567,5517.2,5
1788287568,5440.4,5
1788287569,5509.8,5
1788287570,5532.2,5
1788287571,5469.8,5
1788287572,5477.8,5
1788287573,5460.4,5
1788287574,5463.5,4
1788287575,5460.4,5
1788287576,5691.0,5
1788287577,5463.6,5
1788287578,5473.2,5
1788287579,5463.4,5
1788287580,5456.2,5
1788287581,5463.0,5
1788287582,5452.8,5
1788287583,5416.6,5
1788287584,5444.2,4
1788287585,5446.2,5
1788287586,5438.2,5
1788287587,5440.4,5
1788287588,5415.0,5
1788287589,5388.0,5
1788287590,5389.4,5
1788287591,5382.4,5
1788287592,5391.8,5
1788287593,5428.6,5
1788287594,5382.0,4
1788287595,5425.8,5
1788287596,5462.0,5
1788287597,5384.6,5
1788287598,5387.6,5
1788287599,5410.6,5
1788287600,5355.0,5
1788287601,5378.6,5
1788287602,5382.2,5
1788287603,5385.0,5
1788287604,5360.8,4
1788287605,5361.6,5
1788287606,5383.0,5
1788287607,5371.4,5
1788287608,5370.0,5
1788287609,5352.0,5
1788287610,5364.0,5
1788287611,5358.2,5
1788287612,5389.4,5
1788287613,5333.2,5
1788287614,8941.0,4
1788287615,18361.0,5
1788287616,18730.0,5
1788287617,18759.8,5
1788287618,18841.4,5
1788287619,18505.8,5
1788287620,17875.0,5
1788287621,17501.2,5
1788287622,17215.0,5
1788287623,16936.8,5
1788287624,16754.8,4
1788287625,16610.4,5
1788287626,16450.4,5
1788287627,16319.2,5
1788287628,16261.8,5
1788287629,16001.6,5
1788287630,15811.4,5
1788287631,15774.2,5
1788287632,15639.8,5
1788287633,15510.6,5
1788287634,15466.8,4
1788287635,15478.2,5
1788287636,15445.0,5
1788287637,15365.4,5
1788287638,15298.4,5
1788287639,15223.0,5
1788287640,15162.8,5
1788287641,15055.4,5
1788287642,15106.6,5
1788287643,14999.2,4
1788287644,14948.0,5
1788287645,14877.4,5
1788287646,14875.6,5
1788287647,14844.6,5
1788287648,14789.6,5
1788287649,14746.6,5
1788287650,14745.2,5
1788287651,14680.8,5
1788287652,14592.5,4
1788287653,14635.2,5
1788287654,14644.6,5
1788287655,14657.4,5
1788287656,14482.0,5
1788287657,9515.0,5
1788287658,6327.0,5
1788287659,6331.2,5
1788287660,6324.2,5
1788287661,6156.8,5
1788287662,6255.0,4
1788287663,6198.0,5
1788287664,6249.2,5
1788287665,6163.8,5
1788287666,6165.2,5
1788287667,6219.4,5
1788287668,6174.6,5
1788287669,6143.4,5
1788287670,6135.2,5
1788287671,6157.0,5
1788287672,6153.8,4
1788287673,6119.0,5
1788287674,6154.0,5
1788287675,6122.8,5
1788287676,6114.0,5
1788287677,6131.6,5
1788287678,6109.4,5
1788287679,6095.4,5
1788287680,6095.0,5
1788287681,6107.2,5
1788287682,6093.2,4
1788287683,6100.8,5
1788287684,6127.2,5
1788287685,6098.2,5
1788287686,6110.6,5
1788287687,6118.2,5
1788287688,6083.0,5
1788287689,6171.0,5
1788287690,6084.0,5
1788287691,6135.0,5
1788287692,6115.2,4
1788287693,6090.2,5
1788287694,6539.8,5
1788287695,6121.6,5
1788287696,6189.2,5
1788287697,6233.4,5
1788287698,6088.4,5
1788287699,6133.8,5
1788287700,6065.6,5
1788287701,6135.0,5
1788287702,6593.0,4
1788287703,6127.8,5
1788287704,6101.2,5
1788287705,6114.0,5
1788287706,6066.6,5
1788287707,6120.2,5
1788287708,6093.0,5
1788287709,6132.0,5
1788287710,6090.0,5
1788287711,6114.0,4
1788287712,6105.4,5
1788287713,6121.6,5
1788287714,6113.8,5
1788287715,6079.0,5
1788287716,11682.6,5
1788287717,20921.8,5
1788287718,19269.8,5
1788287719,18518.4,5
1788287720,18030.8,5
1788287721,17429.2,4
1788287722,17115.0,5
1788287723,16708.4,5
1788287724,16443.2,5
1788287725,16205.2,5
1788287726,16080.2,5
1788287727,15819.0,5
1788287728,15669.4,5
1788287729,15538.8,5
1788287730,15449.8,5
1788287731,15366.5,4
1788287732,15286.4,5
1788287733,15236.2,5
1788287734,15064.8,5
1788287735,15096.2,5
1788287736,14942.2,5
1788287737,14973.0,5
1788287738,14886.6,5
1788287739,15046.4,5
1788287740,14917.2,4
1788287741,14900.4,5
1788287742,14928.0,5
1788287743,14814.6,5
1788287744,14746.4,5
1788287745,14758.2,5
1788287746,14696.0,5
1788287747,14667.4,5
1788287748,14671.8,5
1788287749,14642.6,5
1788287750,14597.8,4
1788287751,14545.6,5
1788287752,14478.6,5
1788287753,14469.2,5
1788287754,14469.6,5
1788287755,14436.2,5
1788287756,14381.6,5
1788287757,14443.4,5
1788287758,14422.4,5
1788287759,14312.8,4
1788287760,14302.0,5
1788287761,14384.6,5
1788287762,14309.4,5
1788287763,14242.2,5
1788287764,14304.6,5
1788287765,14229.4,5
1788287766,8624.8,5
1788287767,8293.6,5
1788287768,8160.2,5
1788287769,8132.2,4
1788287770,8137.0,5
1788287771,9930.8,5
1788287772,9168.4,5
1788287773,8077.2,5
1788287774,8086.2,5
1788287775,8188.4,5
1788287776,8086.4,5
1788287777,8146.4,5
1788287778,8067.2,5
1788287779,8387.4,5
1788287780,8112.0,4
1788287781,8098.2,5
1788287782,8045.0,5
1788287783,8019.0,5
1788287784,7994.6,5
1788287785,7988.4,5
1788287786,8030.8,5
1788287787,8007.0,5
1788287788,8079.2,5
1788287789,8064.6,5
1788287790,8074.0,5
1788287791,8080.8,4
1788287792,8110.4,5
1788287793,8063.0,5
1788287794,8064.0,5
1788287795,8105.4,5
1788287796,8088.2,5
1788287797,8055.2,5
1788287798,8066.4,5
1788287799,8086.0,5
1788287800,8058.6,5
1788287801,8053.2,5
1788287802,8036.5,4
1788287803,8041.6,5
1788287804,8065.0,5
1788287805,8046.4,5
1788287806,8029.8,5
1788287807,8050.6,5
1788287808,17230.2,5
1788287809,20325.6,5
1788287810,18782.8,5
1788287811,18042.4,5
1788287812,17804.8,4
1788287813,17248.4,5
1788287814,16993.8,5
1788287815,16764.8,5
1788287816,16575.4,5
1788287817,16446.0,5
1788287818,16242.8,5
1788287819,16129.0,5
1788287820,16050.0,5
1788287821,15881.2,5
1788287822,15872.5,4
1788287823,15771.2,5
1788287824,15665.6,5
1788287825,15649.2,5
1788287826,15823.4,5
1788287827,15529.0,5
1788287828,15487.6,5
1788287829,15418.4,5
1788287830,15374.2,5
1788287831,15297.8,5
1788287832,15311.2,4
1788287833,15231.8,5
1788287834,15227.6,5
1788287835,15203.8,5
1788287836,15126.6,5
1788287837,15149.2,5
1788287838,15111.4,5
1788287839,15060.0,5
1788287840,15001.6,5
1788287841,15033.8,5
1788287842,14978.5,4
1788287843,14967.6,5
1788287844,14935.4,5
1788287845,14950.0,5
1788287846,13604.0,5
1788287847,5464.8,5
1788287848,5466.6,5
1788287849,5422.6,5
1788287850,5399.0,5
1788287851,5390.8,5
1788287852,5360.5,4
1788287853,5371.2,5
1788287854,5333.4,5
1788287855,5370.4,5
1788287856,5311.6,5
1788287857,5354.2,5
1788287858,5362.6,5
1788287859,5362.0,5
1788287860,5342.2,5
1788287861,5329.0,5
1788287862,5323.2,5
1788287863,5332.0,4
1788287864,5339.4,5
1788287865,5326.4,5
1788287866,5335.4,5
1788287867,5309.6,5
1788287868,5306.6,5
1788287869,5317.4,5
1788287870,5305.2,5
1788287871,5286.4,5
1788287872,5289.0,5
1788287873,5294.8,4
1788287874,5312.6,5
1788287875,5291.2,5
1788287876,5291.2,5
1788287877,5257.6,5
1788287878,5279.2,5
1788287879,5277.4,5
1788287880,5252.2,5
1788287881,5260.2,5
1788287882,5251.0,5
1788287883,5236.0,4
1788287884,5261.4,5
1788287885,5262.4,5
1788287886,5268.0,5
1788287887,5246.4,5
1788287888,5224.0,5
1788287889,5228.0,5
1788287890,5243.0,5
1788287891,5236.0,5
1788287892,5242.2,5
1788287893,5292.5,4
1788287894,5219.8,5
1788287895,5264.8,5
1788287896,5356.8,5
1788287897,5277.6,5
1788287898,5248.4,5
1788287899,5250.0,5
1788287900,5234.6,5
1788287901,5239.2,5
1788287902,6826.0,5
1788287903,18532.6,5
1788287904,18676.2,4
1788287905,18801.8,5
1788287906,18967.0,5
1788287907,19065.4,5
1788287908,18931.0,5
1788287909,18170.0,5
1788287910,17874.4,5
1788287911,17588.2,5
1788287912,17325.8,5
1788287913,17206.8,5
1788287914,16974.8,4
1788287915,16839.8,5
1788287916,16770.0,5
1788287917,16541.0,5
1788287918,16500.6,5
1788287919,16393.2,5
1788287920,16348.4,5
1788287921,16251.6,5
1788287922,16032.6,5
1788287923,15959.6,5
1788287924,15975.2,4
1788287925,15954.0,5
1788287926,15865.4,5
1788287927,15837.0,5
1788287928,15725.0,5
1788287929,15660.8,5
1788287930,15552.0,5
1788287931,15527.2,5
1788287932,15501.0,5
1788287933,15480.0,4
1788287934,15410.2,5
1788287935,15382.2,5
1788287936,15331.0,5
1788287937,15353.2,5
1788287938,15237.0,5
1788287939,15221.4,5
1788287940,15168.6,5
1788287941,15153.6,5
1788287942,15092.2,5
1788287943,15125.2,4
1788287944,15050.4,5
1788287945,12562.8,5
1788287946,6204.4,5
1788287947,6244.4,5
1788287948,6190.6,5
1788287949,6077.8,5
1788287950,6101.2,5
1788287951,6118.2,5
1788287952,6113.4,5
1788287953,6100.5,4
1788287954,6096.2,5
1788287955,6072.6,5
1788287956,6088.6,5
1788287957,6071.4,5
1788287958,6027.2,5
1788287959,6107.4,5
1788287960,6008.2,5
1788287961,6049.2,5
1788287962,5996.8,5
1788287963,6028.8,5
1788287964,6024.5,4
1788287965,5988.4,5
1788287966,6026.8,5
1788287967,6005.4,5
1788287968,6003.8,5
1788287969,6021.4,5
1788287970,6025.4,5
1788287971,5984.2,5
1788287972,6013.6,5
1788287973,5999.8,5
1788287974,5985.6,5
1788287975,5995.0,4
1788287976,6002.6,5
1788287977,6000.0,5
1788287978,6011.2,5
1788287979,5989.4,5
1788287980,5973.4,5
1788287981,6009.4,5
1788287982,5952.0,5
1788287983,6014.0,5
1788287984,5970.4,5
1788287985,5992.2,5
1788287986,5970.8,4
1788287987,5977.6,5
1788287988,5968.2,5
1788287989,6038.8,5
1788287990,5967.2,5
1788287991,6021.8,5
1788287992,5970.4,5
1788287993,5991.2,5
1788287994,5962.8,5
1788287995,5967.6,5
1788287996,5950.8,4
1788287997,5998.8,5
1788287998,5955.6,5
1788287999,5987.8,5
1788288000,5957.6,5
1788288001,5984.0,5
1788288002,5999.0,5
1788288003,5957.0,5
1788288004,9978.8,5
1788288005,20857.0,5
1788288006,20946.0,4
1788288007,19683.4,5
1788288008,19034.0,5
1788288009,18537.8,5
1788288010,18260.6,5
1788288011,17776.4,5
1788288012,17462.2,5
1788288013,17290.0,5
1788288014,16972.8,5
1788288015,16774.4,5
1788288016,16563.8,4
1788288017,16672.2,5
1788288018,16240.8,5
1788288019,16276.8,5
1788288020,16175.2,5
1788288021,16014.8,5
1788288022,15845.8,5
1788288023,15838.6,5
1788288024,15768.4,5
1788288025,15727.8,4
1788288026,15599.0,5
1788288027,15771.2,5
1788288028,15772.6,5
1788288029,15607.0,5
1788288030,15633.2,5
1788288031,15433.0,5
1788288032,15413.8,5
1788288033,15461.6,5
1788288034,15312.2,5
1788288035,15355.8,4
1788288036,15268.8,5
1788288037,15295.0,5
1788288038,15193.8,5
1788288039,15155.2,5
1788288040,15192.0,5
1788288041,15156.4,5
1788288042,15097.2,5
1788288043,15119.6,5
1788288044,14968.5,4
1788288045,14975.2,5
1788288046,15013.2,5
1788288047,14987.8,5
1788288048,14986.4,5
1788288049,14931.0,5
1788288050,14997.6,5
1788288051,14920.2,5
1788288052,14871.4,5
1788288053,14929.4,5
1788288054,7698.0,4
1788288055,8023.4,5
1788288056,7948.6,5
1788288057,8070.2,5
1788288058,8311.4,5
1788288059,8073.6,5
1788288060,8106.0,5
1788288061,8072.4,5
1788288062,8031.2,5
1788288063,8017.8,5
1788288064,8052.2,5
1788288065,8058.0,4
1788288066,8034.0,5
1788288067,8001.6,5
1788288068,8001.8,5
1788288069,7994.2,5
1788288070,8021.6,5
1788288071,8612.6,5
1788288072,8565.0,5
1788288073,8013.0,5
1788288074,8004.2,5
1788288075,8015.8,4
1788288076,8111.8,5
1788288077,8039.6,5
1788288078,8046.8,5
1788288079,8081.4,5
1788288080,7998.0,5
1788288081,8870.2,5
1788288082,9310.6,5
1788288083,8070.0,5
1788288084,8096.8,5
1788288085,7999.8,5
1788288086,8082.0,4
1788288087,8041.4,5
1788288088,8062.0,5
1788288089,8025.6,5
1788288090,8022.0,5
1788288091,8026.0,5
1788288092,8062.6,5
1788288093,8029.0,5
1788288094,8042.6,5
1788288095,11404.4,5
1788288096,21786.2,4
1788288097,19837.2,5
1788288098,18547.8,5
1788288099,17982.6,5
1788288100,17638.6,5
1788288101,17140.2,5
1788288102,16870.8,5
1788288103,16693.2,5
1788288104,16529.6,5
1788288105,16396.4,5
1788288106,16222.0,4
1788288107,16183.6,5
1788288108,16042.6,5
1788288109,15961.0,5
1788288110,15919.6,5
1788288111,15768.0,5
1788288112,15750.8,5
1788288113,15627.0,5
1788288114,15634.0,5
1788288115,15532.6,5
1788288116,15500.2,5
1788288117,15591.5,4
1788288118,15545.8,5
1788288119,15326.0,5
1788288120,15294.0,5
1788288121,15262.6,5
1788288122,15222.2,5
1788288123,15197.6,5
1788288124,15176.6,5
1788288125,15123.4,5
1788288126,15109.6,5
1788288127,15091.5,4
1788288128,15047.6,5
1788288129,15008.8,5
1788288130,15016.0,5
1788288131,14979.6,5
1788288132,14974.0,5
1788288133,14938.4,5
1788288134,14899.2,5
1788288135,14893.2,5
1788288136,14868.2,5
1788288137,14869.8,4
1788288138,11914.2,5
1788288139,5524.0,5
1788288140,5460.4,5
1788288141,5428.0,5
1788288142,5358.2,5
1788288143,5410.6,5
1788288144,5347.4,5
1788288145,5313.0,5
1788288146,5354.0,5
1788288147,5313.5,4
1788288148,5339.6,5
1788288149,5371.0,5
1788288150,5355.8,5
1788288151,5348.0,5
1788288152,5355.2,5
1788288153,5338.6,5
1788288154,5312.0,5
1788288155,5349.0,5
1788288156,5323.4,5
1788288157,5341.2,5
1788288158,5335.0,4
1788288159,5323.4,5
1788288160,5297.2,5
1788288161,5305.2,5
1788288162,5307.4,5
1788288163,5289.4,5
1788288164,5304.2,5
1788288165,5285.0,5
1788288166,5303.2,5
1788288167,5300.2,5
1788288168,5300.5,4
1788288169,5293.6,5
1788288170,5279.2,5
1788288171,5272.0,5
1788288172,5255.6,5
1788288173,5256.0,5
1788288174,5250.6,5
1788288175,5252.0,5
1788288176,5239.4,5
1788288177,5269.0,5
1788288178,5570.2,4
1788288179,5295.6,5
1788288180,5254.2,5
1788288181,5261.2,5
1788288182,5254.4,5
1788288183,5255.4,5
1788288184,5241.4,5
1788288185,5262.0,5
1788288186,5308.6,5
1788288187,5245.2,5
1788288188,5240.2,4
1788288189,5295.0,5
1788288190,5250.8,5
1788288191,5239.4,5
1788288192,5255.0,5
1788288193,5270.6,5
1788288194,5233.6,5
1788288195,18292.8,5
1788288196,18762.8,5
1788288197,18871.4,5
1788288198,18947.5,4
1788288199,19082.0,5
1788288200,18843.8,5
1788288201,18150.0,5
1788288202,17828.6,5
1788288203,17558.2,5
1788288204,17315.0,5
1788288205,17088.4,5
1788288206,16892.0,5
1788288207,16744.4,5
1788288208,16659.5,4
1788288209,16481.0,5
1788288210,16452.2,5
1788288211,16388.4,5
1788288212,16258.0,5
1788288213,16078.4,5
1788288214,15954.4,5
1788288215,15816.6,5
1788288216,15994.2,5
1788288217,15890.4,5
1788288218,15827.2,4
1788288219,15776.8,5
1788288220,15694.2,5
1788288221,15533.0,5
1788288222,15565.6,5
1788288223,15506.6,5
1788288224,15449.6,5
1788288225,15417.0,5
1788288226,15368.4,5
1788288227,15294.2,5
1788288228,15258.0,4
1788288229,15148.4,5
1788288230,15246.2,5
1788288231,15132.6,5
1788288232,15122.0,5
1788288233,15020.8,5
1788288234,15050.2,5
1788288235,15029.2,5
1788288236,15013.4,5
1788288237,13385.5,4
1788288238,6077.6,5
1788288239,6199.4,5
1788288240,6179.4,5
1788288241,6161.2,5
1788288242,6112.8,5
1788288243,6079.4,5
1788288244,6101.8,5
1788288245,6110.8,5
1788288246,6098.2,5
1788288247,6063.4,5
1788288248,6082.0,4
1788288249,6044.6,5
1788288250,6038.4,5
1788288251,6054.8,5
1788288252,6024.0,5
1788288253,6021.2,5
1788288254,6031.2,5
1788288255,6032.2,5
1788288256,6021.2,5
1788288257,6015.2,5
1788288258,6045.0,4
1788288259,6219.0,5
1788288260,6015.6,5
1788288261,6003.8,5
1788288262,6013.8,5
1788288263,6004.2,5
1788288264,6000.2,5
1788288265,6030.4,5
1788288266,6009.4,5
1788288267,6009.2,5
1788288268,5984.0,5
1788288269,6018.8,4
1788288270,5967.6,5
1788288271,6027.0,5
1788288272,5976.8,5
1788288273,6006.2,5
1788288274,5988.4,5
1788288275,6001.8,5
1788288276,6015.0,5
1788288277,5960.4,5
1788288278,6005.4,5
1788288279,5957.2,5
1788288280,5967.0,4
1788288281,5996.0,5
1788288282,5979.2,5
1788288283,5990.6,5
1788288284,6011.8,5
1788288285,5968.6,5
1788288286,6008.8,5
1788288287,5965.4,5
1788288288,6002.0,5
1788288289,5992.6,5
1788288290,5972.2,4
1788288291,5961.4,5
1788288292,5997.2,5
1788288293,6164.2,5
1788288294,5977.6,5
1788288295,5974.2,5
1788288296,10712.8,5
1788288297,20956.0,5
1788288298,20417.4,5
1788288299,19235.4,5
1788288300,18640.8,4
1788288301,18340.6,5
1788288302,17976.4,5
1788288303,17600.2,5
1788288304,17369.2,5
1788288305,17006.8,5
1788288306,16796.4,5
1788288307,16534.6,5
1788288308,16478.8,5
1788288309,16316.8,5
1788288310,16016.8,4
1788288311,15831.8,5
1788288312,15779.4,5
1788288313,15754.4,5
1788288314,15608.8,5
1788288315,15666.2,5
1788288316,15569.8,5
1788288317,15478.8,5
1788288318,15558.8,5
1788288319,15621.5,4
1788288320,15485.6,5
1788288321,15464.6,5
1788288322,15349.8,5
1788288323,15270.4,5
1788288324,15341.4,5
1788288325,15215.2,5
1788288326,15183.2,5
1788288327,15192.6,5
1788288328,15142.6,5
1788288329,15126.8,4
1788288330,15039.8,5
1788288331,14984.8,5
1788288332,15033.2,5
1788288333,14974.0,5
1788288334,14864.2,5
1788288335,14962.6,5
1788288336,14939.4,5
1788288337,14879.6,5
1788288338,14878.5,4
1788288339,14748.4,5
1788288340,14945.0,5
1788288341,14821.6,5
1788288342,14827.8,5
1788288343,14722.6,5
1788288344,14752.0,5
1788288345,12385.2,5
1788288346,7992.2,5
1788288347,8053.6,5
1788288348,8028.5,4
1788288349,8009.6,5
1788288350,8010.2,5
1788288351,8097.8,5
1788288352,8064.6,5
1788288353,8055.8,5
1788288354,8007.6,5
1788288355,8287.2,5
1788288356,7991.8,5
1788288357,8004.8,5
1788288358,8040.2,5
1788288359,8000.0,5
1788288360,7981.2,4
1788288361,8022.0,5
1788288362,8037.2,5
1788288363,7986.4,5
1788288364,7997.8,5
1788288365,8013.4,5
1788288366,7991.0,5
1788288367,8090.8,5
1788288368,8084.0,5
1788288369,8087.4,5
1788288370,8042.2,4
1788288371,8102.4,5
1788288372,8076.0,5
1788288373,8071.2,5
1788288374,8062.4,5
1788288375,8088.6,5
1788288376,8086.6,5
1788288377,8052.8,5
1788288378,8087.8,5
1788288379,8174.8,5
1788288380,8099.2,4
1788288381,8113.2,5
1788288382,8095.4,5
1788288383,8106.6,5
1788288384,8078.6,5
1788288385,8038.2,5
1788288386,8041.4,5
1788288387,15444.4,5
1788288388,20599.8,5
1788288389,19026.0,5
1788288390,18155.4,5
1788288391,17886.0,4
1788288392,17374.2,5
1788288393,17049.4,5
1788288394,16791.0,5
1788288395,16628.2,5
1788288396,16419.4,5
1788288397,16233.8,5
1788288398,16163.2,5
1788288399,15971.0,5
1788288400,15936.2,5
1788288401,15826.2,4
1788288402,15756.0,5
1788288403,15669.6,5
1788288404,15627.6,5
1788288405,15574.8,5
1788288406,15507.4,5
1788288407,15529.6,5
1788288408,15464.8,5
1788288409,15395.8,5
1788288410,15323.0,5
1788288411,15396.5,4
1788288412,15191.4,5
1788288413,15184.8,5
1788288414,15160.0,5
1788288415,15061.8,5
1788288416,15161.4,5
1788288417,15012.6,5
1788288418,15013.6,5
1788288419,15010.4,5
1788288420,14953.0,5
1788288421,14960.8,4
1788288422,14886.2,5
1788288423,14906.8,5
1788288424,14857.6,5
1788288425,14850.4,5
1788288426,14865.2,5
1788288427,14766.2,5
1788288428,14805.2,5
1788288429,7249.2,5
1788288430,5422.2,5
1788288431,5438.6,5
1788288432,5387.8,4
1788288433,5400.2,5
1788288434,5375.6,5
1788288435,5366.6,5
1788288436,5371.4,5
1788288437,5306.8,5
1788288438,5361.0,5
1788288439,5373.2,5
1788288440,5342.8,5
1788288441,5348.2,5
1788288442,5333.8,4
1788288443,5348.0,5
1788288444,5328.2,5
1788288445,5326.8,5
1788288446,5344.2,5
1788288447,5332.8,5
1788288448,5333.6,5
1788288449,5319.8,5
1788288450,5317.6,5
1788288451,5337.6,5
1788288452,5906.5,4
1788288453,5325.0,5
1788288454,5376.4,5
1788288455,5315.6,5
1788288456,5344.4,5
1788288457,5302.8,5
1788288458,5323.4,5
1788288459,5292.2,5
1788288460,5263.8,5
1788288461,5277.6,5
1788288462,5270.5,4
1788288463,5278.6,5
1788288464,5266.0,5
1788288465,5248.6,5
1788288466,5242.6,5
1788288467,5243.2,5
1788288468,5263.2,5
1788288469,5248.6,5
1788288470,5297.4,5
1788288471,5259.2,5
1788288472,5251.5,4
1788288473,5258.0,5
1788288474,5235.8,5
1788288475,5608.4,5
1788288476,5264.2,5
1788288477,5304.8,5
1788288478,5272.6,5
1788288479,5260.0,5
1788288480,5220.0,5
1788288481,5266.6,5
1788288482,5255.2,5
1788288483,5247.8,5
1788288484,5242.0,4
1788288485,10430.6,5
1788288486,18614.2,5
1788288487,18836.6,5
1788288488,18949.0,5
1788288489,19071.6,5
1788288490,18860.2,5
1788288491,18202.6,5
1788288492,17765.6,5
1788288493,17448.4,5
1788288494,17267.0,4
1788288495,17131.0,5
1788288496,16857.8,5
1788288497,16730.6,5
1788288498,16662.4,5
1788288499,16403.0,5
1788288500,16488.6,5
1788288501,16196.4,5
1788288502,16003.2,5
1788288503,15966.8,5
1788288504,15850.2,4
1788288505,15796.6,5
1788288506,15707.4,5
1788288507,15743.8,5
1788288508,15624.6,5
1788288509,15619.8,5
1788288510,15598.4,5
1788288511,15566.2,5
1788288512,15368.8,5
1788288513,15315.8,4
1788288514,15256.0,5
1788288515,15235.0,5
1788288516,15244.8,5
1788288517,15211.0,5
1788288518,15123.8,5
1788288519,15133.8,5
1788288520,15051.0,5
1788288521,15114.6,5
1788288522,15003.0,5
1788288523,14955.0,4
1788288524,14911.8,5
1788288525,14925.0,5
1788288526,14867.6,5
1788288527,14856.0,5
1788288528,9712.0,5
1788288529,6182.0,5
1788288530,6143.6,5
1788288531,6209.4,5
1788288532,6303.0,5
1788288533,6110.5,4
1788288534,6081.2,5
1788288535,6108.0,5
1788288536,6132.2,5
1788288537,6130.6,5
1788288538,6109.2,5
1788288539,6077.0,5
1788288540,6047.2,5
1788288541,6088.8,5
1788288542,6028.0,5
1788288543,6035.8,4
1788288544,6030.4,5
1788288545,6049.0,5
1788288546,6049.2,5
1788288547,6025.4,5
1788288548,6019.8,5
1788288549,6042.2,5
1788288550,6029.4,5
1788288551,6020.8,5
1788288552,6001.4,5
1788288553,5988.2,5
1788288554,5993.0,4
1788288555,6012.0,5
1788288556,6072.4,5
1788288557,6182.2,5
1788288558,6070.4,5
1788288559,6066.6,5
1788288560,6041.6,5
1788288561,6095.8,5
1788288562,6038.8,5
1788288563,6067.6,5
1788288564,6028.0,4
1788288565,6016.8,5
1788288566,6022.6,5
1788288567,6103.4,5
1788288568,6016.4,5
1788288569,6078.0,5
1788288570,6020.4,5
1788288571,6056.8,5
1788288572,6070.8,5
1788288573,6027.0,5
1788288574,6018.5,4
1788288575,6034.8,5
1788288576,6014.8,5
1788288577,6051.8,5
1788288578,6101.4,5
1788288579,6054.8,5
1788288580,5984.2,5
1788288581,6052.2,5
1788288582,6046.2,5
1788288583,6001.0,5
1788288584,6040.2,5
1788288585,6418.0,4
1788288586,9346.8,5
1788288587,11231.2,5
1788288588,20789.4,5
1788288589,19707.2,5
1788288590,18492.4,5
1788288591,18094.4,5
1788288592,17716.0,5
1788288593,17402.6,5
1788288594,16882.2,5
1788288595,17321.8,4
1788288596,16733.4,5
1788288597,16392.0,5
1788288598,16301.8,5
1788288599,16280.8,5
1788288600,16006.0,5
1788288601,15831.6,5
1788288602,15853.6,5
1788288603,15130.4,5
1788288604,14755.2,4
1788288605,15795.6,5
1788288606,15230.8,5
1788288607,15193.2,5
1788288608,14961.6,5
1788288609,14825.0,5
1788288610,14960.6,5
1788288611,14711.8,5
1788288612,14433.6,5
1788288613,14612.5,4
1788288614,14582.6,5
1788288615,14589.6,5
1788288616,14587.4,5
1788288617,14643.4,5
1788288618,14645.2,5
1788288619,14646.2,5
1788288620,14617.0,5
1788288621,14630.0,5
1788288622,14613.4,5
1788288623,14571.8,4
1788288624,14596.2,5
1788288625,14595.4,5
1788288626,14583.0,5
1788288627,14513.4,5
1788288628,14525.6,5
1788288629,14599.4,5
1788288630,14519.2,5
1788288631,14461.2,5
1788288632,14607.0,4
1788288633,14528.0,5
1788288634,14566.0,5
1788288635,14474.0,5
1788288636,14208.0,5
1788288637,7546.8,5
1788288638,7954.0,5
1788288639,8021.0,5
1788288640,7985.8,5
1788288641,8044.0,5
1788288642,8076.8,5
1788288643,8071.0,4
1788288644,8030.8,5
1788288645,8002.6,5
1788288646,8050.4,5
1788288647,8027.0,5
1788288648,8068.8,5
1788288649,8008.4,5
1788288650,8026.2,5
1788288651,8079.4,5
1788288652,8017.6,5
1788288653,8220.0,4
1788288654,8157.2,5
1788288655,8075.0,5
1788288656,8001.8,5
1788288657,8050.4,5
1788288658,8075.8,5
1788288659,8068.2,5
1788288660,8053.8,5
1788288661,8095.4,5
1788288662,8461.2,5
1788288663,8085.2,5
1788288664,8063.6,5
1788288665,8058.5,4
1788288666,8060.6,5
1788288667,8084.6,5
1788288668,8046.6,5
1788288669,8087.2,5
1788288670,8049.8,5
1788288671,8109.4,5
1788288672,8063.0,5
1788288673,8071.4,5
1788288674,8066.6,5
1788288675,8043.0,5
1788288676,8053.5,4
1788288677,10259.4,5
1788288678,21426.2,5
1788288679,19176.6,5
1788288680,18078.2,5
1788288681,17739.4,5
1788288682,17092.2,5
1788288683,16828.4,5
1788288684,16650.8,5
1788288685,16502.8,5
1788288686,16249.6,5
1788288687,16118.5,4
1788288688,15975.2,5
1788288689,15852.8,5
1788288690,15789.6,5
1788288691,15663.6,5
1788288692,15622.4,5
1788288693,15522.2,5
1788288694,15545.0,5
1788288695,15465.8,5
1788288696,15435.8,5
1788288697,15286.0,4
1788288698,15269.8,5
1788288699,15212.8,5
1788288700,15250.6,5
1788288701,15145.6,5
1788288702,15110.2,5
1788288703,15102.6,5
1788288704,15059.4,5
1788288705,15005.4,5
1788288706,14981.6,5
1788288707,14963.0,4
1788288708,14924.0,5
1788288709,14896.0,5
1788288710,14898.8,5
1788288711,14856.0,5
1788288712,14796.6,5
1788288713,14821.0,5
1788288714,14767.8,5
1788288715,14750.2,5
1788288716,14739.8,5
1788288717,14772.5,4
1788288718,14711.2,5
1788288719,14675.4,5
1788288720,13643.4,5
1788288721,5988.6,5
1788288722,6156.4,5
1788288723,6168.6,5
1788288724,6095.8,5
1788288725,6068.6,5
1788288726,6097.6,5
1788288727,6093.8,4
1788288728,6032.8,5
1788288729,6040.6,5
1788288730,6025.4,5
1788288731,5995.0,5
1788288732,6058.6,5
1788288733,6107.6,5
1788288734,6151.8,5
1788288735,6127.6,5
1788288736,6117.6,5
1788288737,6089.5,4
1788288738,6083.2,5
1788288739,6098.8,5
1788288740,6084.0,5
1788288741,6149.2,5
1788288742,6090.0,5
1788288743,6144.4,5
1788288744,6083.6,5
1788288745,6042.0,5
1788288746,6058.8,5
1788288747,6095.8,4
1788288748,6158.4,5
1788288749,6087.8,5
1788288750,6101.8,5
1788288751,6129.4,5
1788288752,6243.4,5
1788288753,5911.6,5
1788288754,5925.0,5
1788288755,5905.4,5
1788288756,5915.4,5
1788288757,5915.2,4
1788288758,5920.8,5
1788288759,5883.0,5
1788288760,6979.6,5
1788288761,6473.8,5
1788288762,5935.4,5
1788288763,5953.0,5
1788288764,5902.8,5
1788288765,5893.0,5
1788288766,5931.2,5
1788288767,5897.2,4
1788288768,5869.2,5
1788288769,5942.8,5
1788288770,5899.4,5
1788288771,5940.4,5
1788288772,5902.2,5
1788288773,5846.8,5
1788288774,5900.4,5
1788288775,6028.8,5
1788288776,5889.0,5
1788288777,5878.0,4
1788288778,5915.8,5
1788288779,5856.4,5
1788288780,17804.4,5
1788288781,19529.8,5
1788288782,18672.4,5
1788288783,17804.2,5
1788288784,17307.0,5
1788288785,16939.6,5
1788288786,16345.8,5
1788288787,15600.8,5
1788288788,15427.8,5
1788288789,15573.8,4
1788288790,14993.2,5
1788288791,14903.4,5
1788288792,14676.0,5
1788288793,15278.8,5
1788288794,15258.4,5
1788288795,15164.2,5
1788288796,14879.4,5
1788288797,14805.8,5
1788288798,14344.6,5
1788288799,14866.2,5
1788288800,14528.0,4
1788288801,14059.6,5
1788288802,13610.4,5
1788288803,13360.6,5
1788288804,12921.8,5
1788288805,13035.0,5
1788288806,12869.2,5
1788288807,12850.8,5
1788288808,12865.0,5
1788288809,12834.4,5
1788288810,12869.4,5
1788288811,12960.2,4
1788288812,12922.8,5
1788288813,13185.8,5
1788288814,13273.2,5
1788288815,13199.0,5
1788288816,12816.6,5
1788288817,12780.0,5
1788288818,12869.0,5
1788288819,12811.6,5
1788288820,12792.2,5
1788288821,12785.8,5
1788288822,12781.4,5
1788288823,12720.0,4
1788288824,12887.6,5
1788288825,13182.0,5
1788288826,13086.0,5
1788288827,12599.6,5
1788288828,12647.4,5
1788288829,12651.0,5
1788288830,12720.8,5
1788288831,12642.0,5
1788288832,12713.2,5
1788288833,12693.8,5
1788288834,10674.2,5
1788288835,6624.8,4
1788288836,6692.0,5
1788288837,6622.0,5
1788288838,6687.2,5
1788288839,6658.2,5
1788288840,6663.8,5
1788288841,6607.2,5
1788288842,6627.6,5
1788288843,6577.8,5
1788288844,6584.0,5
1788288845,6604.0,5
1788288846,6602.5,4
1788288847,6634.4,5
1788288848,6678.0,5
1788288849,6917.2,5
1788288850,6649.2,5
1788288851,6584.2,5
1788288852,6563.4,5
1788288853,6592.2,5
1788288854,6573.4,5
1788288855,6693.6,5
1788288856,6675.6,5
1788288857,6665.6,5
1788288858,6798.4,5
1788288859,6793.8,4
1788288860,7935.0,5
1788288861,10438.6,5
1788288862,8376.4,5
1788288863,6664.2,5
1788288864,6655.8,5
1788288865,6715.0,5
1788288866,7638.4,5
1788288867,6707.2,5
1788288868,6562.0,5
1788288869,6530.8,5
1788288870,6541.0,5
1788288871,6461.5,4
1788288872,6775.6,5
1788288873,6468.2,5
1788288874,6469.0,5
1788288875,6457.4,5
1788288876,6452.8,5
1788288877,6462.2,5
1788288878,6432.4,5
1788288879,6461.4,5
1788288880,6473.4,5
1788288881,6429.4,5
1788288882,6448.6,5
1788288883,6427.2,4
1788288884,6438.6,5
1788288885,6422.2,5
1788288886,6441.6,5
1788288887,6458.4,5
1788288888,6445.8,5
1788288889,6409.8,5
1788288890,6431.0,5
1788288891,10355.4,5
1788288892,20482.8,5
1788288893,18586.4,5
1788288894,17610.8,5
1788288895,17005.4,5
1788288896,16662.0,4
1788288897,16370.8,5
1788288898,16008.0,5
1788288899,15773.4,5
1788288900,15605.0,5
1788288901,15418.0,5
1788288902,15369.2,5
1788288903,15192.4,5
1788288904,15124.8,5
1788288905,14987.0,5
1788288906,14973.4,5
1788288907,14844.2,5
1788288908,14773.6,5
1788288909,14688.5,4
1788288910,14724.0,5
1788288911,14620.8,5
1788288912,14583.8,5
1788288913,14578.4,5
1788288914,14790.6,5
1788288915,14716.2,5
1788288916,14606.6,5
1788288917,14625.4,5
1788288918,14479.6,5
1788288919,14528.2,5
1788288920,14423.0,5
1788288921,15153.0,4
1788288922,14755.6,5
1788288923,14383.8,5
1788288924,14406.8,5
1788288925,14576.2,5
1788288926,14431.2,5
1788288927,14181.2,5
1788288928,13933.8,5
1788288929,13764.6,5
1788288930,13937.2,5
1788288931,14402.0,5
1788288932,13911.2,4
1788288933,13739.6,5
1788288934,13815.0,5
1788288935,13755.0,5
1788288936,13777.2,5
1788288937,13507.8,5
1788288938,13487.0,5
1788288939,7240.8,5
1788288940,6592.2,5
1788288941,6629.4,5
1788288942,6668.8,5
1788288943,6662.2,5
1788288944,6635.4,5
1788288945,6674.2,4
1788288946,6681.8,5
1788288947,6669.2,5
1788288948,6641.8,5
1788288949,6655.0,5
1788288950,6622.2,5
1788288951,6616.2,5
1788288952,6614.6,5
1788288953,6624.4,5
1788288954,6598.4,5
1788288955,6633.4,5
1788288956,6613.4,5
1788288957,6596.8,4
1788288958,6612.6,5
1788288959,6631.2,5
1788288960,6582.6,5
1788288961,6597.4,5
1788288962,6587.2,5
1788288963,6584.6,5
1788288964,6529.6,5
1788288965,6489.4,5
1788288966,6521.2,5
1788288967,6446.0,5
1788288968,6457.4,5
1788288969,6486.0,5
1788288970,6530.5,4
1788288971,6477.0,5
1788288972,6446.2,5
1788288973,6512.4,5
1788288974,6420.4,5
1788288975,6459.2,5
1788288976,6471.8,5
1788288977,6494.6,5
1788288978,6438.4,5
1788288979,6460.6,5
1788288980,6402.0,5
1788288981,6430.4,5
1788288982,6448.5,4
1788288983,6472.0,5
1788288984,6442.6,5
1788288985,6464.4,5
1788288986,6416.8,5
1788288987,9954.0,5
1788288988,19498.2,5
1788288989,18877.6,5
1788288990,17931.8,5
1788288991,17392.2,5
1788288992,16961.2,5
1788288993,16639.0,5
1788288994,16195.2,5
1788288995,16065.0,4
1788288996,15758.0,5
1788288997,15627.6,5
1788288998,15433.2,5
1788288999,15318.2,5
1788289000,15239.4,5
1788289001,15164.2,5
1788289002,15061.8,5
1788289003,14914.6,5
1788289004,14711.8,5
1788289005,14751.2,5
1788289006,14742.8,5
1788289007,14653.2,5
1788289008,14500.5,4
1788289009,14438.6,5
1788289010,14553.4,5
1788289011,14442.4,5
1788289012,14466.0,5
1788289013,14474.8,5
1788289014,14344.8,5
1788289015,14264.0,5
1788289016,14347.2,5
1788289017,14377.6,5
1788289018,14366.4,5
1788289019,14205.6,5
1788289020,14139.2,4
1788289021,14195.0,5
1788289022,14182.6,5
1788289023,14155.2,5
1788289024,14096.6,5
1788289025,14013.4,5
1788289026,14028.2,5
1788289027,13995.8,5
1788289028,14094.4,5
1788289029,14176.4,5
1788289030,13897.8,5
1788289031,14046.8,5
1788289032,13910.0,5
1788289033,13212.5,4
1788289034,6133.2,5
1788289035,6116.4,5
1788289036,6117.8,5
1788289037,6097.6,5
1788289038,6064.2,5
1788289039,6060.6,5
1788289040,6031.0,5
1788289041,6048.4,5
1788289042,6079.4,5
1788289043,6043.0,5
1788289044,6068.8,5
1788289045,6020.8,4
1788289046,6129.8,5
1788289047,6159.6,5
1788289048,6133.0,5
1788289049,6137.6,5
1788289050,6122.6,5
1788289051,6175.6,5
1788289052,6211.6,5
1788289053,6252.8,5
1788289054,6123.6,5
1788289055,6151.4,5
1788289056,6110.0,5
1788289057,6120.5,4
1788289058,6228.4,5
1788289059,6100.8,5
1788289060,6096.4,5
1788289061,6118.8,5
1788289062,6164.4,5
1788289063,6118.8,5
1788289064,6125.8,5
1788289065,6027.2,5
1788289066,6033.2,5
1788289067,5987.0,5
1788289068,5982.8,5
1788289069,5976.5,4
1788289070,6004.4,5
1788289071,5957.8,5
1788289072,6020.0,5
1788289073,5999.6,5
1788289074,5981.4,5
1788289075,5988.4,5
1788289076,5957.2,5
1788289077,6136.8,5
1788289078,5958.0,5
1788289079,6019.0,5
1788289080,5932.8,5
1788289081,6008.5,4
1788289082,5987.8,5
1788289083,5954.8,5
1788289084,5935.8,5
1788289085,5956.6,5
1788289086,5984.4,5
1788289087,5934.8,5
1788289088,5940.8,5
1788289089,5927.4,5
1788289090,5933.6,5
1788289091,5964.2,5
1788289092,7876.8,5
1788289093,20114.6,5
1788289094,18258.8,4
1788289095,17590.4,5
1788289096,16672.4,5
1788289097,16185.8,5
1788289098,15828.4,5
1788289099,15450.6,5
1788289100,15150.6,5
1788289101,14948.4,5
1788289102,14834.0,5
1788289103,14614.2,5
1788289104,14473.2,5
1788289105,14339.0,5
1788289106,14360.0,4
1788289107,14152.0,5
1788289108,14213.8,5
1788289109,14010.6,5
1788289110,13920.0,5
1788289111,13834.0,5
1788289112,13874.8,5
1788289113,13761.2,5
1788289114,13843.6,5
1788289115,13691.8,5
1788289116,13681.2,5
1788289117,13569.8,4
1788289118,13585.6,5
1788289119,13535.0,5
1788289120,13472.2,5
1788289121,13402.4,5
1788289122,13470.0,5
1788289123,13402.2,5
1788289124,13363.6,5
1788289125,13352.0,5
1788289126,13308.6,5
1788289127,13294.8,5
1788289128,13309.6,5
1788289129,13204.2,4
1788289130,13250.6,5
1788289131,13224.6,5
1788289132,13182.2,5
1788289133,13194.4,5
1788289134,13094.6,5
1788289135,13145.2,5
1788289136,13150.2,5
1788289137,13081.0,5
1788289138,12433.2,5
1788289139,6457.2,5
1788289140,6626.8,5
1788289141,6575.2,4
1788289142,6581.2,5
1788289143,6521.8,5
1788289144,6581.6,5
1788289145,6519.4,5
1788289146,6575.2,5
1788289147,6508.4,5
1788289148,6451.4,5
1788289149,6515.4,5
1788289150,6480.6,5
1788289151,6485.0,5
1788289152,6487.2,5
1788289153,6491.0,4
1788289154,6469.6,5
1788289155,6477.0,5
1788289156,6471.6,5
1788289157,6487.6,5
1788289158,6497.2,5
1788289159,6449.0,5
1788289160,6426.6,5
1788289161,6547.4,5
1788289162,6439.8,5
1788289163,6480.6,5
1788289164,6445.6,5
1788289165,6455.6,5
1788289166,6465.5,4
1788289167,6464.6,5
1788289168,6445.0,5
1788289169,6506.2,5
1788289170,6473.6,5
1788289171,6439.4,5
1788289172,6396.2,5
1788289173,6604.0,5
1788289174,6657.0,5
1788289175,6619.2,5
1788289176,6555.2,4
1788289177,6463.0,5
1788289178,6457.4,5
1788289179,6471.0,5
1788289180,6483.8,5
1788289181,6438.8,5
1788289182,6415.4,5
1788289183,6417.2,5
1788289184,6410.0,5
1788289185,6469.0,4
1788289186,6442.4,5
1788289187,6429.6,5
1788289188,6407.6,5
1788289189,6431.4,5
1788289190,6420.6,5
1788289191,6448.2,5
1788289192,6430.4,5
1788289193,6415.4,5
1788289194,6397.8,5
1788289195,13086.8,4
1788289196,20362.8,5
1788289197,18521.8,5
1788289198,17615.8,5
1788289199,16825.8,5
1788289200,16463.8,5
1788289201,15852.2,5
1788289202,15456.6,5
1788289203,15203.0,5
1788289204,15010.0,5
1788289205,14875.8,5
1788289206,14777.2,4
1788289207,14717.4,5
1788289208,14638.0,5
1788289209,14576.6,5
1788289210,14555.2,5
1788289211,14521.8,5
1788289212,14479.2,5
1788289213,14426.6,5
1788289214,14406.4,5
1788289215,14387.6,5
1788289216,14336.0,4
1788289217,14284.2,5
1788289218,14207.6,5
1788289219,14081.8,5
1788289220,13984.2,5
1788289221,14017.4,5
1788289222,13910.4,5
1788289223,13668.4,5
1788289224,13634.4,5
1788289225,13524.2,5
1788289226,13486.8,4
1788289227,13439.4,5
1788289228,13358.8,5
1788289229,13300.8,5
1788289230,13251.0,5
1788289231,13168.8,5
1788289232,13099.4,5
1788289233,13054.0,5
1788289234,13002.6,5
1788289235,12971.8,4
1788289236,12910.6,5
1788289237,13067.4,5
1788289238,12667.8,5
1788289239,12559.6,5
1788289240,12478.0,5
1788289241,12375.2,5
1788289242,12293.6,5
1788289243,8056.8,5
1788289244,8357.8,4
1788289245,7948.0,5
1788289246,7946.6,5
1788289247,7659.2,5
1788289248,7650.0,5
1788289249,7551.0,5
1788289250,6984.8,5
1788289251,6708.8,5
1788289252,6653.4,5
1788289253,6685.0,5
1788289254,6653.6,5
1788289255,6615.0,4
1788289256,6607.8,5
1788289257,6612.4,5
1788289258,6642.6,5
1788289259,6643.2,5
1788289260,6888.0,5
1788289261,6609.0,5
1788289262,6647.2,5
1788289263,6603.4,5
1788289264,6619.2,5
1788289265,6598.8,4
1788289266,6615.4,5
1788289267,6597.4,5
1788289268,6510.6,5
1788289269,6490.4,5
1788289270,6426.6,5
1788289271,6511.2,5
1788289272,6466.0,5
1788289273,6490.0,5
1788289274,6409.8,5
1788289275,6454.5,4
1788289276,6474.0,5
1788289277,6427.2,5
1788289278,6463.6,5
1788289279,6427.2,5
1788289280,6414.6,5
1788289281,6415.8,5
1788289282,6432.8,5
1788289283,6429.8,5
1788289284,6446.8,5
1788289285,6418.0,5
1788289286,6434.5,4
1788289287,6521.2,5
1788289288,6463.0,5
1788289289,6456.8,5
1788289290,6416.6,5
1788289291,10733.0,5
1788289292,19526.2,5
1788289293,18884.0,5
1788289294,17857.8,5
1788289295,17477.6,5
1788289296,16993.0,4
1788289297,16727.6,5
1788289298,16257.6,5
1788289299,16055.2,5
1788289300,15871.8,5
1788289301,15605.0,5
1788289302,15455.4,5
1788289303,15334.8,5
1788289304,15218.8,5
1788289305,15132.4,5
1788289306,15065.6,5
1788289307,14895.8,4
1788289308,14799.2,5
1788289309,14841.8,5
1788289310,14744.8,5
1788289311,14616.8,5
1788289312,14547.4,5
1788289313,14610.0,5
1788289314,14622.0,5
1788289315,14541.4,5
1788289316,14540.8,4
1788289317,14468.8,5
1788289318,14410.8,5
1788289319,14307.0,5
1788289320,14372.2,5
1788289321,14279.0,5
1788289322,14328.6,5
1788289323,14261.6,5
1788289324,14120.8,5
1788289325,14213.0,5
1788289326,14214.0,4
1788289327,14196.2,5
1788289328,14165.0,5
1788289329,14141.6,5
1788289330,14099.8,5
1788289331,14061.4,5
1788289332,14151.8,5
1788289333,14082.0,5
1788289334,14064.2,5
1788289335,14073.6,5
1788289336,13940.0,4
1788289337,7016.8,5
1788289338,6090.2,5
1788289339,6103.6,5
1788289340,6106.4,5
1788289341,6073.2,5
1788289342,6084.4,5
1788289343,6107.2,5
1788289344,6071.6,5
1788289345,6052.8,4
1788289346,5997.8,5
1788289347,6081.2,5
1788289348,6035.6,5
1788289349,6109.8,5
1788289350,6096.4,5
1788289351,6198.2,5
1788289352,6099.4,5
1788289353,6137.8,5
1788289354,6108.6,5
1788289355,6120.2,5
1788289356,6118.2,4
1788289357,6108.4,5
1788289358,6083.6,5
1788289359,6110.4,5
1788289360,6082.8,5
1788289361,6112.2,5
1788289362,6082.2,5
1788289363,6079.8,5
1788289364,6101.2,5
1788289365,6056.2,4
1788289366,6077.6,5
1788289367,6081.4,5
1788289368,6046.6,5
1788289369,5992.0,5
1788289370,5946.8,5
1788289371,5968.8,5
1788289372,5989.4,5
1788289373,5960.2,5
1788289374,5978.2,5
1788289375,5970.2,5
1788289376,5969.8,4
1788289377,5992.8,5
1788289378,5977.0,5
1788289379,5938.4,5
1788289380,6171.8,5
1788289381,5923.4,5
1788289382,5964.0,5
1788289383,5965.8,5
1788289384,5947.2,5
1788289385,5940.4,5
1788289386,5953.5,4
1788289387,5949.8,5
1788289388,5921.0,5
1788289389,5935.2,5
1788289390,5951.2,5
1788289391,5927.6,5
1788289392,5954.0,5
1788289393,5964.2,5
1788289394,5943.8,5
1788289395,5916.0,5
1788289396,16852.8,4
1788289397,19439.6,5
1788289398,17796.4,5
1788289399,17274.0,5
1788289400,16463.0,5
1788289401,15903.2,5
1788289402,15559.4,5
1788289403,15370.2,5
1788289404,15103.0,5
1788289405,14999.2,4
1788289406,14784.0,5
1788289407,14621.6,5
1788289408,14598.8,5
1788289409,14379.2,5
1788289410,14268.2,5
1788289411,14128.4,5
1788289412,14125.6,5
1788289413,14044.8,5
1788289414,13985.2,5
1788289415,13931.0,4
1788289416,13828.4,5
1788289417,13832.6,5
1788289418,13812.0,5
1788289419,13751.6,5
1788289420,13675.2,5
1788289421,13589.0,5
1788289422,13569.8,5
1788289423,13587.2,5
1788289424,13523.2,4
1788289425,13465.8,5
1788289426,13429.8,5
1788289427,13435.2,5
1788289428,13361.2,5
1788289429,13377.0,5
1788289430,13350.2,5
1788289431,13306.6,5
1788289432,13292.0,5
1788289433,13252.5,4
1788289434,13268.4,5
1788289435,13265.4,5
1788289436,13253.8,5
1788289437,13218.0,5
1788289438,13150.6,5
1788289439,13214.4,5
1788289440,13142.4,5
1788289441,8416.6,5
1788289442,6580.6,5
1788289443,6628.2,4
1788289444,6597.0,5
1788289445,6606.8,5
1788289446,6546.8,5
1788289447,6482.4,5
1788289448,6588.8,5
1788289449,6503.6,5
1788289450,6589.8,5
1788289451,6465.4,5
1788289452,6503.8,5
1788289453,6495.8,4
1788289454,6510.0,5
1788289455,6487.0,5
1788289456,6487.4,5
1788289457,6471.2,5
1788289458,6495.8,5
1788289459,6474.0,5
1788289460,6446.4,5
1788289461,6456.4,5
1788289462,6465.8,5
1788289463,6460.6,5
1788289464,6447.8,4
1788289465,6467.0,5
1788289466,6494.0,5
1788289467,6467.2,5
1788289468,6430.4,5
1788289469,6425.8,5
1788289470,6531.2,5
1788289471,8299.0,5
1788289472,6439.6,5
1788289473,6429.8,5
1788289474,6428.2,4
1788289475,6430.2,5
1788289476,6444.0,5
1788289477,6408.6,5
1788289478,6414.6,5
1788289479,6427.8,5
1788289480,6411.4,5
1788289481,6446.4,5
1788289482,6426.4,5
1788289483,6437.8,5
1788289484,6400.0,4
1788289485,6938.6,5
1788289486,6413.0,5
1788289487,6699.6,5
1788289488,6432.2,5
1788289489,6447.2,5
1788289490,6648.4,5
1788289491,6443.6,5
1788289492,6413.0,5
1788289493,6410.4,5
1788289494,6428.2,5
1788289495,6430.2,4
1788289496,6424.2,5
1788289497,7432.8,5
1788289498,21074.2,5
1788289499,19008.4,5
1788289500,18244.8,5
1788289501,17310.4,5
1788289502,16890.0,5
1788289503,16529.2,5
1788289504,16412.5,4
1788289505,15955.8,5
1788289506,15820.0,5
1788289507,15667.6,5
1788289508,15552.4,5
1788289509,15326.4,5
1788289510,15276.2,5
1788289511,15104.8,5
1788289512,15038.4,5
1788289513,15031.6,5
1788289514,14939.2,4
1788289515,14831.0,5
1788289516,14746.6,5
1788289517,14723.0,5
1788289518,14692.0,5
1788289519,14661.2,5
1788289520,14850.2,5
1788289521,14760.6,5
1788289522,14678.2,5
1788289523,14660.6,5
1788289524,14560.0,4
1788289525,14565.0,5
1788289526,14445.0,5
1788289527,14495.6,5
1788289528,14420.2,5
1788289529,14351.0,5
1788289530,14421.6,5
1788289531,14303.2,5
1788289532,14284.8,5
1788289533,14250.0,4
1788289534,14297.4,5
1788289535,14245.6,5
1788289536,14144.6,5
1788289537,14200.0,5
1788289538,14116.0,5
1788289539,14170.6,5
1788289540,14134.4,5
1788289541,14064.4,5
1788289542,14097.8,5
1788289543,14102.2,4
1788289544,11891.6,5
1788289545,6591.8,5
1788289546,6616.2,5
1788289547,6626.8,5
1788289548,6553.8,5
1788289549,6605.6,5
1788289550,6665.2,5
1788289551,7610.2,5
1788289552,7820.8,5
1788289553,8588.0,4
1788289554,8194.8,5
1788289555,8594.2,5
1788289556,8139.6,5
1788289557,8520.8,5
1788289558,8087.4,5
1788289559,8417.2,5
1788289560,7525.4,5
1788289561,7480.6,5
1788289562,7586.6,5
1788289563,7497.6,5
1788289564,6739.8,4
1788289565,6610.6,5
1788289566,6619.8,5
1788289567,6614.6,5
1788289568,6627.6,5
1788289569,6580.6,5
1788289570,6478.8,5
1788289571,6515.6,5
1788289572,6480.8,5
1788289573,6484.4,5
1788289574,6500.2,4
1788289575,6486.4,5
1788289576,6480.0,5
1788289577,6486.6,5
1788289578,6439.2,5
1788289579,6466.6,5
1788289580,6405.6,5
1788289581,6508.2,5
1788289582,6448.6,5
1788289583,6480.6,5
1788289584,6448.8,4
1788289585,6435.6,5
1788289586,6473.2,5
1788289587,6457.4,5
1788289588,6462.2,5
1788289589,6449.4,5
1788289590,6460.0,5
1788289591,6465.2,5
1788289592,6493.8,5
1788289593,19369.0,5
1788289594,19325.2,4
1788289595,18092.4,5
1788289596,17544.8,5
1788289597,17118.8,5
1788289598,16711.4,5
1788289599,16461.0,5
1788289600,16022.2,5
1788289601,15905.6,5
1788289602,15742.6,5
1788289603,15441.8,5
1788289604,15313.0,4
1788289605,15336.8,5
1788289606,15099.2,5
1788289607,15041.2,5
1788289608,14866.2,5
1788289609,14903.6,5
1788289610,14808.0,5
1788289611,14672.0,5
1788289612,14606.0,5
1788289613,14620.2,5
1788289614,14603.5,4
1788289615,14544.2,5
1788289616,14600.2,5
1788289617,14485.6,5
1788289618,14517.2,5
1788289619,14414.4,5
1788289620,14417.4,5
1788289621,14304.4,5
1788289622,14469.8,5
1788289623,14180.2,5
1788289624,14229.8,4
1788289625,14188.4,5
1788289626,14277.6,5
1788289627,14183.8,5
1788289628,14133.0,5
1788289629,14192.6,5
1788289630,14108.8,5
1788289631,14029.4,5
1788289632,14014.2,5
1788289633,14182.6,5
1788289634,13956.8,4
1788289635,14047.0,5
1788289636,14543.2,5
1788289637,14523.2,5
1788289638,12692.2,5
1788289639,6546.2,5
1788289640,6226.8,5
1788289641,6231.0,5
1788289642,6120.2,5
1788289643,6559.5,4
1788289644,6067.2,5
1788289645,6009.6,5
1788289646,6133.6,5
1788289647,6091.0,5
1788289648,6045.2,5
1788289649,6049.2,5
1788289650,6104.8,5
1788289651,6146.2,5
1788289652,6169.0,5
1788289653,6118.8,4
1788289654,6146.0,5
1788289655,6119.8,5
1788289656,6118.2,5
1788289657,6180.4,5
1788289658,6114.4,5
1788289659,6120.6,5
1788289660,6144.6,5
1788289661,6214.2,5
1788289662,6111.6,5
1788289663,6090.6,5
1788289664,6147.0,4
1788289665,6105.8,5
1788289666,6130.2,5
1788289667,6104.8,5
1788289668,6113.0,5
1788289669,6101.2,5
1788289670,6077.8,5
1788289671,5962.4,5
1788289672,5989.6,5
1788289673,5937.6,5
1788289674,5986.6,5
1788289675,5953.0,4
1788289676,5994.0,5
1788289677,5957.0,5
1788289678,5959.2,5
1788289679,5952.8,5
1788289680,5953.6,5
1788289681,5942.4,5
1788289682,5956.2,5
1788289683,6013.4,5
1788289684,5982.6,5
1788289685,5991.8,4
1788289686,5961.2,5
1788289687,5941.4,5
1788289688,5984.6,5
1788289689,6003.0,5
1788289690,5959.2,5
1788289691,5974.0,5
1788289692,5944.0,5
1788289693,5991.8,5
1788289694,5944.6,5
1788289695,5946.2,5
1788289696,5953.0,4
1788289697,6436.2,5
1788289698,19970.0,5
1788289699,18467.2,5
1788289700,17515.6,5
1788289701,16672.2,5
1788289702,16177.8,5
1788289703,15634.4,5
1788289704,15539.8,5
1788289705,15202.0,4
1788289706,15017.2,5
1788289707,14812.8,5
1788289708,14654.4,5
1788289709,14446.4,5
1788289710,14384.6,5
1788289711,14310.6,5
1788289712,14169.2,5
1788289713,14139.2,5
1788289714,13998.6,5
1788289715,13932.8,4
1788289716,13902.0,5
1788289717,13889.0,5
1788289718,13752.2,5
1788289719,13729.4,5
1788289720,13785.6,5
1788289721,13554.2,5
1788289722,13578.6,5
1788289723,13550.4,5
1788289724,13511.8,4
1788289725,13473.6,5
1788289726,13435.8,5
1788289727,13413.2,5
1788289728,13346.8,5
1788289729,13334.4,5
1788289730,13316.4,5
1788289731,13313.6,5
1788289732,13271.8,5
1788289733,13240.0,4
1788289734,13215.2,5
1788289735,13189.2,5
1788289736,13188.6,5
1788289737,13166.6,5
1788289738,13122.6,5
1788289739,13112.6,5
1788289740,13143.6,5
1788289741,13107.2,5
1788289742,13061.2,4
1788289743,10691.8,5
1788289744,6583.8,5
1788289745,6589.2,5
1788289746,6560.4,5
1788289747,6612.8,5
1788289748,6538.4,5
1788289749,6541.0,5
1788289750,6500.4,5
1788289751,6587.8,5
1788289752,6479.2,4
1788289753,6496.0,5
1788289754,6523.2,5
1788289755,6521.8,5
1788289756,6478.8,5
1788289757,6508.8,5
1788289758,6469.0,5
1788289759,6476.8,5
1788289760,6449.8,5
1788289761,6486.0,5
1788289762,6482.8,4
1788289763,6460.2,5
1788289764,6475.6,5
1788289765,6459.0,5
1788289766,6469.8,5
1788289767,6472.4,5
1788289768,6535.6,5
1788289769,6445.0,5
1788289770,6442.2,5
1788289771,6432.4,5
1788289772,6388.2,4
1788289773,6429.8,5
1788289774,6465.6,5
1788289775,6421.2,5
1788289776,6423.0,5
1788289777,6445.2,5
1788289778,6461.2,5
1788289779,6423.2,5
1788289780,6413.4,5
1788289781,6415.2,5
1788289782,6410.4,5
1788289783,6419.2,4
1788289784,6420.4,5
1788289785,6408.4,5
1788289786,6426.6,5
1788289787,6444.4,5
1788289788,6431.4,5
1788289789,6404.0,5
1788289790,6411.6,5
1788289791,6433.4,5
1788289792,6404.4,5
1788289793,6404.2,4
1788289794,6402.8,5
1788289795,6398.2,5
1788289796,6438.0,5
1788289797,6410.2,5
1788289798,6394.8,5
1788289799,6492.2,5
1788289800,20882.8,5
1788289801,19091.6,5
1788289802,18288.8,5
1788289803,17394.8,4
1788289804,16895.2,5
1788289805,16529.2,5
1788289806,16401.4,5
1788289807,16019.4,5
1788289808,15770.4,5
1788289809,15677.0,5
1788289810,15438.4,5
1788289811,15321.4,5
1788289812,15227.0,5
1788289813,15141.0,4
1788289814,15074.8,5
1788289815,14962.8,5
1788289816,14909.8,5
1788289817,14869.4,5
1788289818,14757.8,5
1788289819,14672.8,5
1788289820,14650.6,5
1788289821,14602.8,5
1788289822,14765.2,5
1788289823,14732.2,4
1788289824,14755.2,5
1788289825,14623.2,5
1788289826,14527.6,5
1788289827,14490.6,5
1788289828,14538.2,5
1788289829,14357.8,5
1788289830,14336.0,5
1788289831,14330.4,5
1788289832,14238.5,4
1788289833,14236.4,5
1788289834,14280.2,5
1788289835,14254.6,5
1788289836,14180.0,5
1788289837,14170.4,5
1788289838,14237.0,5
1788289839,14088.6,5
1788289840,14139.0,5
1788289841,14089.8,5
1788289842,13999.5,4
1788289843,14126.0,5
1788289844,14055.8,5
1788289845,14065.0,5
1788289846,14052.0,5
1788289847,6822.8,5
1788289848,6631.2,5
1788289849,6664.4,5
1788289850,6585.8,5
1788289851,6586.5,4
1788289852,6603.2,5
1788289853,6628.2,5
1788289854,6641.4,5
1788289855,6617.0,5
1788289856,6609.2,5
1788289857,6611.0,5
1788289858,6621.0,5
1788289859,6625.8,5
1788289860,6566.8,5
1788289861,6788.4,5
1788289862,6600.5,4
1788289863,6571.8,5
1788289864,6574.4,5
1788289865,6574.0,5
1788289866,6593.4,5
1788289867,6658.8,5
1788289868,7752.2,5
1788289869,7699.6,5
1788289870,7536.8,5
1788289871,8035.2,5
1788289872,7911.5,4
1788289873,8616.4,5
1788289874,7475.2,5
1788289875,6769.6,5
1788289876,7345.8,5
1788289877,7938.2,5
1788289878,8185.4,5
1788289879,7495.4,5
1788289880,7357.6,5
1788289881,7440.8,5
1788289882,7323.8,4
1788289883,6623.6,5
1788289884,6482.8,5
1788289885,6449.2,5
1788289886,6435.2,5
1788289887,6466.8,5
1788289888,6423.8,5
1788289889,6430.0,5
1788289890,6458.0,5
1788289891,6435.2,5
1788289892,6406.6,5
1788289893,6434.5,4
1788289894,6425.2,5
1788289895,9107.4,5
1788289896,19639.4,5
1788289897,18462.2,5
1788289898,17610.4,5
1788289899,17133.8,5
1788289900,16579.6,5
1788289901,16313.0,5
1788289902,15958.2,5
1788289903,15816.5,4
1788289904,15575.8,5
1788289905,15432.2,5
1788289906,15310.8,5
1788289907,15176.6,5
1788289908,15049.4,5
1788289909,14945.8,5
1788289910,14850.0,5
1788289911,14730.8,5
1788289912,14687.2,5
1788289913,14558.8,4
1788289914,14546.4,5
1788289915,14475.4,5
1788289916,14466.2,5
1788289917,14436.8,5
1788289918,14507.2,5
1788289919,14447.0,5
1788289920,14449.4,5
1788289921,14396.2,5
1788289922,14252.4,5
1788289923,14217.2,4
1788289924,14192.0,5
1788289925,14199.4,5
1788289926,14086.4,5
1788289927,14123.4,5
1788289928,14011.2,5
1788289929,14255.4,5
1788289930,14072.4,5
1788289931,14013.2,5
1788289932,14038.6,5
1788289933,14062.0,4
1788289934,14019.2,5
1788289935,13949.4,5
1788289936,14020.8,5
1788289937,13947.8,5
1788289938,13997.4,5
1788289939,13982.4,5
1788289940,13868.0,5
1788289941,6852.6,5
1788289942,6091.0,4
1788289943,6096.4,5
1788289944,6157.6,5
1788289945,6106.2,5
1788289946,6037.6,5
1788289947,6042.8,5
1788289948,6047.8,5
1788289949,6054.2,5
1788289950,6005.4,5
1788289951,5987.6,5
1788289952,6028.0,4
1788289953,6092.4,5
1788289954,6120.2,5
1788289955,6150.4,5
1788289956,6099.6,5
1788289957,6124.8,5
1788289958,6156.2,5
1788289959,6095.2,5
1788289960,6076.8,5
1788289961,6118.0,5
1788289962,6081.8,5
1788289963,6058.2,4
1788289964,6067.8,5
1788289965,6115.2,5
1788289966,6100.0,5
1788289967,6051.8,5
1788289968,6067.8,5
1788289969,6093.4,5
1788289970,6091.4,5
1788289971,6065.6,5
1788289972,6030.0,5
1788289973,5952.2,4
1788289974,5984.8,5
1788289975,5954.4,5
1788289976,5941.8,5
1788289977,6006.8,5
1788289978,5941.8,5
1788289979,5972.4,5
1788289980,5962.8,5
1788289981,6148.6,5
1788289982,5945.2,5
1788289983,5942.2,4
1788289984,5949.0,5
1788289985,5927.2,5
1788289986,5948.4,5
1788289987,5901.4,5
1788289988,5975.6,5
1788289989,5916.4,5
1788289990,5903.8,5
1788289991,5922.8,5
1788289992,5975.0,5
1788289993,5935.5,4
1788289994,5988.8,5
1788289995,5928.8,5
1788289996,5911.6,5
1788289997,5951.6,5
1788289998,5909.6,5
1788289999,5896.8,5
1788290000,16868.2,5
1788290001,18956.2,5
1788290002,17693.8,5
1788290003,17019.5,4
1788290004,16261.0,5
1788290005,15933.0,5
1788290006,15510.0,5
1788290007,15406.0,5
1788290008,14977.6,5
1788290009,14895.0,5
1788290010,14646.8,5
1788290011,14527.4,5
1788290012,14352.0,5
1788290013,14379.0,4
1788290014,14250.2,5
1788290015,14120.0,5
1788290016,14033.4,5
1788290017,14023.6,5
1788290018,13927.8,5
1788290019,13884.2,5
1788290020,13766.8,5
1788290021,13720.2,5
1788290022,13631.5,4
1788290023,13765.0,5
1788290024,13579.6,5
1788290025,13521.8,5
1788290026,13500.8,5
1788290027,13470.4,5
1788290028,13441.6,5
1788290029,13408.4,5
1788290030,13341.6,5
1788290031,13336.5,4
1788290032,13344.6,5
1788290033,13333.8,5
1788290034,13293.4,5
1788290035,13261.2,5
1788290036,13254.6,5
1788290037,13225.6,5
1788290038,13221.6,5
1788290039,13198.8,5
1788290040,13133.8,4
1788290041,13131.8,5
1788290042,13097.8,5
1788290043,13110.6,5
1788290044,13070.8,5
1788290045,13118.4,5
1788290046,7264.6,5
1788290047,6594.2,5
1788290048,6566.0,5
1788290049,6545.2,5
1788290050,6516.5,4
1788290051,6542.8,5
1788290052,6543.0,5
1788290053,6509.2,5
1788290054,6541.6,5
1788290055,6473.2,5
1788290056,6562.0,5
1788290057,6517.4,5
1788290058,6493.0,5
1788290059,6501.2,5
1788290060,6448.5,4
1788290061,6492.2,5
1788290062,6476.8,5
1788290063,6490.4,5
1788290064,6472.8,5
1788290065,6474.2,5
1788290066,6457.8,5
1788290067,6478.6,5
1788290068,6466.0,5
1788290069,6433.0,5
1788290070,6462.2,4
1788290071,6437.4,5
1788290072,6428.4,5
1788290073,6442.6,5
1788290074,6465.4,5
1788290075,6446.8,5
1788290076,6443.8,5
1788290077,6464.0,5
1788290078,6432.8,5
1788290079,6426.2,5
1788290080,6435.0,5
1788290081,6456.0,4
1788290082,6426.6,5
1788290083,6428.6,5
1788290084,6414.2,5
1788290085,6473.0,5
1788290086,6420.8,5
1788290087,6396.2,5
1788290088,6422.2,5
1788290089,6414.2,5
1788290090,6464.0,4
1788290091,6415.2,5
1788290092,6447.4,5
1788290093,6404.0,5
1788290094,6418.6,5
1788290095,6451.2,5
1788290096,6400.0,5
1788290097,6399.4,5
1788290098,6446.0,5
1788290099,6426.8,5
1788290100,6416.0,4
1788290101,6413.8,5
1788290102,16823.2,5
1788290103,19503.2,5
1788290104,18420.6,5
1788290105,17411.8,5
1788290106,16897.8,5
1788290107,16493.0,5
1788290108,16274.6,5
1788290109,15863.6,5
1788290110,15780.8,4
1788290111,15531.0,5
1788290112,15432.0,5
1788290113,15306.0,5
1788290114,15128.0,5
1788290115,15085.0,5
1788290116,14931.6,5
1788290117,14875.0,5
1788290118,14887.4,5
1788290119,14789.6,5
1788290120,14655.6,5
1788290121,14599.5,4
1788290122,14602.2,5
1788290123,14500.2,5
1788290124,14691.2,5
1788290125,14694.8,5
1788290126,14608.4,5
1788290127,14495.8,5
1788290128,14551.2,5
1788290129,14432.0,5
1788290130,14370.2,4
1788290131,14351.4,5
1788290132,14350.6,5
1788290133,14287.2,5
1788290134,14331.6,5
1788290135,14147.6,5
1788290136,14281.4,5
1788290137,14201.4,5
1788290138,14119.8,5
1788290139,14172.8,5
1788290140,14128.8,4
1788290141,14101.8,5
1788290142,14071.2,5
1788290143,14085.2,5
1788290144,14035.4,5
1788290145,13971.0,5
1788290146,13977.6,5
1788290147,13926.6,5
1788290148,14012.6,5
1788290149,8106.5,4
1788290150,6670.2,5
1788290151,6668.2,5
1788290152,6615.2,5
1788290153,6575.2,5
1788290154,6583.2,5
1788290155,6656.2,5
1788290156,6647.4,5
1788290157,6640.8,5
1788290158,6631.0,5
1788290159,6653.0,5
1788290160,6615.5,4
1788290161,6588.6,5
1788290162,6606.4,5
1788290163,6578.6,5
1788290164,6577.8,5
1788290165,6600.2,5
1788290166,6603.2,5
1788290167,6565.4,5
1788290168,6579.8,5
1788290169,6594.2,5
1788290170,6567.8,5
1788290171,6557.8,4
1788290172,6565.8,5
1788290173,6599.6,5
1788290174,6542.8,5
1788290175,6446.0,5
1788290176,6443.6,5
1788290177,6488.8,5
1788290178,6417.6,5
1788290179,6480.2,5
1788290180,6401.6,5
1788290181,6452.5,4
1788290182,6495.8,5
1788290183,6415.8,5
1788290184,6417.8,5
1788290185,6448.4,5
1788290186,6433.2,5
1788290187,6429.4,5
1788290188,6461.6,5
1788290189,6403.2,5
1788290190,6440.2,5
1788290191,6435.5,4
1788290192,6641.6,5
1788290193,6472.4,5
1788290194,6413.8,5
1788290195,6398.6,5
1788290196,6426.8,5
1788290197,8686.8,5
1788290198,19438.6,5
1788290199,18949.6,5
1788290200,17918.8,5
1788290201,17352.0,4
1788290202,16992.8,5
1788290203,16623.0,5
1788290204,16439.0,5
1788290205,16030.0,5
1788290206,15699.0,5
1788290207,15627.8,5
1788290208,15492.8,5
1788290209,15359.6,5
1788290210,15133.6,5
1788290211,15072.2,4
1788290212,15007.8,5
1788290213,14850.0,5
1788290214,14738.8,5
1788290215,14777.6,5
1788290216,14652.8,5
1788290217,15358.0,5
1788290218,14933.0,5
1788290219,14980.4,5
1788290220,14958.4,5
1788290221,14843.0,4
1788290222,14646.8,5
1788290223,14559.6,5
1788290224,14440.8,5
1788290225,14300.6,5
1788290226,13922.0,5
1788290227,14012.8,5
1788290228,14040.4,5
1788290229,14045.4,5
1788290230,13684.4,5
1788290231,13656.8,4
1788290232,13700.0,5
1788290233,13713.0,5
1788290234,13721.6,5
1788290235,13876.2,5
1788290236,13862.6,5
1788290237,13844.0,5
1788290238,13851.8,5
1788290239,13779.6,5
1788290240,13883.4,5
1788290241,11104.5,4
1788290242,1114.8,5
1788290243,64.2,5
1788290244,55.4,5
1788290245,25.0,5
1788290246,39.5,4
1788290247,37.4,5
1788290248,30.6,5
1788290249,26.8,5
1788290250,31.2,4
1788290251,27.6,5
1788290252,35.6,5
1788290253,33.4,5
1788290254,28.8,5
1788290255,30.0,4
1788290256,64.0,5
1788290257,25.8,5
1788290258,66.0,5
1788290259,30.0,4
1788290260,39.4,5
1788290261,38.2,5
1788290262,47.6,5
1788290263,30.0,4
1788290264,32.6,5
1788290265,28.0,5
1788290266,33.2,5
1788290267,31.6,5
1788290268,28.8,4
1788290269,26.8,5
1788290270,27.4,5
1788290271,29.8,5
1788290272,60.0,4
1788290273,26.8,5
1788290274,33.6,5
1788290275,26.8,5
1788290276,30.6,5
1788290277,27.2,4
1788290278,25.8,5
1788290279,28.8,5
1788290280,34.2,5
1788290281,32.0,4
1788290282,23.8,5
1788290283,28.8,5
1788290284,28.8,5
1788290285,27.5,4
1788290286,44.8,5
1788290287,30.6,5
1788290288,32.2,5
1788290289,25.8,5
1788290290,29.8,4
1788290291,26.0,5
1788290292,157.2,5
1788290293,242.4,5
1788290294,144.2,4
1788290295,36.4,5
1788290296,56.4,5
1788290297,40.0,5
1788290298,56.0,5
1788290299,71.0,4
1788290300,29.6,5
1788290301,123.0,5
1788290302,28.6,5
1788290303,281.8,4
1788290304,635.2,5
1788290305,107.6,5
1788290306,41.2,5
1788290307,167.8,4
1788290308,28.8,5
1788290309,2334.4,5
1788290310,3674.2,5
1788290311,81.0,5
1788290312,66.8,5
1788290313,33.5,4
1788290314,25.6,5
1788290315,30.8,5
1788290316,44.2,5
1788290317,28.8,4
1788290318,26.8,5
1788290319,27.6,5
1788290320,29.6,5
1788290321,63.6,5
1788290322,65.2,4
1788290323,24.8,5
1788290324,53.4,5
1788290325,30.6,5
1788290326,41.0,4
1788290327,30.6,5
1788290328,29.6,5
1788290329,27.6,5
1788290330,29.4,5
1788290331,33.2,4
1788290332,57.2,5
1788290333,27.4,5
1788290334,28.8,5
1788290335,34.8,4
1788290336,35.2,5
1788290337,25.8,5
1788290338,27.6,5
1788290339,33.8,5
1788290340,31.0,4
1788290341,26.0,5
1788290342,557.4,5
1788290343,27.6,5
1788290344,3783.2,4
1788290345,4129.6,5
1788290346,5058.6,5
1788290347,5587.4,5
1788290348,5387.2,5
1788290349,5524.4,5
1788290350,2235.8,5
1788290351,29.0,5
1788290352,27.5,4
1788290353,31.4,5
1788290354,32.4,5
1788290355,26.8,5
1788290356,42.0,4
1788290357,36.4,5
1788290358,28.0,5
1788290359,26.8,5
1788290360,31.6,5
1788290361,30.0,4
1788290362,25.0,5
1788290363,29.6,5
1788290364,27.6,5
1788290365,29.8,4
1788290366,34.4,5
1788290367,29.6,5
1788290368,35.4,5
1788290369,29.6,5
1788290370,23.8,4
1788290371,32.4,5
1788290372,43.0,5
1788290373,27.8,5
1788290374,28.8,4
1788290375,31.6,5
1788290376,93.0,5
1788290377,28.4,5
1788290378,3042.2,5
1788290379,3172.0,4
1788290380,114.8,5
1788290381,33.8,5
1788290382,34.2,5
1788290383,49.8,5
1788290384,27.5,4
1788290385,31.6,5
1788290386,32.2,5
1788290387,28.8,5
1788290388,27.5,4
1788290389,28.8,5
1788290390,32.8,5
1788290391,29.4,5
1788290392,29.4,5
1788290393,63.2,4
1788290394,27.6,5
1788290395,38.2,5
1788290396,32.4,5
1788290397,38.0,4
1788290398,26.0,5
1788290399,25.6,5
1788290400,100.4,5
1788290401,28.5,4
1788290402,132.4,5
1788290403,30.6,5
1788290404,32.4,5
1788290405,28.5,4
1788290406,52.6,5
1788290407,29.6,5
1788290408,29.6,5
1788290409,26.6,5
1788290410,27.5,4
1788290411,33.6,5
1788290412,25.8,5
1788290413,27.6,5
1788290414,28.8,4
1788290415,29.6,5
1788290416,34.6,5
1788290417,27.8,5
1788290418,31.4,5
1788290419,26.0,4
1788290420,30.6,5
1788290421,29.8,5
1788290422,28.8,5
1788290423,29.8,4
1788290424,27.6,5
1788290425,26.8,5
1788290426,38.2,5
1788290427,30.2,4
1788290428,25.0,5
1788290429,29.6,5
1788290430,30.4,5
1788290431,28.8,5
1788290432,32.5,4
1788290433,32.4,5
1788290434,29.6,5
1788290435,28.8,5
1788290436,43.2,4
1788290437,28.8,5
1788290438,27.8,5
1788290439,64.6,5
1788290440,34.2,5
1788290441,21.5,4
1788290442,28.6,5
1788290443,58.0,5
1788290444,28.6,5
1788290445,28.8,4
1788290446,33.4,5
1788290447,29.6,5
1788290448,31.4,5
1788290449,25.0,4
1788290450,28.6,5
1788290451,144.2,5
1788290452,29.4,5
1788290453,53.4,5
1788290454,25.0,4
1788290455,32.4,5
1788290456,35.4,5
1788290457,30.6,5
1788290458,37.0,4
1788290459,26.6,5
1788290460,76.8,5
1788290461,31.4,5
1788290462,32.6,5
1788290463,26.2,4
1788290464,28.6,5
1788290465,26.8,5
1788290466,45.0,5
1788290467,26.2,4
1788290468,24.0,5
1788290469,70.2,5
1788290470,28.8,5
1788290471,219.8,5
1788290472,67.5,4
1788290473,29.6,5
1788290474,31.6,5
1788290475,44.6,5
1788290476,33.2,4
1788290477,33.6,5
1788290478,107.8,5
1788290479,25.8,5
1788290480,242.4,5
1788290481,71.0,4
1788290482,27.8,5
1788290483,30.6,5
1788290484,29.4,5
1788290485,27.2,4
1788290486,28.8,5
1788290487,36.4,5
1788290488,68.2,5
1788290489,29.6,5
1788290490,163.2,4
1788290491,36.2,5
1788290492,106.2,5
1788290493,31.6,5
1788290494,28.6,5
1788290495,121.2,4
1788290496,167.6,5
1788290497,32.4,5
1788290498,31.4,5
1788290499,31.0,4
1788290500,26.6,5
1788290501,30.6,5
1788290502,30.6,5
1788290503,38.2,4
1788290504,49.8,5
1788290505,33.6,5
1788290506,30.6,5
1788290507,34.6,5
1788290508,32.2,4
1788290509,30.6,5
1788290510,47.0,5
1788290511,48.8,5
1788290512,31.0,4
1788290513,27.8,5
1788290514,53.6,5
1788290515,70.4,5
1788290516,37.4,5
1788290517,58.2,4
1788290518,1660.0,5
1788290519,4107.4,5
1788290520,126.2,5
1788290521,388.4,5
1788290522,266.8,4
1788290523,26.4,5
1788290524,30.6,5
1788290525,41.8,5
1788290526,37.0,4
1788290527,42.0,5
1788290528,2605.6,5
1788290529,1977.2,5
1788290530,977.6,5
1788290531,1221.6,5
1788290532,1104.5,4
1788290533,2853.0,5
1788290534,6405.6,5
1788290535,7280.4,5
1788290536,9362.0,5
1788290537,5967.4,5
1788290538,4462.8,5
1788290539,6295.6,5
1788290540,6278.4,5
1788290541,5659.0,5
1788290542,8050.8,5
1788290543,8366.6,5
1788290544,9329.8,4
1788290545,11101.2,5
1788290546,10243.6,5
1788290547,10423.8,5
1788290548,12101.6,5
1788290549,10418.8,5
1788290550,5104.2,5
1788290551,859.6,5
1788290552,1471.6,5
1788290553,1011.8,4
1788290554,971.4,5
1788290555,896.6,5
1788290556,938.6,5
1788290557,604.8,5
1788290558,3610.0,5
1788290559,4004.6,5
1788290560,1968.8,4
1788290561,4414.2,5
1788290562,5133.4,5
1788290563,5220.2,5
1788290564,5219.8,5
1788290565,5067.4,5
1788290566,5050.0,5
1788290567,5437.4,5
1788290568,5157.0,5
1788290569,5064.2,5
1788290570,5083.0,5
1788290571,5270.6,5
1788290572,8253.8,4
1788290573,7982.0,5
1788290574,4940.8,5
1788290575,5119.6,5
1788290576,4131.0,5
1788290577,6535.4,5
1788290578,3961.8,5
1788290579,179.4,5
1788290580,280.2,5
1788290581,113.8,4
1788290582,781.8,5
1788290583,462.6,5
1788290584,170.2,5
1788290585,144.0,5
1788290586,143.2,4
1788290587,138.4,5
1788290588,215.6,5
1788290589,153.6,5
1788290590,160.0,5
1788290591,241.5,4
1788290592,254.0,5
1788290593,445.0,5
1788290594,600.8,5
1788290595,465.0,5
1788290596,167.4,5
1788290597,158.4,5
1788290598,219.8,4
1788290599,314.6,5
1788290600,433.2,5
1788290601,428.4,5
1788290602,762.2,5
1788290603,253.8,5
1788290604,336.5,4
1788290605,418.6,5
1788290606,438.2,5
1788290607,4035.4,5
1788290608,4587.4,5
1788290609,8038.0,2
